Country,State,District,Year,Women Age Group 15 To 19 Years Who Are Anaemic (%) (UOM:%(Percentage)),Women Age Group 15 To 49 Years Who Are Anaemic (%) (UOM:%(Percentage)),Married Women Age Group 15 To 49 Years Use Any Family Planning Methods (%) (UOM:%(Percentage)),Married Women Age Group 15 To 49 Years Any Modern Family Planning Method (%) (UOM:%(Percentage)),Average Out Of Pocket Expenditure For Each Delivery In Public Health Facility (UOM:INR(IndianRupees)),Births Attended By Skilled Health Personnel (%) (UOM:%(Percentage)),Births Delivered By Caesarean Section (%) (UOM:%(Percentage)),Births In Private Health Facility Delivered By Caesarean Section (%) (UOM:%(Percentage)),Births In Public Health Facility Delivered By Caesarean Section (%) (UOM:%(Percentage)),Births In The 5 Years Preceding The Survey That Are Third Or Higher Order (%) (UOM:%(Percentage)),Breastfeeding Children Age Group 6 To 23 Months Receiving An Adequate Diet (%) (UOM:%(Percentage)),Children Age Group 12 To 23 Months Fully Vaccinated Based On Information From Either Vaccination Card Or Mothers Recall (%) (UOM:%(Percentage)),Children Age Group 12 To 23 Months Fully Vaccinated Based On Information From Vaccination Card Only (%) (UOM:%(Percentage)),Children Age Group 12 To 23 Months Who Have Received 3 Doses Of Penta Or Diphtheria Tetanus Toxoids And Pertussis ( Dtp ) Vaccine (%) (UOM:%(Percentage)),Children Age Group 12 To 23 Months Who Have Received 3 Doses Of Penta Or Hepatitis B Vaccine (%) (UOM:%(Percentage)),Children Age Group 12 To 23 Months Who Have Received 3 Doses Of Polio Vaccine (%) (UOM:%(Percentage)),Children Age Group 12 To 23 Months Who Have Received 3 Doses Of Rotavirus Vaccine (%) (UOM:%(Percentage)),Children Age Group 12 To 23 Months Who Have Received Bacillus Calmette Guerin ( Bcg) (%) (UOM:%(Percentage)),Children Age Group 12 To 23 Months Who Have Received The First Dose Of Measles Containing Vaccine ( Mcv ) (%) (UOM:%(Percentage)),Children Age Group 12 To 23 Months Who Received Most Of Their Vaccinations In A Private Health Facility (%) (UOM:%(Percentage)),Children Age Group 12 To 23 Months Who Received Most Of Their Vaccinations In A Public Health Facility (%) (UOM:%(Percentage)),Children Age Group 24 To 35 Months Who Have Received A Second Dose Of Measles Containing Vaccine ( Mcv ) (%) (UOM:%(Percentage)),Children Age 5 Years Who Attended Pre-Primary School During The Year 2019-20 (%) (UOM:%(Percentage)),Children Age Group 6 To 59 Months Who Are Anaemic (%) (UOM:%(Percentage)),Children Age Group 6 To 8 Months Receiving Solid Or Semisolid Food And Breastmilk (%) (UOM:%(Percentage)),Children Age Group 9 To 35 Months Who Received Vitamin A Dose In The Last 6 Months (%) (UOM:%(Percentage)),Children Born At Home Who Were Taken To A Health Facility For A Check-Up Within 24 Hours Of Birth (%) (UOM:%(Percentage)),Children Under 5 Years Who Are Overweight ( Weight-For-Height ) (%) (UOM:%(Percentage)),Children Under 5 Years Who Are Severely Wasted ( Weight-For-Height ) (%) (UOM:%(Percentage)),Children Under 5 Years Who Are Stunted ( Height-For-Age ) (%) (UOM:%(Percentage)),Children Under 5 Years Who Are Underweight ( Weight-For-Age ) (%) (UOM:%(Percentage)),Children Under 5 Years Who Are Wasted ( Weight-For-Height ) (%) (UOM:%(Percentage)),Children Under Age 3 Years Breastfed Within One Hour Of Birth (%) (UOM:%(Percentage)),Children Under Age 5 Years Whose Birth Was Registered With The Civil Authority (%) (UOM:%(Percentage)),Children Under Age 6 Months Exclusively Breastfed (%) (UOM:%(Percentage)),Children Who Received Postnatal Care From A Doctor Or Nurse Or Lady Health Visitor ( Lhv ) Or Auxiliary Nurse Midwifery ( Anm ) Or Midwife Or Other Health Personnel Within 2 Days Of Delivery (%) (UOM:%(Percentage)),Children With Diarrhoea In The 2 Weeks Preceding The Survey Taken To A Health Facility Or Health Provider (%) (UOM:%(Percentage)),Children With Diarrhoea In The 2 Weeks Preceding The Survey Who Received Oral Rehydration Salts (%) (UOM:%(Percentage)),Children With Diarrhoea In The 2 Weeks Preceding The Survey Who Received Zinc (%) (UOM:%(Percentage)),Children With Fever Or Symptoms Of Acute Respiratory Infection In The 2 Weeks Preceding The Survey Taken To A Health Facility Or Health Provider (%) (UOM:%(Percentage)),Married Women Using Condom In The Age Group Of 15 To 49 Years (%) (UOM:%(Percentage)),Current Users Ever Told About Side Effects Of Current Method (%) (UOM:%(Percentage)),Deaths In The Last 3 Years Registered With The Civil Authority (%) (UOM:%(Percentage)),Women Who Have Ever Undergone A Breast Examination For Breast Cancer (%) (UOM:%(Percentage)),Women-Ever Undergone A Screening Test For Cervical Cancer (%) (UOM:%(Percentage)),Women-Ever Undergone An Oral Cavity Examination For Oral Cancer (%) (UOM:%(Percentage)),Female Population Age 6 Years And Above Who Ever Attended School (%) (UOM:%(Percentage)),Female Sterilization Married Women-15 To 49 Years (%) (UOM:%(Percentage)),Health Worker Ever Talked To Female Non-Users About Family Planning (%) (UOM:%(Percentage)),Home Births That Were Conducted By Skilled Health Personnel (%) (UOM:%(Percentage)),Households Using Clean Fuel For Cooking (%) (UOM:%(Percentage)),Households Using Iodized Salt (%) (UOM:%(Percentage)),Population And Household Profile-Households With Any Usual Member Covered Under A Health Insurance Or Financing Scheme (%) (UOM:%(Percentage)),Married Women Age Group 15 To 49 Years Using Intrauterine Device ( Iud ) Or Postpartum Intrauterine Contraceptive Device ( Ppiud ) As Family Planning Methods (%) (UOM:%(Percentage)),Married Women Age Group 15 To 49 Years Using Injectables As One Of The Family Planning Methods (%) (UOM:%(Percentage)),Institutional Births (%) (UOM:%(Percentage)),Institutional Births In Public Facility (%) (UOM:%(Percentage)),Married Women Of Age 15 To 49 Years Using Male Sterlization As One Of The Family Planning Methods (%) (UOM:%(Percentage)),Men Age Group 15 Years And Above Who Consume Alcohol (%) (UOM:%(Percentage)),Men Age Group 15 Years And Above Who Use Any Kind Of Tobacco (%) (UOM:%(Percentage)),Men Suffering From High Blood Sugar Level (%) (UOM:%(Percentage)),Men Suffering From High Or Very High Blood Sugar Level (%) (UOM:%(Percentage)),Men Suffering From Very High Blood Sugar Level (%) (UOM:%(Percentage)),Elevated Blood Pressure Or Taking Medicine To Control Blood Pressure (%) (UOM:%(Percentage)),Men-Mildly Elevated Blood Pressure (%) (UOM:%(Percentage)),Moderately Or Severely Elevated Blood Pressure (%) (UOM:%(Percentage)),Mothers Who Consumed Iron Folic Acid For 100 Days Or More When They Were Pregnant (%) (UOM:%(Percentage)),Mothers Who Consumed Iron Folic Acid For 180 Days Or More When They Were Pregnant (%) (UOM:%(Percentage)),Mothers Who Had An Antenatal Check-Up In The First Trimester (%) (UOM:%(Percentage)),Mothers Who Had At Least 4 Antenatal Care Visits (%) (UOM:%(Percentage)),Mothers Who Received Postnatal Care From A Doctor Or Nurse Or Lady Health Visitor ( Lhv ) Or Auxiliary Nurse Midwifery ( Anm ) Or Midwife Or Other Health Personnel Within 2 Days Of Delivery (%) (UOM:%(Percentage)),Mothers Whose Last Birth Was Protected Against Neonatal Tetanus (%) (UOM:%(Percentage)),Non-Breastfeeding Children Age Group 6 To 23 Months Receiving An Adequate Diet (%) (UOM:%(Percentage)),Non-Pregnant Women Age Group 15 To 49 Years Who Are Anaemic (%) (UOM:%(Percentage)),Currently Married Women Age Group 15 To 49 Years Consuming Pill (%) (UOM:%(Percentage)),Population Below Age 15 Years (%) (UOM:%(Percentage)),Population Living In Households That Use An Improved Sanitation Facility (%) (UOM:%(Percentage)),Population Living In Households With An Improved Drinking Water Source (%) (UOM:%(Percentage)),Population Living In Households With Electricity (%) (UOM:%(Percentage)),Pregnant Women Age Group 15 To 49 Years Who Are Anaemic (%) (UOM:%(Percentage)),Prevalence Of Diarrhoea In The 2 Weeks Preceding The Survey (%) (UOM:%(Percentage)),Prevalence Of Symptoms Of Acute Respiratory Infection ( Ari ) In The 2 Weeks Preceding The Survey (%) (UOM:%(Percentage)),Registered Pregnancies For Which The Mother Received A Mother And Child Protection Card ( Mcp )(%) (UOM:%(Percentage)),"Population And Household Profile-Sex Ratio At Birth For Children Born In The Last Five Years (Females Per 1,000 Males) (UOM:Number)","Population And Household Profile-Sex Ratio Of The Total Population (Females Per 1,000 Males) (UOM:Number)",Children Age Group 6 To 23 Months Receiving An Adequate Diet (%) (UOM:%(Percentage)),Married Women Age Group 15 To 49 Years Unmet Need For Family Planning (%) (UOM:%(Percentage)),Women Unmet Need For Spacing (%) (UOM:%(Percentage)),Women Age 15 Years And Above Who Consume Alcohol (%) (UOM:%(Percentage)),Women Age 15 Years And Above Who Use Any Kind Of Tobacco (%) (UOM:%(Percentage)),Women Age Group 15 To 19 Years Who Were Already Mothers Or Pregnant At The Time Of The Survey (%) (UOM:%(Percentage)),Women Age Group 15 To 24 Years Who Use Hygienic Methods Of Protection During Their Menstrual Period (%) (UOM:%(Percentage)),Women Age Group 20 To 24 Years Married Before Age 18 Years (%) (UOM:%(Percentage)),Women Age Group 15 To 49 Years Who Are Literate (%) (UOM:%(Percentage)),Women Who Are Overweight Or Obese (%)  (UOM:%(Percentage)),Women Who Have High Risk Waist-To-Hip Ratio (%) (UOM:%(Percentage)),Women With Body Mass Index (Bmi) Below Normal (%) (UOM:%(Percentage)),Women With 10 Or More Years Of Schooling (%) (UOM:%(Percentage)),Women Suffering From High Blood Sugar Level (%) (UOM:%(Percentage)),Women Suffering From High Or Very High Blood Sugar Level (%) (UOM:%(Percentage)),Women Suffering From Very High Blood Sugar Level (%) (UOM:%(Percentage)),Women Suffering From Elevated Blood Pressure (%) (UOM:%(Percentage)),Women-Mildly Elevated Blood Pressure (%) (UOM:%(Percentage)),Women-Moderately Or Severely Elevated Blood Pressure (%) (UOM:%(Percentage))
India,Arunachal Pradesh,Longding,"Calendar Year (Jan - Dec), 2019",37.700,34.100,68.600,49.000,3778.000,65.000,4.200,,5.100,0.900,22.600,52.700,75.200,59.700,59.700,52.700,34.100,74.500,61.500,0.000,85.800,14.900,0.000,38.400,,54.200,0.000,4.200,14.200,15.800,13.800,20.600,58.000,88.700,66.100,55.500,,,,,3.900,86.500,57.200,0.000,0.000,0.000,63.200,21.300,17.300,0.900,22.400,99.300,23.800,7.100,0.800,64.500,62.800,0.000,55.200,56.100,7.300,14.500,6.700,31.100,22.300,8.300,33.400,7.100,65.800,39.600,57.100,78.400,,35.000,16.000,29.900,83.500,62.500,97.400,19.100,0.500,0.800,97.000,961.000,926.000,20.000,7.300,4.500,21.800,16.000,2.200,92.000,7.900,70.200,13.700,62.000,4.000,27.700,5.300,10.500,4.900,20.500,15.700,4.100
India,Andaman And Nicobar Islands,South Andamans,"Calendar Year (Jan - Dec), 2019",43.200,57.700,57.100,50.500,3460.000,96.900,37.100,79.100,29.600,0.500,22.300,76.300,96.600,94.800,85.300,79.000,0.000,100.000,81.700,4.300,93.100,33.700,50.800,43.400,0.000,84.000,0.000,7.200,3.500,21.100,17.400,12.600,51.100,96.500,0.000,89.800,0.000,0.000,0.000,77.300,10.600,88.200,92.200,0.700,1.300,8.000,84.700,34.000,31.200,0.000,91.900,99.700,1.200,2.800,0.300,99.500,83.800,0.000,32.800,50.800,9.300,18.100,7.800,26.900,17.900,6.100,81.000,61.900,79.400,85.900,88.100,92.100,0.000,57.600,1.800,21.000,89.300,97.900,99.600,0.000,6.000,0.000,98.900,935.000,967.000,23.500,17.600,8.600,1.700,19.600,2.800,98.200,17.100,86.700,39.000,78.200,10.000,57.500,7.500,18.400,9.500,23.000,12.700,4.900
India,Arunachal Pradesh,Lower Dibang Valley,"Calendar Year (Jan - Dec), 2019",39.400,34.600,75.300,56.400,6112.000,93.700,11.000,,10.700,0.000,29.500,73.800,81.000,77.000,79.200,77.800,41.700,89.200,84.400,0.000,100.000,31.400,2.000,51.500,,67.100,,5.000,2.900,14.300,9.700,7.600,59.800,92.600,60.100,58.400,,,,,8.300,94.800,53.600,0.200,0.000,0.200,76.800,28.400,21.400,3.600,57.400,98.700,36.800,12.200,0.400,90.100,86.800,0.000,48.700,52.100,7.100,13.200,5.900,38.100,24.800,12.600,25.800,3.300,56.300,48.600,58.600,87.500,,35.300,3.900,24.500,89.900,99.500,84.400,19.600,2.800,1.000,97.200,884.000,1010.000,23.900,4.900,4.600,20.300,20.600,1.600,96.000,13.800,80.000,16.800,75.100,4.100,51.900,4.600,8.900,4.100,25.600,16.700,8.100
India,Andhra Pradesh,Spsr Nellore,"Calendar Year (Jan - Dec), 2019",68.600,59.400,71.900,71.700,1104.000,100.000,42.300,57.500,18.800,3.400,7.400,65.300,80.100,81.100,77.200,69.400,70.900,89.200,81.100,8.800,91.300,18.700,9.600,67.500,0.000,77.000,0.000,0.500,6.900,29.200,27.800,17.200,39.400,88.100,54.700,94.300,0.000,0.000,0.000,72.300,0.300,21.700,84.800,0.800,10.200,6.700,67.900,71.400,19.700,3.000,84.600,85.600,72.300,0.000,0.000,97.000,34.900,0.000,25.900,26.500,7.200,21.100,12.700,25.100,15.300,5.900,76.100,51.800,89.000,73.000,95.500,94.200,0.000,59.600,0.000,20.800,81.800,95.600,99.100,0.000,8.900,3.900,92.800,1011.000,1049.000,6.900,3.100,2.300,0.300,4.400,14.900,84.000,23.800,70.500,39.500,47.600,15.200,38.700,8.200,21.800,12.300,23.000,12.700,4.500
India,Arunachal Pradesh,Kamle,"Calendar Year (Jan - Dec), 2019",53.057,39.307,61.912,54.985,10210.742,89.051,19.066,,21.216,1.437,30.992,67.117,84.872,71.452,67.845,75.368,27.033,86.482,78.908,0.000,100.000,34.454,15.051,54.870,,66.643,0.000,12.733,6.579,32.583,11.527,11.716,53.766,86.573,12.101,62.783,,,,45.407,7.696,68.931,24.188,0.512,2.627,0.643,69.426,22.645,14.684,3.554,52.156,99.593,23.574,8.241,2.342,85.780,83.471,0.070,53.408,49.308,7.390,13.108,4.484,36.873,25.139,10.430,17.838,6.273,47.496,36.902,64.246,81.295,,39.687,12.648,23.636,82.213,97.050,94.466,27.062,6.246,3.305,94.278,1297.454,1027.113,25.355,11.263,4.278,24.965,18.565,5.517,92.494,19.360,69.914,23.765,72.820,3.829,44.216,4.492,8.315,3.160,25.606,17.288,7.066
India,Arunachal Pradesh,Leparada,"Calendar Year (Jan - Dec), 2019",37.837,33.319,49.601,43.220,12328.457,84.735,17.845,,20.710,1.736,18.661,61.399,67.464,82.213,76.970,65.239,31.649,91.914,85.547,0.000,100.000,26.490,11.523,52.377,,61.936,0.000,12.198,8.100,30.133,17.574,13.772,46.301,80.526,55.408,58.814,,,,35.985,5.118,62.132,14.403,0.100,0.445,0.355,68.052,16.300,17.415,4.218,45.972,99.637,24.265,7.509,2.328,81.144,78.163,0.000,57.084,49.371,6.594,10.923,3.300,39.440,27.156,10.931,16.130,5.455,42.725,31.173,59.263,75.228,,33.655,10.247,25.349,84.586,97.085,87.650,26.395,4.382,1.788,95.056,1094.345,1033.570,18.273,16.318,8.382,34.130,18.219,8.565,93.518,22.447,69.825,26.309,76.747,3.672,39.707,4.309,7.963,2.963,29.381,20.754,7.318
India,Andhra Pradesh,Visakhapatanam,"Calendar Year (Jan - Dec), 2019",58.900,58.000,68.000,67.700,2200.000,94.400,26.500,57.200,16.800,0.000,6.900,76.500,93.500,90.500,79.600,76.500,72.900,97.900,95.100,9.700,83.800,45.100,5.000,72.600,0.000,91.300,0.000,4.800,11.200,31.000,33.500,21.500,64.300,90.500,0.000,90.900,0.000,0.000,0.000,72.300,0.800,35.300,71.300,0.700,1.700,4.100,66.800,64.900,15.200,0.000,72.900,82.200,64.900,0.300,0.000,95.300,69.300,1.500,30.200,22.800,7.300,18.200,8.500,29.200,17.000,7.000,75.000,40.100,79.400,58.600,84.800,88.000,0.000,58.600,0.000,21.400,77.800,91.800,99.600,0.000,8.100,2.000,97.000,974.000,1066.000,11.800,4.800,2.400,1.300,6.300,9.500,85.700,25.400,69.500,23.800,58.000,17.400,46.000,6.100,17.000,8.600,23.900,12.100,5.900
India,Arunachal Pradesh,Lower Siang,"Calendar Year (Jan - Dec), 2019",38.366,32.616,43.629,37.549,13328.315,88.320,18.160,,18.125,2.145,21.634,52.458,62.496,80.401,74.894,58.169,27.504,89.733,84.505,0.000,100.000,24.155,16.060,48.230,,65.748,0.000,12.270,6.362,24.545,13.570,12.203,42.860,82.791,38.300,59.798,,,,36.661,6.755,56.102,21.444,0.145,0.715,0.580,75.041,14.895,15.400,2.635,55.005,99.455,28.338,6.794,0.735,87.391,82.321,0.000,50.197,47.390,7.744,11.862,3.786,39.776,27.808,10.726,10.575,4.621,45.178,32.156,58.834,73.441,,33.046,6.880,23.433,86.006,98.298,92.256,24.003,5.507,2.111,93.135,1105.464,1036.275,22.171,16.445,8.830,23.253,20.411,4.655,91.319,17.099,78.711,27.625,70.539,5.480,50.487,5.215,9.280,3.510,31.349,20.914,8.500
India,Arunachal Pradesh,Dibang Valley,"Calendar Year (Jan - Dec), 2019",67.700,62.900,69.100,49.700,7050.000,88.100,10.300,,6.900,1.300,10.100,90.700,91.200,90.700,84.000,90.700,57.900,97.300,90.700,3.400,96.600,31.300,3.200,88.600,,58.000,4.700,4.600,7.800,16.900,16.000,18.100,66.500,96.500,,58.300,,,,,5.600,88.500,28.900,0.400,0.300,0.800,67.600,23.900,24.100,3.500,49.300,99.600,28.700,9.500,1.200,85.500,78.800,0.000,64.300,55.400,5.500,12.200,6.200,45.400,28.800,15.500,25.400,8.100,60.700,40.400,66.200,85.200,,64.300,8.200,22.100,95.000,100.000,79.200,39.000,3.900,0.700,95.800,1054.000,983.000,11.000,4.600,3.400,27.900,20.300,0.700,88.600,20.700,76.600,21.700,82.100,3.800,43.200,3.500,9.400,5.200,32.200,20.600,10.600
India,Andhra Pradesh,Kurnool,"Calendar Year (Jan - Dec), 2019",61.100,58.600,70.000,70.000,2094.000,90.600,32.900,64.500,17.200,3.000,9.600,67.000,80.400,86.300,76.600,69.000,69.100,95.900,84.100,0.000,100.000,22.300,5.500,70.800,0.000,79.100,0.000,1.100,6.000,50.500,46.300,16.700,67.200,86.100,78.100,87.300,0.000,0.000,0.000,73.100,0.400,22.200,77.900,0.200,2.300,2.900,55.200,69.500,20.700,2.000,78.100,70.400,73.300,0.000,0.000,88.500,51.100,0.000,20.000,19.900,9.200,20.600,10.200,31.800,22.200,7.400,69.800,43.300,78.600,74.300,87.800,91.300,0.000,58.300,0.200,25.900,73.500,97.900,99.900,67.800,4.500,4.200,95.600,918.000,1045.000,9.600,2.100,0.900,0.400,2.100,12.400,78.900,36.900,57.000,29.000,42.100,20.600,33.400,6.900,15.100,6.900,27.000,18.300,5.100
India,Andhra Pradesh,Guntur,"Calendar Year (Jan - Dec), 2019",54.600,59.500,73.300,73.200,3912.000,95.500,53.800,72.200,37.000,1.000,8.600,76.200,100.000,97.600,97.600,76.200,87.800,97.600,92.500,2.600,97.400,39.600,7.600,59.300,0.000,80.200,0.000,3.600,8.100,23.800,26.900,17.800,69.300,92.300,0.000,97.200,0.000,0.000,0.000,0.000,0.100,28.200,82.500,0.200,6.500,14.600,64.900,72.900,16.600,0.900,91.700,85.800,71.100,0.200,0.000,98.600,49.600,0.000,24.500,25.400,10.700,25.900,13.400,31.300,18.000,8.500,75.100,42.500,89.400,62.500,94.000,90.300,0.000,59.800,0.000,22.400,83.400,99.300,99.200,51.900,10.000,1.000,96.000,941.000,1055.000,11.200,3.200,1.700,0.200,1.600,20.700,88.000,35.400,68.500,46.400,53.400,9.600,32.600,7.800,22.700,13.000,25.800,14.700,5.900
India,Andaman And Nicobar Islands,North And Middle Andaman,"Calendar Year (Jan - Dec), 2019",47.800,62.100,84.100,73.100,1904.000,98.300,12.900,0.000,11.400,1.500,6.500,0.000,0.000,0.000,0.000,0.000,0.000,0.000,0.000,0.000,0.000,0.000,30.100,30.400,0.000,89.600,0.000,0.800,8.300,27.000,42.800,27.000,27.300,100.000,0.000,94.300,0.000,0.000,0.000,0.000,9.300,83.200,92.600,0.300,1.700,15.800,82.700,48.300,23.200,0.700,61.300,99.900,2.100,6.400,0.000,97.700,95.000,0.600,45.300,70.500,9.100,18.300,6.900,32.200,22.600,6.000,83.700,24.100,74.500,79.200,92.500,91.100,0.000,62.500,7.800,19.800,86.400,92.200,93.200,0.000,4.500,7.000,99.200,844.000,950.000,5.900,5.800,1.300,5.100,46.800,3.800,100.000,15.400,84.000,35.900,79.300,8.600,41.000,7.200,16.700,6.400,27.400,18.400,4.000
India,Andhra Pradesh,Krishna,"Calendar Year (Jan - Dec), 2019",59.000,60.300,79.100,78.100,3715.000,98.000,66.100,79.700,47.900,0.000,26.100,90.000,97.200,93.900,93.900,90.000,62.100,93.900,90.000,0.000,100.000,33.800,15.100,65.700,0.000,81.000,0.000,4.200,5.200,29.800,21.100,14.300,29.300,96.400,0.000,90.300,0.000,0.000,0.000,45.800,0.400,27.700,86.300,2.100,5.400,12.300,74.000,76.500,16.100,0.500,89.800,87.500,68.100,0.000,0.000,98.900,40.100,1.000,22.800,21.300,8.500,22.500,11.900,28.500,18.600,5.100,56.200,39.200,81.500,73.300,88.300,95.800,0.000,60.400,0.000,20.400,79.100,94.400,99.600,0.000,7.800,2.400,96.400,1139.000,1064.000,23.400,2.500,1.400,0.400,1.400,9.600,92.600,25.300,76.900,40.600,53.500,10.500,46.200,7.900,23.300,13.400,24.000,13.400,4.300
India,Arunachal Pradesh,Anjaw,"Calendar Year (Jan - Dec), 2019",42.200,35.900,64.700,50.900,6515.000,79.000,12.600,,16.000,1.500,28.700,93.000,90.500,95.300,85.600,97.600,35.700,97.700,97.600,0.000,100.000,39.500,2.500,57.100,,58.600,2.300,2.900,7.500,23.600,16.000,14.300,66.500,94.400,,57.300,,,,,2.900,79.000,34.600,0.600,0.900,0.200,61.500,21.200,29.600,2.000,29.000,99.600,17.500,8.600,1.100,78.000,76.900,0.000,68.400,66.100,7.400,18.300,10.700,42.600,30.200,11.800,16.500,1.200,52.000,32.300,55.800,80.200,,36.900,15.900,23.200,86.800,86.600,96.400,19.700,9.300,7.100,97.900,957.000,939.000,25.400,6.800,4.700,31.600,22.100,5.100,89.000,21.800,66.400,22.800,66.900,2.400,28.800,4.000,13.000,8.700,31.100,21.800,7.600
India,Arunachal Pradesh,Kra Daadi,"Calendar Year (Jan - Dec), 2019",37.200,22.600,46.100,39.900,20101.000,81.000,18.900,,25.300,0.400,19.100,63.600,70.300,71.300,71.300,63.600,45.100,92.200,77.100,0.000,100.000,22.500,0.000,62.000,,88.100,5.200,20.200,5.700,28.800,14.500,9.400,35.900,92.700,,37.300,,,,,1.400,48.100,30.700,0.300,0.000,0.600,58.100,16.700,19.500,7.700,78.300,99.200,24.000,5.700,0.600,73.500,69.400,0.000,34.800,25.000,5.200,5.700,0.500,26.100,17.700,7.500,12.700,9.000,62.500,18.300,34.900,55.100,,24.300,13.400,33.500,89.300,99.800,99.700,2.000,6.000,1.800,97.700,867.000,976.000,14.600,16.500,13.100,11.500,9.900,12.900,89.600,24.800,53.500,29.800,80.900,2.000,27.400,2.700,4.100,0.900,19.400,13.700,4.600
India,Arunachal Pradesh,Changlang,"Calendar Year (Jan - Dec), 2019",67.100,57.200,71.400,46.300,6643.000,81.300,12.400,,14.900,1.200,31.300,70.900,86.100,84.400,84.400,70.900,44.500,86.100,84.400,0.000,90.800,19.200,1.400,65.300,,77.900,3.800,3.900,8.300,26.300,25.000,16.300,60.700,97.600,71.200,67.400,,,,,1.800,88.600,56.500,0.000,0.200,0.000,74.600,15.100,20.900,6.300,34.100,99.200,40.500,1.600,0.000,75.100,69.300,0.000,60.900,59.900,8.200,13.200,4.300,27.500,19.200,7.000,37.300,14.100,65.000,46.900,69.700,88.100,,57.100,27.500,28.700,82.300,81.800,95.200,60.600,1.300,0.800,99.300,1019.000,963.000,28.900,6.700,3.500,30.000,21.900,9.000,89.100,16.800,74.000,17.100,66.200,10.500,30.500,5.600,9.100,3.100,22.800,13.800,6.700
India,Arunachal Pradesh,Lohit,"Calendar Year (Jan - Dec), 2019",51.500,47.200,57.000,43.500,8236.000,92.300,19.700,,18.500,0.600,23.800,74.000,77.000,86.800,83.400,80.400,51.200,95.900,87.600,0.000,98.200,23.600,5.000,52.500,,73.000,2.800,7.600,4.900,24.500,12.900,12.700,52.300,93.000,,66.200,,,,,3.300,65.200,50.800,1.300,1.100,1.100,73.300,14.900,24.700,2.600,63.900,97.900,31.900,3.700,0.300,90.200,84.600,0.000,50.000,53.000,3.200,9.100,4.600,26.600,17.400,7.000,34.100,17.600,66.900,39.600,66.200,74.600,,47.600,20.800,27.700,83.700,96.900,98.900,33.200,7.500,1.700,96.900,839.000,1001.000,20.800,14.600,7.300,20.900,17.800,5.400,91.400,20.000,70.900,30.900,66.600,8.000,37.300,4.000,9.500,4.800,22.100,14.800,4.900
India,Andhra Pradesh,East Godavari,"Calendar Year (Jan - Dec), 2019",65.200,63.000,66.300,66.300,8159.000,89.900,52.200,72.000,34.100,1.300,3.000,59.000,67.300,83.900,86.700,66.300,77.800,92.700,76.700,7.500,85.300,32.500,11.200,66.800,0.000,81.400,0.000,3.400,3.800,23.100,22.400,14.300,51.300,93.000,0.000,93.500,69.400,72.900,23.000,63.700,1.100,32.400,68.200,1.000,1.900,4.800,75.400,64.100,12.500,2.200,80.300,81.200,66.400,0.100,0.000,96.600,46.000,0.900,25.900,25.500,9.200,27.600,15.500,32.200,17.300,7.300,62.700,32.300,76.300,51.000,91.900,87.000,0.000,63.200,0.300,20.500,77.700,97.900,98.800,0.000,13.300,2.200,91.400,882.000,995.000,10.200,8.000,4.400,0.700,3.200,6.200,71.000,26.000,77.900,44.400,49.200,10.200,43.200,7.500,21.700,12.700,29.000,13.000,6.600
India,Andhra Pradesh,Anantapur,"Calendar Year (Jan - Dec), 2019",50.000,50.500,67.600,67.600,2682.000,98.300,22.200,37.000,15.700,2.000,3.900,81.800,96.600,90.200,87.700,81.800,75.000,95.700,92.900,8.200,91.800,17.800,17.000,55.800,0.000,74.400,0.000,0.300,4.000,36.000,40.600,19.300,54.700,94.300,71.600,87.300,0.000,0.000,0.000,84.100,0.100,36.400,87.200,0.400,1.000,4.000,59.500,67.200,21.900,2.800,86.400,88.600,73.200,0.000,0.000,94.700,60.300,0.000,16.800,20.500,7.500,16.800,8.300,26.700,16.200,7.700,72.000,38.500,80.300,66.600,89.100,97.500,0.000,50.300,0.000,24.300,71.300,98.800,99.600,54.900,2.500,2.600,100.000,881.000,1047.000,2.900,6.400,3.700,0.600,5.000,13.600,95.000,37.300,63.600,29.300,46.300,21.900,31.300,5.400,14.200,7.800,23.400,12.400,8.500
India,Arunachal Pradesh,Kurung Kumey,"Calendar Year (Jan - Dec), 2019",42.200,34.800,54.100,47.900,9838.000,69.700,17.100,,25.900,0.000,18.600,71.400,76.700,86.600,76.300,71.400,9.900,100.000,89.500,0.000,100.000,45.400,5.000,62.400,,47.900,0.000,5.800,5.300,29.200,13.900,15.100,39.000,93.400,,61.100,,,,,4.100,82.600,8.300,0.000,0.700,1.400,72.600,16.900,22.700,1.600,57.300,99.700,13.400,5.600,3.500,69.200,64.200,0.000,50.200,39.400,7.000,10.300,2.400,26.000,20.100,4.600,23.800,8.600,45.200,44.100,62.300,77.000,,35.500,17.000,31.000,78.300,99.800,99.200,,4.700,5.600,97.000,869.000,997.000,18.700,16.400,7.400,27.500,16.400,7.700,96.100,19.800,76.000,23.300,78.800,2.700,34.700,4.100,6.900,1.900,19.200,14.000,3.300
India,Andhra Pradesh,Srikakulam,"Calendar Year (Jan - Dec), 2019",59.200,62.600,72.300,72.200,3479.000,96.400,57.000,73.800,44.500,0.000,14.000,82.800,100.000,89.700,89.700,82.800,74.800,93.300,93.300,3.000,97.000,34.900,0.000,59.600,0.000,68.200,0.000,4.500,7.400,19.700,21.400,19.500,42.800,95.000,0.000,97.700,0.000,0.000,0.000,79.700,0.300,45.800,71.000,0.200,1.000,3.800,60.000,71.000,16.000,0.500,74.700,76.500,75.600,0.600,0.000,97.900,52.200,0.300,28.300,21.300,6.800,17.600,8.600,22.900,14.400,5.500,67.500,35.300,79.700,78.400,90.800,94.400,0.000,62.800,0.000,20.700,71.600,87.700,99.900,0.000,11.900,1.300,100.000,1163.000,1140.000,16.100,5.700,3.600,0.600,7.100,5.500,78.000,25.400,64.300,27.200,54.000,13.800,42.500,8.200,17.400,7.800,22.100,12.800,5.900
India,Andaman And Nicobar Islands,Nicobars,"Calendar Year (Jan - Dec), 2019",48.000,38.300,65.300,57.200,2278.000,98.600,11.500,0.000,10.700,0.000,19.400,64.200,94.100,71.900,68.600,69.100,3.100,80.400,67.300,0.000,100.000,20.700,29.500,37.700,0.000,93.400,0.000,1.500,7.800,21.600,24.600,15.700,55.400,98.000,0.000,92.500,0.000,0.000,0.000,85.700,4.900,49.400,83.200,13.200,13.400,5.400,78.000,46.400,40.400,0.800,56.900,99.400,2.700,2.700,1.200,97.800,96.700,0.000,64.500,76.800,9.600,15.400,4.400,47.000,32.900,11.100,72.600,43.900,62.800,71.700,85.100,78.000,0.000,38.400,2.000,23.000,83.500,98.800,97.900,0.000,5.700,1.800,97.900,927.000,973.000,18.700,9.500,3.300,29.600,63.500,1.800,100.000,11.400,87.500,39.100,62.500,8.200,53.500,7.400,13.100,3.900,35.400,23.200,8.500
India,Andhra Pradesh,Prakasam,"Calendar Year (Jan - Dec), 2019",64.800,60.400,69.000,68.700,0.000,97.900,54.200,61.000,31.800,3.100,12.000,51.900,0.000,76.000,61.900,55.000,63.100,89.300,65.300,0.000,0.000,28.000,7.600,62.600,0.000,79.900,0.000,5.100,3.300,22.600,24.700,8.700,73.800,87.100,0.000,90.300,0.000,0.000,0.000,64.900,0.000,18.900,88.900,0.200,4.100,10.000,58.100,68.700,25.400,0.500,90.800,85.500,67.600,0.000,0.000,97.400,18.100,0.000,19.000,28.200,11.800,30.200,15.300,33.000,19.800,8.300,69.000,51.800,84.700,73.400,90.100,92.200,0.000,60.600,0.000,23.100,78.400,98.600,99.300,0.000,7.900,2.900,92.800,837.000,1011.000,13.400,4.800,1.600,0.300,2.200,16.400,86.600,37.300,62.800,39.500,50.500,14.400,34.500,7.900,23.200,12.600,27.800,14.600,6.400
India,Andhra Pradesh,Y.S.R.,"Calendar Year (Jan - Dec), 2019",60.200,56.100,69.100,68.400,3389.000,100.000,36.200,43.500,26.200,1.200,4.900,83.000,89.700,88.900,89.000,84.900,87.500,92.000,88.700,1.700,98.300,26.400,9.500,60.600,0.000,90.100,0.000,0.200,4.200,34.400,26.700,14.100,48.300,94.300,77.400,91.300,0.000,0.000,0.000,60.300,0.000,14.600,86.100,0.900,13.400,3.600,61.900,68.100,29.500,0.600,94.300,80.200,73.300,0.300,0.000,99.400,40.700,0.000,16.000,18.000,9.900,22.300,10.600,27.300,17.800,6.900,71.200,39.700,84.400,82.800,92.300,93.400,0.000,56.100,0.000,24.100,85.400,99.900,99.800,57.600,5.900,2.300,97.700,779.000,1058.000,5.500,5.500,3.100,0.200,3.100,10.900,92.500,25.600,63.800,33.900,30.600,15.900,40.000,8.400,18.400,8.700,23.200,13.600,5.700
India,Arunachal Pradesh,East Siang,"Calendar Year (Jan - Dec), 2019",40.400,35.200,40.000,35.900,12217.000,89.200,18.600,,17.300,2.200,21.800,48.800,65.600,71.200,67.300,59.000,24.400,84.800,81.900,0.000,100.000,24.100,18.000,51.500,,67.300,,9.000,4.200,24.600,10.300,8.600,49.400,83.900,,58.800,,,,58.000,6.700,61.700,26.100,0.200,1.100,0.800,76.800,14.400,15.400,1.700,52.400,99.400,30.500,5.200,0.900,90.800,85.400,0.000,50.700,51.300,7.800,12.700,4.400,38.100,26.300,10.000,11.400,6.600,39.900,34.300,55.700,75.200,,35.300,7.100,23.100,83.900,97.300,97.300,32.800,8.500,2.000,94.400,1162.000,1059.000,24.000,17.600,9.600,18.800,24.700,4.600,87.800,14.900,81.900,27.900,67.900,6.800,55.600,5.600,9.500,3.400,29.700,18.000,8.500
India,Andhra Pradesh,Chittoor,"Calendar Year (Jan - Dec), 2019",43.900,51.800,69.000,68.900,2533.000,97.600,26.400,54.700,14.600,3.200,6.200,66.600,87.500,88.400,86.200,69.100,75.000,97.200,89.600,0.000,100.000,26.800,14.200,54.900,0.000,76.900,0.000,0.500,6.300,27.100,27.900,14.800,38.700,94.700,65.500,95.200,0.000,0.000,0.000,84.400,0.800,29.100,74.300,0.300,2.200,4.000,65.600,67.900,21.300,1.300,86.600,85.500,70.700,0.000,0.000,97.100,66.500,0.000,18.300,18.700,7.200,22.400,12.300,27.100,16.800,5.900,71.700,43.700,80.300,65.300,93.800,97.800,0.000,51.800,0.000,22.600,74.600,98.500,99.700,52.700,4.800,3.100,98.200,1019.000,1024.000,6.000,6.000,3.900,0.400,4.300,19.700,94.700,28.100,69.300,33.400,41.700,20.100,40.300,6.900,17.200,8.400,22.700,10.700,5.400
India,Arunachal Pradesh,East Kameng,"Calendar Year (Jan - Dec), 2019",39.500,26.200,64.900,57.400,8612.000,80.300,9.000,,11.000,3.600,28.200,60.800,78.300,70.700,64.400,71.900,20.500,82.900,77.800,0.000,98.000,36.300,5.600,51.700,,67.900,0.800,10.200,8.500,35.700,14.200,15.800,52.200,81.300,,54.600,49.500,74.400,24.000,29.500,6.200,77.500,22.200,0.200,0.600,0.700,63.100,23.600,13.700,4.400,49.500,98.900,25.100,10.600,0.800,76.000,74.200,0.000,49.800,48.200,6.700,13.900,6.300,29.000,22.200,6.000,11.200,1.200,41.700,29.100,53.600,73.100,,26.900,14.600,31.200,75.600,93.600,86.300,13.100,7.300,2.400,93.000,995.000,985.000,26.400,9.700,4.700,27.400,24.900,8.100,85.400,26.500,59.100,19.600,68.700,4.800,31.800,4.300,8.900,4.000,19.500,14.100,4.400
India,Andhra Pradesh,West Godavari,"Calendar Year (Jan - Dec), 2019",66.800,63.000,77.800,77.200,2318.000,98.500,55.700,72.000,40.400,0.500,4.900,80.000,87.000,89.000,89.000,80.000,77.700,94.800,91.700,0.000,100.000,26.300,2.700,62.300,0.000,72.700,0.000,5.200,4.700,31.400,22.500,11.700,32.800,93.500,0.000,96.400,0.000,0.000,0.000,71.900,0.600,28.800,90.100,1.800,7.100,13.100,75.400,74.500,12.500,0.700,86.800,83.400,67.600,0.600,0.400,98.700,48.800,0.700,23.600,21.800,7.200,18.900,10.400,31.400,17.700,8.700,82.800,43.700,82.200,62.700,94.800,95.300,0.000,63.100,0.400,21.500,80.800,99.100,99.300,0.000,2.700,1.000,100.000,833.000,999.000,3.500,3.000,1.800,0.200,2.200,13.400,84.400,22.100,77.000,45.300,51.600,10.100,46.500,7.300,23.800,13.100,28.800,14.700,6.100
India,Assam,Barpeta,"Calendar Year (Jan - Dec), 2019",70.700,64.800,57.300,47.400,4829.000,87.600,12.700,0.000,12.400,0.000,5.900,54.600,59.600,73.600,67.800,67.500,40.800,94.300,83.800,1.400,97.400,23.700,2.700,63.500,0.000,47.100,0.000,6.100,7.500,29.800,26.200,19.500,46.400,96.000,62.900,73.900,0.000,0.000,0.000,64.900,3.600,55.100,74.300,0.200,0.700,0.000,75.400,5.500,18.400,0.600,38.700,96.300,58.900,2.000,0.700,87.600,82.300,0.100,8.000,46.400,10.200,17.000,4.800,16.700,10.000,3.000,49.400,21.800,62.200,43.600,70.500,94.900,0.000,65.600,35.300,30.100,63.700,98.100,88.900,47.600,1.700,1.500,99.100,1007.000,1027.000,5.500,12.300,3.900,0.700,14.300,14.200,61.500,40.100,74.800,16.600,75.000,14.600,31.700,8.100,14.000,4.300,17.900,9.600,3.900
India,Assam,Dibrugarh,"Calendar Year (Jan - Dec), 2019",64.300,70.800,64.600,43.600,5125.000,95.300,27.700,62.900,19.900,0.000,5.700,83.800,85.500,93.000,93.000,83.800,50.000,97.800,97.800,7.600,87.200,35.100,2.800,66.400,0.000,56.500,0.000,2.000,8.400,27.300,32.000,20.600,52.600,93.900,0.000,87.000,0.000,0.000,0.000,56.100,4.500,76.500,72.300,0.200,0.000,0.500,79.500,24.300,28.900,1.200,44.700,99.500,58.800,3.000,0.500,93.100,71.600,0.100,51.900,57.700,9.100,19.200,9.000,21.400,13.500,4.300,58.900,28.000,75.800,75.600,82.100,94.100,0.000,72.000,10.700,24.000,75.300,98.100,94.400,47.200,5.800,2.500,99.600,979.000,1002.000,5.600,8.700,4.800,19.000,27.900,4.800,79.800,23.000,76.600,20.900,58.700,20.300,33.700,7.900,15.400,6.600,18.100,10.700,4.300
India,West Bengal,Kolkata,"Calendar Year (Jan - Dec), 2019",61.400,58.200,84.700,71.700,1969.000,99.300,44.700,79.900,32.400,0.700,34.000,80.200,79.000,91.000,86.700,84.700,2.800,97.700,91.000,13.200,83.500,41.400,20.100,72.300,0.000,58.000,0.000,6.000,16.900,29.600,32.900,29.300,44.200,95.000,0.000,84.600,0.000,0.000,0.000,0.000,15.000,57.000,92.800,0.000,0.000,0.000,87.200,29.800,17.900,1.900,91.700,98.600,21.100,1.600,0.700,97.500,69.900,0.000,22.200,42.400,9.400,24.300,12.900,23.800,15.000,5.100,67.500,33.800,74.200,71.700,72.800,100.000,0.000,58.400,22.400,16.000,60.900,99.300,99.600,0.000,5.600,2.600,94.400,809.000,954.000,31.600,2.200,0.300,1.000,6.000,4.900,97.500,16.700,87.600,29.000,84.400,6.600,55.400,10.600,21.600,9.400,23.900,15.100,4.900
India,Uttar Pradesh,Bhadohi,"Calendar Year (Jan - Dec), 2019",39.700,43.800,53.800,40.200,3299.000,92.300,18.900,37.800,5.900,3.700,3.500,62.200,72.100,78.600,77.800,69.100,59.100,87.800,80.600,0.000,96.500,27.300,2.500,59.200,,63.900,0.000,2.300,2.400,42.700,26.500,9.100,7.800,81.900,66.600,67.500,,,,77.300,6.100,62.600,45.200,0.000,1.800,0.600,67.300,30.900,26.300,3.700,39.900,98.700,18.800,0.600,0.000,90.300,47.800,0.000,7.700,36.500,5.300,13.200,7.300,23.000,15.900,5.400,12.900,5.700,53.600,25.800,69.500,89.900,0.000,43.200,2.200,33.700,68.800,96.700,96.500,53.800,4.100,1.600,92.100,839.000,1082.000,2.900,22.400,10.100,0.100,7.400,1.700,74.800,19.600,69.700,26.500,49.800,15.800,46.500,4.300,8.700,4.000,14.900,9.300,4.100
India,Uttarakhand,Tehri Garhwal,"Calendar Year (Jan - Dec), 2019",46.900,42.200,67.300,52.400,1827.000,77.600,15.000,40.700,9.700,1.800,1.800,83.000,77.600,98.600,96.500,85.000,10.400,100.000,98.000,0.000,97.300,38.600,33.600,61.700,,59.500,5.300,2.200,5.200,29.300,20.700,12.800,41.800,90.400,64.600,80.400,,,,79.200,12.500,65.400,58.400,0.000,0.000,0.000,62.200,36.500,20.400,2.000,34.900,92.800,71.200,1.100,0.000,82.200,59.300,0.000,35.700,41.100,4.600,11.900,6.000,34.000,22.000,10.400,57.600,27.500,62.300,48.900,78.500,94.100,,41.900,1.100,25.700,84.600,84.100,99.900,54.000,3.000,2.500,93.800,866.000,1236.000,1.500,13.800,5.600,0.200,3.800,1.700,93.700,6.300,74.900,20.900,55.500,12.700,50.800,3.700,8.900,4.100,20.000,13.000,5.500
India,Gujarat,Devbhumi Dwarka,"Calendar Year (Jan - Dec), 2019",50.900,48.800,47.700,41.100,1463.000,91.700,17.900,24.500,10.300,1.400,4.000,73.300,77.000,77.200,76.200,81.000,0.000,92.300,80.100,2.200,95.700,28.100,1.700,66.700,0.000,77.300,0.000,4.900,17.200,30.200,36.200,26.100,55.800,96.600,67.300,88.300,69.400,69.400,23.000,72.100,11.100,65.900,93.400,0.000,0.400,0.000,59.000,19.100,33.500,2.000,61.200,97.500,33.500,4.500,0.300,94.800,37.200,0.000,2.600,60.600,6.500,13.500,5.800,17.300,11.000,3.300,29.100,12.200,84.100,76.600,90.100,90.300,0.000,48.800,6.100,24.200,73.400,93.900,98.700,49.100,9.100,0.000,98.300,955.000,1010.000,5.800,15.900,6.000,0.500,24.200,3.800,65.900,11.600,66.100,24.100,50.600,22.400,15.800,6.400,13.500,4.700,18.100,9.700,4.400
India,Odisha,Nabarangpur,"Calendar Year (Jan - Dec), 2019",70.800,69.300,77.100,56.300,2741.000,87.500,7.200,,6.100,1.500,17.000,94.800,96.100,96.100,96.100,94.800,97.400,100.000,97.400,0.000,100.000,48.600,6.500,70.800,,86.700,7.300,5.000,9.700,44.100,46.600,25.200,79.500,87.100,72.500,88.700,,,,,2.300,86.900,60.400,0.000,0.200,0.000,52.900,30.700,27.500,1.100,19.000,96.700,48.400,2.500,0.100,87.600,84.600,0.000,36.200,61.200,5.200,10.300,4.900,22.600,18.000,3.400,83.200,48.700,82.100,87.700,89.300,98.900,,69.700,18.500,31.800,44.100,99.100,97.400,60.700,3.600,0.500,100.000,1045.000,1060.000,16.800,3.400,2.100,6.000,34.400,8.300,60.100,39.400,38.500,8.100,73.400,30.900,15.500,3.900,7.100,2.900,20.800,15.700,4.000
India,Kerala,Kottayam,"Calendar Year (Jan - Dec), 2019",38.100,38.700,44.700,40.300,10236.000,99.300,48.000,49.400,47.700,0.000,16.900,0.000,0.000,0.000,0.000,0.000,0.000,0.000,0.000,0.000,0.000,0.000,33.700,36.800,0.000,91.200,0.000,3.200,2.300,23.400,17.300,8.400,51.100,97.200,0.000,83.500,0.000,0.000,0.000,86.600,3.600,40.800,97.600,3.000,2.600,1.500,97.900,33.000,17.500,0.700,72.500,97.400,53.200,1.900,0.000,98.700,44.300,0.000,27.400,18.300,8.900,29.400,15.500,38.800,21.000,9.200,51.100,44.000,81.600,55.100,85.000,83.600,0.000,38.600,0.700,18.800,98.600,97.100,99.600,0.000,10.200,1.200,90.400,865.000,1071.000,19.000,16.100,5.600,0.600,1.700,2.800,94.100,1.600,99.700,39.800,63.100,12.300,85.800,7.600,28.700,16.900,34.200,15.400,8.600
India,Punjab,Sri Muktsar Sahib,"Calendar Year (Jan - Dec), 2019",67.700,61.000,72.000,59.700,2177.000,96.000,18.600,24.100,16.500,3.600,9.900,57.600,71.400,76.600,67.800,57.600,47.000,93.900,79.500,6.400,93.600,22.900,10.800,69.000,,60.600,,2.800,6.500,35.000,30.700,13.600,61.700,96.400,45.400,89.400,,,,68.000,22.600,81.900,87.300,0.000,0.500,0.200,68.500,31.300,13.300,1.200,72.900,95.200,23.900,3.000,0.300,96.400,61.300,0.600,32.000,20.800,6.600,12.600,5.300,32.000,20.900,9.600,47.800,35.200,71.200,57.900,88.100,88.300,,60.900,1.700,23.200,82.900,97.800,99.500,,7.500,4.000,95.500,877.000,942.000,11.700,6.200,2.300,0.300,0.400,2.700,90.500,8.600,71.100,30.800,68.100,18.400,39.800,6.500,13.500,6.600,24.400,15.100,6.000
India,Madhya Pradesh,Sheopur,"Calendar Year (Jan - Dec), 2019",61.800,64.900,67.700,63.500,1409.000,82.100,10.500,45.700,9.200,4.100,4.100,65.800,78.300,78.200,74.100,70.200,61.200,93.600,75.500,0.000,100.000,28.700,1.000,71.600,,68.100,1.900,1.200,7.900,45.800,37.700,16.200,50.800,86.200,79.400,73.200,,,,,7.200,63.300,76.800,0.000,0.000,0.200,53.100,51.800,32.500,2.500,22.900,94.900,27.100,0.700,0.400,84.200,76.600,0.000,12.900,53.400,5.500,10.100,4.200,25.700,17.500,7.400,36.400,21.300,73.200,41.000,76.200,90.900,,65.300,2.000,31.000,48.000,91.100,98.000,59.600,3.700,0.200,95.300,974.000,963.000,4.400,9.000,5.000,0.300,13.900,5.200,50.500,39.500,49.800,11.200,33.600,30.500,15.900,4.800,9.600,4.400,19.200,13.900,4.100
India,Meghalaya,East Jaintia Hills,"Calendar Year (Jan - Dec), 2019",40.600,43.900,33.600,24.000,3464.000,55.700,8.000,40.300,8.600,6.300,25.400,74.400,82.400,84.000,77.800,80.800,0.600,92.600,83.800,1.200,96.900,21.600,45.600,47.200,63.100,70.000,0.400,3.700,2.900,49.800,23.600,8.500,85.300,83.000,50.500,45.000,57.500,72.800,42.200,72.000,2.000,81.100,43.500,0.000,0.700,0.600,76.000,9.200,44.100,6.800,26.500,97.200,74.100,1.900,3.400,48.400,36.300,0.000,42.000,68.500,4.000,7.700,3.300,17.200,11.100,4.300,51.900,25.700,55.500,58.600,49.100,87.700,25.600,43.700,7.600,46.100,83.600,74.600,85.100,46.500,10.600,4.800,94.600,1015.000,1066.000,25.500,26.000,20.100,3.600,49.200,14.400,47.900,25.300,76.000,15.200,62.300,13.500,23.000,3.200,6.300,2.100,18.700,9.100,5.900
India,Haryana,Palwal,"Calendar Year (Jan - Dec), 2019",59.700,57.200,71.200,54.200,1584.000,83.200,11.700,27.300,6.400,4.200,20.500,69.000,74.400,82.200,81.300,75.000,71.500,94.100,86.700,1.200,97.600,21.600,3.500,71.600,,57.400,0.000,3.700,4.200,31.000,21.000,9.900,36.900,92.100,60.300,83.000,80.600,49.100,37.600,64.100,10.200,77.300,71.100,0.200,0.600,0.400,67.000,31.900,25.200,4.400,34.600,95.300,23.500,6.900,0.700,78.300,46.500,0.400,13.300,30.900,5.300,11.100,5.300,23.200,16.500,5.900,32.100,20.500,81.200,53.400,82.700,81.900,23.100,57.200,2.800,31.300,80.300,96.700,98.900,56.800,5.600,2.100,96.800,884.000,943.000,21.200,8.000,3.100,0.100,7.000,4.700,91.400,23.800,68.300,27.400,59.900,15.800,39.400,3.100,8.600,4.500,21.900,14.000,6.200
India,Maharashtra,Thane,"Calendar Year (Jan - Dec), 2019",58.500,58.800,61.600,57.100,2275.000,93.900,26.600,41.300,17.400,1.900,6.200,74.900,86.800,77.100,73.400,79.000,3.500,90.100,83.100,12.800,87.300,21.600,15.600,67.900,0.000,68.700,0.000,5.000,7.000,40.800,30.800,17.800,54.300,96.700,0.000,93.300,0.000,0.000,0.000,0.000,16.100,56.900,91.100,3.000,4.300,4.800,86.100,37.600,24.700,1.600,90.400,97.500,22.700,1.700,0.000,93.600,50.600,0.000,15.600,24.200,5.900,13.900,6.700,29.700,19.200,7.100,54.900,32.200,58.900,70.200,87.200,97.400,0.000,58.800,1.700,22.500,74.700,96.700,99.300,0.000,3.000,0.400,93.400,1029.000,982.000,4.600,10.300,5.300,0.400,6.900,4.000,91.500,18.400,90.500,30.700,62.200,18.900,55.900,6.500,15.700,7.800,24.500,13.900,6.100
India,Bihar,Khagaria,"Calendar Year (Jan - Dec), 2019",65.100,59.500,40.900,34.900,4327.000,82.300,4.400,38.000,0.800,6.000,16.500,64.700,84.300,83.700,82.900,73.100,2.600,97.100,82.600,2.600,92.900,31.400,7.200,67.100,34.500,62.900,7.300,1.400,9.300,34.800,36.400,25.300,26.300,66.800,48.200,52.200,69.200,55.600,27.400,81.200,2.800,56.200,31.800,0.200,0.700,0.900,60.600,27.400,14.400,8.800,33.200,88.000,15.600,0.200,0.500,74.200,64.000,0.100,6.900,43.700,9.800,21.700,10.800,16.100,9.400,3.100,15.800,3.500,44.600,17.400,54.200,83.900,15.600,59.100,1.700,41.300,65.000,98.800,94.500,62.900,13.900,1.600,89.500,918.000,1111.000,16.300,15.400,9.500,0.100,3.500,15.100,50.500,44.900,51.800,18.100,56.500,24.700,26.600,8.400,17.100,7.800,13.000,7.500,2.300
India,Karnataka,Dakshina Kannada,"Calendar Year (Jan - Dec), 2019",35.000,38.800,61.900,60.200,3699.000,91.900,30.400,35.000,24.100,1.200,2.200,86.800,93.900,90.000,88.700,89.000,5.800,100.000,96.500,3.400,96.600,34.700,11.000,51.100,0.000,88.700,0.000,6.900,15.700,25.100,26.400,30.500,59.900,97.800,63.500,83.500,0.000,0.000,0.000,0.000,7.500,67.900,93.800,0.400,0.400,0.400,83.900,46.200,34.800,0.000,82.000,96.900,36.300,3.000,0.800,100.000,41.900,0.000,11.600,15.100,6.900,14.800,6.800,29.900,18.500,8.100,68.900,35.400,86.100,82.000,83.500,97.500,0.000,38.900,0.400,19.800,97.100,88.600,99.800,35.800,3.900,0.900,98.300,1038.000,1063.000,5.300,9.500,6.600,0.600,4.400,1.000,93.900,4.900,92.700,22.200,53.500,12.600,62.800,6.000,15.400,7.500,30.100,17.500,8.600
India,Karnataka,Belagavi,"Calendar Year (Jan - Dec), 2019",48.500,52.900,70.800,70.600,3902.000,96.400,24.200,39.700,15.800,2.500,8.300,81.400,86.500,91.600,90.000,87.000,7.300,97.200,91.800,4.700,92.800,27.700,21.600,72.700,0.000,91.900,0.000,2.900,10.200,32.800,36.900,23.600,58.000,96.600,60.600,85.600,0.000,0.000,0.000,66.600,1.900,66.400,90.400,0.600,0.500,0.800,72.400,63.300,29.400,0.800,74.800,95.200,20.700,1.900,0.200,97.500,60.600,0.000,11.500,28.800,5.100,12.200,5.900,22.200,14.700,4.900,36.900,16.900,71.200,63.700,87.000,94.400,0.000,53.400,2.200,25.000,67.700,94.400,99.100,40.000,4.700,1.100,96.100,892.000,1032.000,8.800,5.500,2.100,0.500,6.600,9.100,75.300,32.800,74.000,23.800,44.100,22.200,47.800,4.800,12.900,6.600,19.400,11.600,4.300
India,Tripura,South Tripura,"Calendar Year (Jan - Dec), 2019",70.800,66.500,50.700,40.300,7199.000,88.600,20.400,0.000,16.100,0.900,10.500,48.500,65.600,81.100,72.700,57.300,55.600,89.000,83.700,0.000,100.000,19.300,23.600,59.600,0.000,75.200,0.000,5.000,5.200,25.500,21.600,15.300,15.800,91.700,0.000,67.700,72.800,69.200,23.500,63.600,4.000,28.300,75.200,0.500,1.400,1.800,80.400,4.600,13.000,0.700,29.400,99.300,37.300,0.400,0.800,89.700,80.900,0.000,30.500,54.300,9.700,20.400,8.900,24.200,14.500,4.600,29.500,13.300,54.200,58.400,68.000,89.400,0.000,66.800,27.900,24.500,68.600,90.500,95.900,57.100,11.300,3.200,84.600,1136.000,1054.000,9.900,17.300,3.700,5.600,51.000,23.100,49.600,46.200,80.300,22.800,51.900,16.800,21.600,8.300,18.200,8.100,22.400,11.400,4.900
India,Meghalaya,South Garo Hills,"Calendar Year (Jan - Dec), 2019",65.000,56.200,37.600,33.300,2370.000,91.200,4.700,0.000,5.300,1.300,23.000,86.800,89.100,86.800,86.800,94.700,2.400,100.000,89.600,0.000,90.200,15.000,20.100,33.600,0.000,57.200,0.000,2.700,8.800,29.800,20.800,18.300,59.800,92.000,0.000,61.700,0.000,0.000,0.000,72.200,2.800,63.700,53.800,0.000,0.200,0.000,89.200,3.800,20.300,3.900,22.300,83.600,79.500,9.000,1.600,88.300,88.300,0.000,33.100,50.700,18.300,23.700,5.100,22.800,16.600,3.300,51.800,14.600,68.700,33.300,65.900,86.000,0.000,57.700,15.800,31.400,88.400,60.400,98.600,33.700,5.400,3.100,98.900,1011.000,984.000,23.000,25.300,14.400,1.400,9.700,1.100,66.600,10.200,88.600,6.900,67.700,6.600,38.400,10.000,12.800,2.100,15.800,10.100,1.100
India,West Bengal,Paschim Bardhaman,"Calendar Year (Jan - Dec), 2019",65.600,65.800,65.300,54.000,3020.000,91.300,34.300,69.100,24.800,2.100,31.400,62.400,69.700,90.800,90.300,62.400,0.000,95.900,89.400,2.400,97.600,48.600,10.200,74.700,0.000,59.900,0.000,3.100,8.000,39.700,41.000,25.500,59.300,97.700,0.000,70.500,69.700,81.200,48.900,86.300,8.800,25.800,77.900,1.300,0.700,0.400,74.800,28.200,13.700,0.800,56.300,89.800,21.800,2.100,0.100,89.800,62.700,0.000,14.600,40.200,12.200,23.400,10.300,20.700,14.500,3.700,57.000,30.800,70.300,70.400,64.100,96.600,0.000,66.500,13.400,22.300,71.500,95.200,97.000,49.400,8.800,2.000,95.500,787.000,977.000,31.100,12.000,3.600,0.800,11.800,15.400,84.400,31.800,73.500,20.400,67.100,18.400,37.100,8.500,16.200,7.000,17.600,9.600,4.300
India,Bihar,Nalanda,"Calendar Year (Jan - Dec), 2019",70.200,71.000,72.300,52.400,2628.000,85.100,17.100,45.100,9.600,4.900,7.500,75.200,83.800,86.600,84.900,82.200,0.000,95.700,83.400,0.000,100.000,22.400,16.300,80.300,40.900,44.100,4.000,1.800,12.100,42.600,46.700,27.800,22.400,73.300,67.200,73.000,74.400,72.600,51.700,84.300,6.000,54.100,40.600,0.000,0.400,0.000,59.600,37.800,27.800,6.400,41.000,89.100,12.800,0.600,2.700,80.300,53.900,0.200,21.500,49.800,7.700,13.600,5.200,14.000,9.300,3.600,16.400,5.300,64.700,29.300,77.500,94.200,0.000,71.500,2.500,37.200,52.500,98.900,98.900,61.700,12.400,5.300,87.600,959.000,1048.000,9.600,7.500,4.200,0.300,2.800,10.000,64.400,42.000,56.100,16.000,68.100,23.800,28.800,6.800,11.100,3.800,13.400,8.200,3.300
India,Himachal Pradesh,Kullu,"Calendar Year (Jan - Dec), 2019",55.500,52.800,78.300,67.500,2919.000,88.100,13.600,35.100,9.800,0.900,26.700,80.200,95.000,91.500,91.500,82.500,87.400,93.800,91.500,2.800,92.900,53.300,7.800,75.300,0.000,85.200,0.000,11.200,5.800,35.900,25.600,16.100,50.700,96.100,69.900,86.600,0.000,0.000,0.000,0.000,20.900,69.700,88.500,0.600,0.700,1.400,77.400,32.600,16.800,2.500,65.000,99.800,26.800,0.900,0.300,87.000,66.800,9.700,33.700,33.600,4.700,9.100,3.600,20.600,15.100,3.600,61.900,43.400,62.100,60.000,84.600,91.800,0.000,53.700,2.800,21.800,81.200,94.300,99.200,23.100,8.500,0.500,99.300,1017.000,1008.000,28.700,5.000,1.400,1.000,1.400,4.700,85.700,8.700,87.400,29.800,65.200,11.000,54.400,3.900,9.400,4.300,17.400,10.300,2.900
India,Uttar Pradesh,Rampur,"Calendar Year (Jan - Dec), 2019",59.300,55.400,56.800,30.000,2245.000,81.100,16.700,40.000,4.800,3.500,7.700,79.400,81.900,88.700,88.700,80.700,61.800,96.100,91.700,1.300,97.100,31.400,13.200,69.600,47.800,56.900,0.000,2.100,5.900,40.400,32.100,17.600,39.600,71.500,43.400,72.500,,,,85.300,17.000,68.900,42.600,0.200,0.400,0.400,57.600,9.300,14.300,3.600,46.200,90.100,13.100,0.300,0.800,81.000,44.700,0.000,14.600,36.100,7.500,14.400,6.000,21.000,15.500,4.600,32.700,12.500,73.800,50.400,72.500,94.500,,55.700,2.300,31.100,79.000,100.000,96.200,51.200,5.000,5.300,97.800,968.000,1022.000,6.900,12.000,5.800,0.100,4.900,3.500,74.300,10.500,57.000,20.600,60.100,13.600,26.900,6.600,12.400,5.500,17.700,10.700,5.100
India,Haryana,Jhajjar,"Calendar Year (Jan - Dec), 2019",65.200,60.100,80.200,62.000,3316.000,97.200,21.300,37.300,12.600,1.200,17.000,90.900,84.100,95.900,94.000,90.900,90.600,96.900,96.500,0.000,100.000,23.900,1.800,76.900,,69.500,,6.300,3.500,15.600,9.700,8.000,36.000,97.100,,96.200,,,,,17.100,60.800,92.700,0.200,0.800,0.200,77.300,33.800,23.200,0.300,55.900,96.300,27.000,7.200,0.100,97.200,60.600,0.700,14.700,34.100,5.300,11.800,5.900,26.800,17.600,7.700,58.700,41.500,87.300,60.100,96.000,88.200,,59.900,2.300,23.000,91.700,96.600,99.800,65.700,3.700,0.300,98.700,1282.000,982.000,15.400,4.600,2.100,0.100,2.600,1.300,97.400,7.700,88.200,43.500,55.100,10.100,62.700,5.100,10.200,4.500,21.000,11.100,7.700
India,Nagaland,Dimapur,"Calendar Year (Jan - Dec), 2019",36.686,34.685,46.910,38.406,7328.220,80.699,14.592,28.085,14.093,2.998,11.206,55.920,63.820,73.212,71.113,61.319,7.208,85.111,74.609,14.489,85.503,13.106,5.308,48.892,0.000,49.418,0.000,3.802,12.000,28.300,29.794,25.001,53.105,80.199,0.000,64.693,0.000,0.000,0.000,36.672,3.400,36.711,61.586,0.000,0.200,0.700,89.800,15.702,7.303,9.402,84.183,98.701,5.716,9.607,0.000,73.695,43.201,0.000,25.701,44.003,5.600,14.097,7.397,20.808,12.006,6.903,14.902,9.294,71.393,50.083,68.693,86.406,22.583,34.785,9.097,24.496,81.105,92.398,99.800,32.878,2.199,0.600,82.310,911.124,1009.958,17.301,14.296,5.801,1.700,16.398,3.298,84.906,4.397,86.607,21.093,59.900,9.602,52.514,6.798,11.996,4.699,18.605,11.003,5.203
India,Rajasthan,Rajsamand,"Calendar Year (Jan - Dec), 2019",63.300,58.400,56.600,50.700,1413.000,95.700,9.000,43.300,5.200,2.200,9.000,71.700,76.600,81.300,81.300,79.100,52.800,85.300,86.700,0.000,100.000,13.800,5.400,84.300,,63.300,,4.500,10.200,30.300,23.700,16.600,44.100,96.500,73.400,79.200,78.600,89.200,68.200,63.000,10.000,54.400,79.100,0.000,0.000,0.000,64.200,36.900,22.000,1.100,37.100,97.500,93.200,1.000,0.200,95.100,84.300,0.000,11.600,44.600,4.400,7.900,2.400,15.400,11.400,2.100,46.300,23.900,84.800,60.700,82.600,96.400,,58.600,1.900,27.600,72.100,94.800,98.900,52.300,8.200,3.200,99.700,800.000,1065.000,7.600,14.700,7.400,0.100,4.800,3.200,77.900,27.500,67.700,8.300,56.600,18.100,33.900,3.900,6.800,2.200,15.100,8.600,2.600
India,Tamil Nadu,Kanniyakumari,"Calendar Year (Jan - Dec), 2019",39.300,45.600,70.300,66.600,3170.000,100.000,68.300,78.000,53.300,0.000,21.300,96.000,96.000,100.000,100.000,96.000,66.700,100.000,100.000,18.100,81.900,29.800,28.400,39.100,,78.400,,2.800,2.700,17.300,14.500,11.400,46.900,98.900,,88.200,,,,,1.500,86.800,100.000,3.900,13.100,0.800,92.900,60.800,29.800,0.000,74.400,97.200,64.100,2.900,0.000,100.000,39.400,0.000,14.800,11.000,8.400,25.200,14.900,30.200,19.500,6.100,90.300,74.000,65.600,84.200,86.000,87.100,,45.500,0.000,20.800,96.200,98.200,99.800,46.500,0.900,0.000,97.300,880.000,1121.000,22.100,4.900,3.400,0.200,1.000,4.000,98.600,4.300,97.700,53.000,66.300,5.900,77.100,9.300,29.000,18.000,24.400,13.500,6.300
India,Gujarat,Sabar Kantha,"Calendar Year (Jan - Dec), 2019",73.800,67.300,66.400,55.500,1828.000,83.000,23.700,37.700,11.600,4.000,3.600,88.500,89.700,93.100,93.100,88.500,0.000,98.600,93.100,1.500,98.500,42.500,13.000,81.100,0.000,85.500,0.000,4.900,16.600,37.000,41.000,33.100,37.100,94.900,71.600,83.900,65.800,66.300,31.300,75.900,11.000,64.000,93.800,0.200,0.200,0.000,68.700,37.300,21.800,2.400,58.700,94.600,49.300,4.300,0.100,89.400,38.300,0.000,6.800,37.800,8.600,16.600,6.800,26.100,16.200,7.600,52.200,24.600,70.100,73.200,86.900,90.700,0.000,67.900,2.200,26.600,61.000,90.700,95.300,49.400,14.000,0.500,99.100,871.000,987.000,5.100,9.200,3.500,0.500,6.800,6.100,68.400,27.000,74.500,15.500,58.900,26.600,31.100,8.100,13.700,5.200,24.000,14.700,6.600
India,Assam,Majuli,"Calendar Year (Jan - Dec), 2019",65.500,67.800,63.700,31.300,6227.000,93.500,22.500,0.000,21.900,1.000,14.900,78.600,83.900,86.400,80.300,84.300,55.600,95.200,90.900,0.000,100.000,17.900,5.200,73.000,0.000,61.300,0.000,3.800,3.900,35.400,22.200,14.100,51.100,98.100,0.000,73.500,0.000,0.000,0.000,56.400,1.200,85.600,59.300,0.000,0.200,0.200,78.400,12.200,25.100,3.200,19.300,99.800,60.800,3.400,0.400,90.300,85.800,0.000,45.400,54.700,8.800,14.900,5.300,23.300,14.800,6.000,56.700,13.700,76.100,72.200,73.500,97.200,0.000,68.100,13.600,26.200,65.600,98.600,93.500,0.000,3.600,3.000,98.400,754.000,995.000,14.200,11.600,4.700,32.100,26.600,10.400,75.400,25.500,83.400,14.400,53.000,18.000,41.700,6.800,11.100,3.900,19.700,10.900,6.200
India,Jharkhand,East Singhbum,"Calendar Year (Jan - Dec), 2019",69.400,64.400,61.000,47.200,3378.000,96.400,18.600,38.600,11.800,0.300,12.100,88.800,87.000,91.900,90.200,90.100,76.600,98.800,91.900,4.600,95.400,37.900,13.900,67.400,,71.700,,1.300,16.800,35.900,41.600,29.400,22.400,87.500,,85.900,,,,,4.400,58.600,46.700,0.000,0.000,0.000,74.100,35.300,35.000,2.400,57.600,99.400,50.700,2.800,0.500,94.000,66.200,0.000,25.600,38.800,7.900,16.500,7.900,22.400,16.500,4.700,54.600,27.800,78.200,40.700,84.000,95.300,,65.100,3.100,23.400,70.200,89.700,95.700,32.800,1.900,0.700,91.600,837.000,1016.000,11.100,11.400,3.800,4.500,8.600,3.700,88.300,19.800,73.800,18.600,74.600,15.500,46.800,6.200,11.700,4.800,19.800,13.400,4.700
India,Uttarakhand,Chamoli,"Calendar Year (Jan - Dec), 2019",39.300,41.800,73.700,64.000,7882.000,75.300,8.800,,7.100,1.400,9.800,85.000,91.100,92.000,90.400,87.900,21.400,100.000,92.000,0.000,98.400,57.900,28.200,65.500,,49.900,2.000,7.500,5.000,34.100,21.600,16.200,63.100,96.900,,67.800,,,,,10.800,70.500,66.500,0.000,0.000,0.600,79.100,49.000,21.800,2.800,37.400,93.800,71.100,0.400,0.100,73.900,67.300,1.200,37.700,38.400,3.600,9.800,5.000,28.500,19.400,8.200,40.800,18.800,58.600,52.200,72.100,94.600,,41.800,1.400,26.100,87.600,94.400,99.500,40.900,5.700,1.500,100.000,1026.000,1087.000,10.300,9.300,3.600,0.200,2.200,3.000,96.800,3.400,89.200,24.200,73.500,9.600,59.000,3.400,6.800,2.900,19.700,15.100,3.700
India,Uttar Pradesh,Hathras,"Calendar Year (Jan - Dec), 2019",60.900,58.200,57.500,37.500,2896.000,82.500,13.900,40.700,5.800,4.800,5.300,71.600,79.500,85.200,72.600,76.100,27.600,95.100,88.400,4.200,92.500,40.100,10.000,72.100,,61.700,1.600,3.700,4.700,39.100,24.500,12.000,34.700,54.300,67.400,51.800,71.100,52.700,23.800,54.700,15.200,56.300,36.300,1.700,2.400,2.200,67.900,14.600,14.300,5.000,46.500,93.900,10.900,2.400,1.100,80.300,54.000,0.000,12.900,43.300,5.200,10.900,4.500,26.400,17.500,7.300,15.000,6.500,49.100,27.800,50.800,87.900,7.300,58.100,3.300,31.900,73.300,99.000,94.900,61.000,11.500,7.600,90.000,989.000,1029.000,5.900,13.800,4.800,0.500,8.000,5.700,66.900,28.100,65.500,23.800,52.900,15.900,39.100,3.600,7.600,3.300,22.400,13.600,6.300
India,Assam,Nalbari,"Calendar Year (Jan - Dec), 2019",66.800,66.400,53.300,38.700,6478.000,91.400,38.700,82.800,28.800,0.400,9.100,65.500,79.800,85.200,71.100,73.400,44.100,89.900,87.700,0.000,97.600,24.400,7.000,71.000,0.000,58.400,0.000,4.600,4.900,27.500,26.700,15.400,41.800,97.100,0.000,73.200,0.000,0.000,0.000,64.100,2.900,60.600,55.000,1.000,0.900,0.800,81.800,11.800,18.800,0.400,51.100,99.400,52.500,2.600,0.000,91.800,69.200,0.000,15.500,42.000,9.700,20.900,9.700,24.900,15.700,5.100,38.600,16.700,70.700,55.900,73.800,92.800,0.000,66.900,21.400,24.500,68.100,99.500,94.700,53.200,3.600,2.200,96.900,994.000,1043.000,8.800,13.200,4.800,2.400,11.700,8.600,74.000,28.100,83.900,21.800,75.000,16.400,41.600,8.000,17.400,8.000,22.500,12.000,5.000
India,Rajasthan,Bharatpur,"Calendar Year (Jan - Dec), 2019",61.700,60.800,61.200,48.400,2773.000,90.800,12.200,39.700,7.000,4.300,12.900,64.100,67.200,80.100,81.200,77.400,51.200,86.000,83.000,1.100,96.800,13.600,12.200,75.700,,44.900,0.000,5.100,4.300,40.300,29.100,12.200,37.900,79.400,48.200,76.800,70.500,47.300,23.000,77.400,8.500,47.900,67.700,0.300,1.400,0.600,62.400,35.900,19.300,1.300,24.300,89.800,84.800,0.700,0.400,92.100,74.600,0.000,12.100,47.500,3.100,7.700,3.700,23.600,16.400,4.500,13.700,3.900,55.400,33.200,75.900,86.900,,61.000,1.800,31.700,62.700,93.900,98.300,56.100,15.300,3.800,95.500,845.000,970.000,11.800,11.300,4.700,0.200,10.500,5.100,77.700,33.500,61.100,12.400,48.700,23.500,30.300,3.000,6.700,3.200,19.100,11.400,4.900
India,Gujarat,Mahisagar,"Calendar Year (Jan - Dec), 2019",79.400,72.500,73.300,59.100,2087.000,92.700,16.600,19.300,14.100,3.500,1.300,80.000,83.400,85.900,85.800,84.600,1.500,97.200,90.900,0.000,100.000,35.800,3.500,85.900,0.000,86.800,0.000,2.600,12.000,43.400,49.000,26.200,21.500,96.300,64.400,91.100,68.800,87.600,46.700,71.000,8.700,83.100,90.100,0.900,0.600,0.600,66.100,44.600,44.300,1.900,47.400,96.600,46.000,1.200,0.700,93.000,26.600,0.000,4.100,45.500,7.300,13.100,5.000,14.700,10.400,3.200,63.300,45.700,77.200,76.600,90.900,89.400,0.000,73.200,3.100,25.400,44.400,94.800,95.200,56.500,14.400,0.900,97.400,963.000,993.000,3.000,6.800,3.100,0.300,5.000,6.100,59.400,30.700,70.900,9.400,42.800,30.700,33.900,7.000,12.300,4.700,16.300,10.000,4.100
India,Himachal Pradesh,Hamirpur,"Calendar Year (Jan - Dec), 2019",48.200,49.500,57.700,51.400,4229.000,92.400,21.300,42.700,15.500,0.600,31.700,74.300,100.000,83.000,83.000,74.300,77.100,88.600,85.200,3.000,97.000,40.900,3.500,52.000,0.000,80.000,0.000,0.800,4.900,27.300,23.600,14.900,38.100,96.400,0.000,96.800,0.000,0.000,0.000,0.000,12.400,32.700,96.900,0.400,1.000,0.200,86.700,35.000,17.300,0.000,44.700,99.200,32.000,1.300,0.000,97.600,75.100,1.100,29.200,33.000,8.000,21.200,10.800,35.200,22.600,7.100,69.900,33.500,67.500,59.400,88.900,82.800,0.000,49.400,1.100,20.300,85.500,98.000,99.700,0.000,12.400,1.100,97.800,1073.000,1182.000,31.800,12.600,4.500,0.300,0.700,2.800,94.300,3.500,94.800,37.100,59.600,17.200,76.100,7.500,19.200,10.600,28.100,13.700,6.800
India,Uttar Pradesh,Basti,"Calendar Year (Jan - Dec), 2019",41.100,39.900,72.000,53.800,2062.000,92.000,11.600,49.500,5.900,2.600,6.100,73.800,77.400,76.300,76.300,84.600,45.600,93.100,86.000,2.200,96.500,33.100,5.700,58.400,20.900,78.500,,2.700,15.200,35.900,39.200,24.200,12.100,90.900,72.100,81.600,60.100,65.300,29.500,53.700,14.200,71.800,49.800,0.500,3.000,0.000,64.400,12.200,22.200,1.700,57.000,97.500,15.800,3.300,6.800,93.200,79.200,0.000,14.800,51.300,5.900,11.600,5.400,25.000,16.200,7.600,15.900,7.200,45.000,31.500,83.800,96.000,,40.300,15.500,31.700,64.200,100.000,94.600,28.800,10.400,7.700,99.000,895.000,1098.000,5.700,11.100,4.100,0.200,10.200,1.000,73.300,15.900,63.200,16.800,62.600,20.000,40.900,4.300,10.000,4.900,19.200,11.200,6.000
India,Maharashtra,Washim,"Calendar Year (Jan - Dec), 2019",53.900,56.400,71.300,68.300,3071.000,83.100,18.000,31.300,14.300,3.000,3.800,71.600,75.500,80.600,65.600,79.000,5.600,96.400,88.000,0.000,100.000,31.600,23.200,70.400,0.000,76.900,0.000,6.900,15.200,35.300,39.300,31.700,68.800,95.800,85.900,83.400,79.500,57.900,18.600,79.400,10.700,37.900,85.300,0.600,1.800,0.900,76.000,54.800,14.200,1.800,61.400,96.500,24.100,1.300,0.100,92.900,65.100,0.300,11.300,39.100,4.900,9.100,3.500,21.000,16.200,3.200,44.500,34.400,63.400,60.000,83.400,79.500,0.000,57.000,0.900,22.000,61.500,73.700,97.200,33.800,19.200,5.100,99.200,991.000,948.000,3.300,8.000,4.000,0.400,14.300,14.300,72.500,27.700,78.000,14.200,18.000,20.100,42.000,4.000,8.100,3.000,21.900,14.400,4.700
India,Karnataka,Bidar,"Calendar Year (Jan - Dec), 2019",51.700,55.900,69.100,68.500,4091.000,91.700,21.800,42.300,15.000,4.200,13.000,74.800,77.700,86.600,85.600,87.200,13.000,97.700,81.800,5.100,93.600,26.400,7.100,69.300,0.000,80.500,0.000,2.500,11.100,36.800,36.100,22.100,31.300,97.900,58.500,86.500,76.700,83.400,56.800,56.900,5.400,81.900,76.500,0.200,0.400,0.500,68.200,50.100,40.700,0.300,65.200,97.700,21.400,2.000,1.600,99.000,73.400,0.000,16.600,31.200,6.300,12.500,5.000,24.100,15.700,5.400,39.700,26.400,62.700,55.300,89.600,97.400,0.000,55.700,8.000,27.300,56.500,98.900,98.800,60.400,9.000,2.400,96.800,898.000,1034.000,13.800,8.100,3.600,0.300,8.500,4.000,81.600,19.200,73.800,20.800,39.600,24.900,45.000,4.700,9.000,3.400,21.200,13.000,4.200
India,Madhya Pradesh,Bhopal,"Calendar Year (Jan - Dec), 2019",54.600,53.500,78.700,73.700,3176.000,92.100,21.900,,23.400,0.500,,,,,,,,,,,,,24.400,68.500,,84.600,,1.800,4.300,19.900,29.100,20.600,36.000,94.500,,86.600,,,,,17.300,78.100,88.100,0.000,0.000,0.000,78.300,46.400,20.600,0.000,83.600,99.500,50.700,2.900,0.000,98.300,67.700,0.600,14.500,32.900,6.900,12.900,4.900,24.900,18.500,5.100,61.300,42.500,90.200,64.600,89.500,95.400,,53.900,3.900,22.500,79.600,96.700,99.600,,2.300,0.600,95.400,1261.000,927.000,14.400,9.600,5.200,0.200,8.500,3.700,78.200,11.300,80.000,31.500,29.000,18.200,47.400,7.800,14.300,5.900,22.400,11.500,6.800
India,Telangana,Jogulamba Gadwal,"Calendar Year (Jan - Dec), 2019",66.900,64.600,75.500,74.900,2832.000,91.700,41.700,65.800,22.200,2.200,6.800,86.900,92.300,92.400,92.400,86.900,0.000,95.200,93.500,1.200,98.800,37.600,12.500,82.400,0.000,75.000,0.000,2.800,4.900,49.700,41.700,17.300,40.000,81.700,76.700,88.200,0.000,0.000,0.000,88.700,0.100,43.300,72.800,0.500,2.400,3.200,47.800,71.500,24.700,2.500,86.100,85.300,61.800,0.500,0.000,94.200,46.500,0.000,34.600,23.700,6.100,14.300,7.700,29.700,17.100,9.600,56.600,27.600,88.300,72.900,88.300,92.600,0.000,64.100,0.200,26.800,73.700,97.000,99.800,76.900,5.400,3.700,96.500,853.000,1037.000,7.200,2.600,1.600,7.100,9.700,15.900,77.300,34.600,45.000,21.900,29.900,27.500,27.400,3.400,9.300,4.900,21.500,13.000,5.300
India,Tamil Nadu,Ranipet,"Calendar Year (Jan - Dec), 2019",47.200,50.600,65.200,63.200,2272.000,100.000,42.400,43.900,42.100,1.900,8.800,92.700,97.200,94.300,91.200,93.900,80.800,97.000,95.500,13.900,86.100,46.400,16.600,60.900,,71.600,,4.200,2.500,29.800,19.700,13.100,76.400,96.500,,96.700,,,,,0.500,98.900,91.700,0.500,1.800,0.200,80.000,59.500,32.700,0.500,85.300,93.800,71.400,3.100,0.200,99.500,67.600,0.000,23.000,14.400,8.000,21.400,12.400,25.600,16.800,6.400,94.200,84.600,84.400,95.400,98.600,96.800,,50.700,0.000,22.400,76.200,97.700,99.300,,2.800,0.300,100.000,722.000,1070.000,9.900,6.700,3.600,0.300,4.300,4.900,98.500,14.900,81.600,45.400,51.500,11.400,52.500,8.100,20.400,11.100,25.900,14.100,7.100
India,Uttar Pradesh,Barabanki,"Calendar Year (Jan - Dec), 2019",61.100,55.300,45.400,38.300,3205.000,73.300,9.000,29.300,8.200,3.900,7.200,64.400,67.200,78.300,71.200,74.700,30.100,94.900,78.200,1.300,93.400,33.700,15.900,65.500,,64.800,7.200,3.000,7.800,41.900,31.900,18.100,30.200,68.100,60.800,42.400,,,,44.900,19.300,65.000,24.500,0.000,1.300,1.200,65.100,9.800,19.400,5.000,47.800,78.200,14.600,1.600,1.000,76.000,63.100,0.000,11.300,50.200,5.200,12.000,5.600,22.700,14.800,6.600,12.500,5.300,43.300,22.600,41.500,83.700,,55.000,3.500,32.600,62.400,98.800,74.800,60.700,5.200,4.800,91.600,951.000,1074.000,6.700,21.400,7.900,0.200,11.200,3.400,58.100,20.400,56.100,17.100,64.500,26.000,29.500,3.200,9.400,4.600,19.100,11.100,6.000
India,Rajasthan,Jaipur,"Calendar Year (Jan - Dec), 2019",53.600,54.100,76.900,66.700,3252.000,98.000,18.000,25.000,15.600,1.300,5.200,89.300,96.800,97.100,97.100,89.300,89.800,98.600,98.600,2.700,97.300,22.000,19.800,71.300,,62.300,,2.000,4.200,25.000,20.800,14.600,40.700,90.900,67.800,92.600,,,,79.400,16.900,58.800,81.900,0.400,1.300,0.100,68.100,44.800,20.200,1.200,60.100,95.300,81.500,1.700,0.400,97.300,67.000,0.400,7.700,33.100,4.800,8.500,2.800,16.500,11.700,3.300,20.600,8.900,81.300,53.500,89.400,92.500,,54.400,2.000,25.600,79.600,99.900,99.500,43.700,4.300,0.600,97.600,915.000,944.000,5.800,5.400,2.800,0.200,6.300,1.800,91.800,23.100,72.400,18.100,60.600,16.600,47.900,4.200,7.900,2.900,14.700,9.100,3.100
India,Manipur,Kangpokpi,"Calendar Year (Jan - Dec), 2019",23.861,27.442,65.125,17.497,12285.472,65.139,8.934,50.525,11.109,2.493,21.683,65.056,79.863,77.131,77.223,70.940,14.850,87.264,75.233,1.645,98.346,12.689,26.245,48.509,68.955,37.328,0.000,6.669,5.485,27.256,12.907,10.705,57.549,94.458,63.482,36.224,0.287,0.413,0.112,39.623,3.211,44.898,75.188,0.713,1.504,0.009,79.638,2.805,6.400,19.212,50.144,98.801,15.358,4.294,0.796,46.028,36.252,0.100,35.105,63.649,5.909,10.938,4.325,28.239,18.018,9.501,28.536,15.681,73.923,65.010,37.240,85.219,0.000,27.942,6.090,32.965,84.276,64.528,98.799,18.345,4.436,2.298,76.984,937.990,1053.030,21.887,8.541,4.106,1.198,46.068,6.316,84.360,15.499,81.940,24.975,69.150,5.317,39.651,4.613,9.830,4.813,18.716,10.805,7.089
India,Kerala,Kozhikode,"Calendar Year (Jan - Dec), 2019",32.600,29.800,67.700,58.500,4734.000,100.000,45.700,48.800,41.400,1.000,26.700,88.800,92.300,90.700,89.400,96.200,16.500,98.100,90.700,18.800,81.200,12.900,36.500,32.100,0.000,80.900,0.000,4.400,3.400,21.300,18.900,14.100,85.600,98.900,0.000,89.000,0.000,0.000,0.000,91.200,3.400,71.500,98.600,1.600,2.300,1.100,97.700,52.500,14.400,0.000,73.800,99.800,61.100,1.400,0.000,100.000,42.200,0.000,13.500,11.300,10.200,23.900,11.700,28.400,18.900,4.000,85.700,76.100,98.300,91.800,91.000,96.700,0.000,30.200,0.300,19.900,99.600,93.300,99.600,23.200,2.300,1.200,96.600,1000.000,1112.000,25.100,9.600,5.900,0.000,0.800,3.800,96.500,4.200,99.100,30.700,74.200,8.400,84.300,7.700,22.500,11.700,29.600,16.000,6.000
India,Nagaland,Kiphire,"Calendar Year (Jan - Dec), 2019",36.000,31.400,42.500,32.700,6288.000,46.700,2.100,0.000,5.100,2.400,13.900,42.800,73.500,60.200,49.300,53.100,9.800,82.100,66.200,2.100,91.300,21.400,3.500,55.200,0.000,41.800,2.100,7.500,5.800,36.900,25.000,11.000,55.500,72.300,44.800,33.500,0.000,0.000,0.000,0.000,2.500,66.100,28.100,1.100,1.200,0.900,77.400,5.800,9.700,11.900,16.400,99.700,8.800,20.200,0.200,34.800,33.800,0.000,15.800,44.200,7.000,11.700,3.700,22.000,15.300,5.200,1.600,0.800,27.200,5.800,31.900,63.000,7.500,31.900,3.800,32.400,83.100,90.900,97.900,19.500,7.900,1.600,92.400,871.000,954.000,12.000,17.300,10.200,1.000,10.100,9.000,69.100,22.500,73.700,9.300,58.700,13.900,22.000,5.700,7.800,2.000,15.300,10.200,4.100
India,Meghalaya,Ri Bhoi,"Calendar Year (Jan - Dec), 2019",57.100,62.400,33.100,19.700,3648.000,65.800,8.700,36.600,10.000,5.500,38.200,74.800,86.700,82.800,71.500,77.100,4.400,94.000,80.900,4.100,92.600,11.800,28.700,45.700,63.500,66.300,3.000,4.800,7.500,42.500,29.600,17.900,85.900,85.900,36.800,39.300,53.500,69.600,42.100,68.700,4.400,71.100,51.100,0.400,0.600,0.400,85.300,6.300,34.200,8.400,21.000,96.600,66.800,4.900,0.200,56.900,45.600,0.000,30.900,60.400,4.900,8.100,2.700,16.000,12.300,2.900,48.800,22.400,56.100,61.000,39.500,86.200,34.700,62.200,3.700,40.400,85.300,86.200,92.100,65.000,11.300,3.600,97.500,871.000,998.000,37.300,27.000,18.400,0.700,34.100,6.800,67.800,20.300,89.500,12.200,59.400,15.500,23.100,4.600,8.000,2.800,13.500,7.400,2.000
India,Kerala,Pathanamthitta,"Calendar Year (Jan - Dec), 2019",20.900,36.400,59.300,54.400,7608.000,99.200,57.600,61.100,53.000,0.000,54.100,0.000,0.000,0.000,0.000,0.000,0.000,0.000,0.000,0.000,0.000,0.000,31.500,44.200,0.000,90.900,0.000,5.000,3.900,22.700,11.200,11.400,65.000,100.000,0.000,93.200,0.000,0.000,0.000,78.600,3.400,63.100,95.100,4.100,7.700,0.800,97.700,47.600,16.200,0.000,60.100,99.600,50.100,2.600,0.000,99.100,36.800,0.200,23.800,22.300,9.200,34.700,20.500,41.900,24.000,9.200,74.700,58.600,92.900,83.900,95.200,94.200,0.000,36.900,0.500,16.400,98.900,94.100,99.600,0.000,4.700,3.500,92.200,916.000,1174.000,50.100,12.300,4.900,0.200,1.500,0.000,97.900,0.000,99.700,43.800,61.600,12.300,84.500,8.500,32.100,17.900,42.100,17.700,11.700
India,Telangana,Rajanna Sircilla,"Calendar Year (Jan - Dec), 2019",61.400,56.000,60.700,59.300,3065.000,95.400,77.200,90.900,60.600,1.900,8.100,84.100,85.100,94.400,92.800,86.100,1.500,96.400,94.800,3.300,96.800,41.900,9.100,65.700,0.000,73.300,0.000,2.300,8.900,22.400,26.100,19.400,32.500,91.200,0.000,90.100,0.000,0.000,0.000,72.700,1.800,60.000,76.700,1.200,6.900,3.300,56.400,49.900,18.900,1.200,96.600,98.500,62.800,0.000,0.300,97.600,37.700,5.900,49.900,19.400,6.200,20.300,11.400,36.000,19.500,8.000,55.200,34.000,90.400,67.100,89.900,96.300,0.000,56.600,0.300,21.300,77.400,98.700,99.800,36.600,6.100,2.100,99.000,1115.000,1167.000,7.800,9.900,2.900,6.100,8.500,3.000,92.200,13.200,64.700,23.800,43.100,18.600,46.400,6.500,13.200,5.100,30.200,15.900,7.300
India,Telangana,Jangoan,"Calendar Year (Jan - Dec), 2019",58.800,57.500,71.000,70.400,4741.000,90.100,79.100,86.000,73.000,1.300,11.100,84.200,91.200,94.700,89.400,84.200,0.000,94.700,94.700,0.000,100.000,40.600,9.300,69.500,0.000,80.800,0.000,6.400,10.100,33.400,30.900,22.900,41.900,86.600,79.300,96.500,0.000,0.000,0.000,81.000,0.400,33.900,66.300,0.200,3.100,0.200,56.600,67.200,19.500,0.000,91.100,96.800,71.700,0.300,0.000,99.600,49.600,1.400,60.600,27.100,8.100,18.300,8.800,29.000,18.300,7.600,59.400,34.800,89.700,65.400,85.600,86.100,0.000,57.300,0.300,19.100,84.300,99.400,99.300,0.000,10.800,2.700,98.900,1089.000,1066.000,10.700,4.600,2.500,11.300,4.100,6.500,93.600,20.300,65.500,24.100,41.100,18.200,44.000,6.500,14.400,6.900,26.100,13.400,6.200
India,Gujarat,Narmada,"Calendar Year (Jan - Dec), 2019",83.000,75.900,80.200,67.000,753.000,84.200,7.300,27.200,4.800,2.000,4.300,82.800,93.800,84.600,84.600,82.800,2.000,88.300,84.600,2.400,97.600,33.900,4.900,93.200,0.000,87.300,13.100,3.100,9.900,47.200,52.800,23.000,30.600,98.200,74.200,87.600,0.000,0.000,0.000,0.000,7.000,75.600,98.000,0.000,0.000,0.000,66.000,56.300,45.000,2.900,31.300,98.500,51.100,1.400,0.000,81.700,66.300,0.000,11.900,48.800,6.600,13.100,6.100,20.800,14.500,4.800,65.100,48.400,81.700,83.400,87.200,94.300,0.000,75.900,0.800,26.000,54.600,96.800,92.700,75.600,7.500,1.000,99.600,853.000,1006.000,4.100,5.300,2.300,1.200,14.600,12.000,52.500,29.500,67.300,11.100,56.000,30.700,22.600,6.300,10.800,4.000,19.200,12.000,5.600
India,Assam,Darrang,"Calendar Year (Jan - Dec), 2019",69.900,70.400,46.800,36.500,7001.000,87.000,10.800,0.000,10.000,0.600,9.200,57.100,58.100,76.700,70.400,68.700,34.400,94.900,82.200,1.100,98.900,11.900,3.200,66.800,0.000,47.000,6.000,5.600,9.100,42.000,33.100,27.000,51.700,96.900,61.100,66.300,0.000,0.000,0.000,62.400,3.100,51.200,69.200,0.000,0.400,0.000,75.200,3.500,18.000,2.300,30.100,97.400,53.700,2.800,0.900,84.400,81.100,0.100,7.800,43.000,8.300,14.200,4.800,14.500,8.900,2.000,43.300,22.300,56.500,37.500,53.200,91.100,0.000,71.400,25.800,29.200,67.900,99.700,89.500,51.600,2.100,2.300,99.000,757.000,929.000,9.100,14.800,5.800,0.300,10.200,16.100,62.200,42.800,75.600,13.300,71.000,17.400,27.500,7.000,11.000,3.400,16.700,9.600,4.300
India,Telangana,Mancherial,"Calendar Year (Jan - Dec), 2019",62.300,56.700,55.300,55.300,3041.000,96.900,67.900,92.600,46.800,0.900,4.300,76.000,87.400,92.700,81.700,83.000,4.900,100.000,87.500,24.300,75.800,46.500,16.100,58.700,0.000,63.900,0.000,3.400,10.000,25.900,27.400,22.100,24.200,93.200,0.000,85.300,0.000,0.000,0.000,67.500,0.000,33.000,73.600,0.200,1.800,1.900,58.400,53.900,9.500,4.000,93.100,97.700,64.400,0.200,0.200,90.100,33.900,0.500,44.100,22.400,6.500,16.100,7.100,32.000,19.500,8.500,68.100,49.000,86.700,64.700,87.700,89.600,0.000,57.100,0.200,19.500,78.100,95.600,99.600,0.000,12.600,1.100,93.600,909.000,1065.000,5.900,11.300,2.900,1.900,6.500,3.700,88.100,14.000,69.500,24.600,43.300,21.900,48.800,6.700,14.200,6.000,27.900,14.700,6.700
India,Gujarat,Banas Kantha,"Calendar Year (Jan - Dec), 2019",65.800,60.000,42.600,37.500,1377.000,92.700,18.500,24.700,9.500,4.800,4.500,43.500,66.500,64.100,64.500,52.200,1.800,86.400,63.700,12.700,87.300,11.200,2.300,79.000,0.000,75.500,0.000,1.200,8.500,39.000,44.100,25.500,47.900,96.100,57.500,87.400,66.200,70.200,37.700,67.100,4.300,58.700,82.300,0.300,0.300,0.000,61.100,29.100,25.100,1.200,45.600,96.600,41.000,1.700,0.200,92.900,29.100,0.000,5.100,37.300,8.900,15.800,6.300,15.700,9.200,4.400,56.800,42.700,68.000,56.100,86.100,74.500,0.000,59.600,2.200,29.200,53.900,93.600,91.100,68.600,7.700,0.000,92.900,967.000,1007.000,3.800,18.500,6.900,0.100,7.500,5.100,52.700,37.300,63.700,11.700,32.000,36.700,17.600,7.600,12.900,5.000,14.300,7.900,2.900
India,Sikkim,East District,"Calendar Year (Jan - Dec), 2019",44.600,43.300,54.300,42.800,8471.000,94.200,36.900,52.000,36.600,0.000,21.800,0.000,0.000,0.000,0.000,0.000,0.000,0.000,0.000,0.000,0.000,0.000,47.400,49.800,0.000,88.400,0.000,6.500,5.600,17.800,13.000,14.300,27.100,95.900,0.000,59.200,0.000,0.000,0.000,63.400,9.100,52.900,68.400,0.000,0.100,1.200,86.400,14.700,17.000,3.900,87.600,97.700,29.900,3.900,1.600,91.800,70.400,0.800,35.900,37.900,6.700,15.800,8.100,34.200,19.100,12.000,48.300,27.600,53.400,43.800,65.800,90.300,0.000,43.300,11.600,19.300,85.000,93.600,99.400,0.000,6.500,0.500,91.900,1000.000,1008.000,25.200,17.700,7.200,14.500,11.200,1.700,84.800,9.400,90.100,38.200,68.300,7.700,53.200,7.400,14.600,5.500,31.600,15.400,11.000
India,Rajasthan,Udaipur,"Calendar Year (Jan - Dec), 2019",63.300,60.500,75.500,65.700,1480.000,97.400,7.300,36.600,5.400,1.800,6.500,86.800,89.500,90.200,90.200,88.500,76.400,95.300,91.900,0.000,100.000,22.400,3.900,76.900,,74.200,,1.800,3.100,34.000,26.600,8.600,44.600,97.800,81.600,95.200,89.100,78.100,46.000,74.300,13.500,71.100,82.300,0.000,0.000,0.000,63.800,43.800,34.600,1.600,34.300,98.400,94.300,3.500,1.300,96.100,89.400,0.000,14.400,42.500,6.600,10.500,3.300,16.500,13.100,2.400,44.700,17.400,69.600,62.300,96.600,98.400,,61.400,3.400,27.600,60.300,92.700,98.100,39.700,6.900,1.800,100.000,833.000,998.000,6.100,4.400,2.100,0.300,4.500,4.500,85.700,18.200,62.000,9.100,70.400,17.500,30.100,5.400,8.800,2.800,14.400,10.000,3.200
India,Odisha,Kalahandi,"Calendar Year (Jan - Dec), 2019",66.400,64.200,75.900,48.600,2271.000,92.200,13.200,29.500,12.800,0.500,17.900,91.300,91.300,91.300,91.300,93.000,90.900,100.000,98.100,0.000,100.000,41.100,16.200,68.800,,91.600,,2.100,6.000,33.000,33.600,17.200,68.900,85.700,84.600,90.100,,,,,4.400,80.700,66.500,0.000,0.000,0.000,62.500,29.400,36.100,2.200,28.900,97.600,48.600,1.800,0.100,92.800,84.700,0.200,30.100,50.500,7.200,14.400,6.900,26.200,18.700,6.100,61.000,32.200,80.100,82.900,94.000,96.800,,64.000,11.300,25.800,64.400,96.500,97.200,70.200,4.200,2.700,99.400,903.000,1051.000,16.400,4.000,1.600,0.800,23.200,1.900,70.500,16.300,61.800,15.000,58.100,23.800,26.500,5.200,11.700,6.000,26.400,16.500,7.800
India,Jammu And Kashmir,Rajouri,"Calendar Year (Jan - Dec), 2019",72.000,60.600,65.900,56.200,4199.000,94.400,29.000,0.000,30.700,0.300,7.000,95.000,98.100,98.200,98.200,95.000,12.400,100.000,96.900,3.200,96.800,44.600,0.000,76.400,0.000,79.700,14.600,5.200,12.000,30.300,32.400,22.500,45.600,97.800,42.100,75.800,56.400,76.700,47.400,38.000,6.300,53.700,74.200,0.200,0.200,0.000,72.600,24.200,6.400,5.600,42.800,96.000,16.400,7.000,3.500,88.800,84.900,0.000,8.200,44.800,5.400,8.400,2.400,13.800,9.600,2.400,17.400,3.800,82.500,71.900,78.700,94.300,0.000,62.000,14.400,26.400,63.300,77.700,100.000,41.800,10.700,6.100,95.400,968.000,901.000,7.700,5.700,3.800,0.100,3.200,4.100,53.100,12.200,79.400,22.700,86.500,4.800,46.400,4.700,8.000,2.600,16.500,11.300,2.700
India,Mizoram,Lawngtlai,"Calendar Year (Jan - Dec), 2019",45.500,48.500,29.700,29.100,7318.000,59.900,3.900,0.000,5.400,2.600,7.400,70.200,91.700,74.100,72.600,75.300,0.000,75.600,76.800,0.000,96.900,23.200,3.600,55.300,0.000,53.900,0.700,9.100,11.400,32.700,16.900,16.200,60.900,99.300,64.400,28.400,0.000,0.000,0.000,0.000,2.800,59.100,85.400,1.500,2.700,0.500,79.900,12.200,11.300,9.300,56.300,97.000,31.300,1.600,0.300,53.700,48.400,0.000,27.200,77.200,9.000,15.400,5.500,20.300,12.900,5.400,50.700,7.400,51.500,33.000,46.200,72.300,0.000,48.600,12.100,32.800,90.300,82.200,89.000,46.500,2.700,0.500,93.800,1131.000,1051.000,9.200,17.300,13.000,0.900,65.400,9.200,71.000,16.000,76.000,14.100,44.400,7.100,32.200,6.600,11.400,4.300,13.000,8.200,3.200
India,Madhya Pradesh,Mandla,"Calendar Year (Jan - Dec), 2019",64.200,60.600,79.100,74.300,735.000,76.700,10.200,,6.000,2.200,8.100,88.900,94.600,93.500,93.500,92.300,78.600,96.700,93.100,0.000,100.000,38.400,21.200,70.200,,94.900,11.600,2.000,3.900,32.100,33.000,15.900,42.900,97.700,92.000,83.500,70.700,81.500,35.800,69.200,3.400,63.700,86.700,0.000,0.200,0.200,68.300,64.000,38.800,2.000,22.300,94.300,42.600,2.000,0.300,87.600,81.000,1.400,28.600,57.500,6.500,14.600,6.900,30.400,21.800,7.200,60.500,40.900,81.700,54.400,84.200,97.500,,60.500,1.100,25.100,58.400,79.700,96.800,64.300,9.200,3.500,98.500,1130.000,1052.000,7.300,3.600,1.000,3.600,29.500,2.600,53.400,15.000,66.500,10.700,49.300,26.800,30.500,6.200,11.900,5.400,24.900,18.200,4.400
India,Tamil Nadu,Thanjavur,"Calendar Year (Jan - Dec), 2019",59.765,58.925,64.825,60.655,3422.133,100.000,51.318,76.757,33.896,2.100,10.519,78.611,66.850,86.298,80.547,78.630,33.580,99.961,89.465,10.096,89.904,32.007,29.901,64.715,,50.038,,4.943,3.780,19.681,21.966,8.447,62.826,99.295,,97.053,,,,68.695,2.579,66.229,82.679,4.470,8.944,2.180,80.582,51.780,23.338,0.000,69.459,95.279,70.571,4.900,0.299,100.000,59.637,0.000,29.927,22.349,7.618,28.971,18.367,34.511,19.650,9.967,79.318,67.175,85.966,93.672,93.753,89.367,0.216,59.025,0.198,19.622,79.547,99.667,98.806,,4.778,2.574,99.003,935.962,1113.128,18.178,9.475,2.697,0.499,7.548,8.412,98.217,4.104,83.815,42.706,54.854,12.700,54.356,7.807,23.294,12.887,28.732,16.960,6.969
India,Maharashtra,Nashik,"Calendar Year (Jan - Dec), 2019",56.200,56.200,55.000,54.000,1698.000,89.900,21.200,38.600,12.300,2.400,12.100,70.400,82.800,80.300,67.400,74.300,2.100,88.600,76.200,7.800,92.200,30.300,16.700,67.300,0.000,58.700,0.000,2.200,11.400,42.200,44.800,27.200,46.500,93.600,68.000,83.400,75.300,62.200,13.400,76.300,8.800,55.700,94.200,0.200,0.400,0.000,78.200,41.300,10.700,3.300,72.500,91.600,14.700,1.500,0.200,90.500,52.000,0.300,12.200,35.000,5.200,12.000,5.600,26.100,16.600,7.200,43.400,23.000,66.900,66.400,76.500,81.300,0.000,55.400,1.800,25.500,68.300,86.300,95.300,73.400,19.200,4.700,96.000,816.000,913.000,13.500,12.000,4.600,0.200,15.400,14.000,79.300,29.600,80.000,21.700,37.600,25.600,42.600,4.400,10.300,4.800,22.500,13.300,5.400
India,Rajasthan,Jodhpur,"Calendar Year (Jan - Dec), 2019",50.100,43.400,78.900,66.400,2286.000,92.600,13.600,35.100,10.800,2.600,13.100,81.200,77.000,85.900,84.100,87.200,46.100,94.100,89.000,2.700,97.300,23.400,1.700,64.400,67.200,69.800,0.000,5.500,6.000,32.600,25.400,13.300,27.900,97.100,64.700,83.900,85.000,88.600,17.000,55.000,18.000,70.800,83.300,0.200,0.000,0.300,64.800,41.000,21.500,3.100,56.100,94.500,87.500,1.600,0.300,90.000,73.900,0.000,7.500,43.600,4.800,7.500,2.400,16.500,12.800,2.600,46.300,24.400,71.900,56.700,81.600,96.400,,44.200,4.800,30.300,75.400,96.500,98.400,23.600,5.300,2.400,99.400,872.000,1042.000,12.500,5.700,3.200,0.200,6.900,5.100,89.500,28.100,67.400,13.300,52.800,16.900,34.600,3.100,6.300,2.200,13.100,8.700,2.600
India,Chhattisgarh,Balrampur,"Calendar Year (Jan - Dec), 2019",55.600,63.400,52.000,46.800,966.000,89.200,8.800,,8.200,2.600,14.100,76.100,86.200,86.400,84.900,76.100,61.000,92.400,89.200,1.600,98.500,17.000,1.500,50.100,46.600,83.200,12.700,1.600,7.900,35.100,38.800,23.000,38.300,94.600,85.200,72.700,,,,,3.200,83.500,78.400,0.000,0.000,0.000,62.100,32.200,35.900,10.400,13.200,99.500,62.300,2.900,0.200,78.900,72.700,0.000,44.500,53.200,5.500,11.200,5.100,31.200,20.300,10.000,55.000,34.200,76.400,52.100,78.600,89.400,,63.200,1.900,29.200,57.300,84.400,97.900,65.500,1.100,0.500,88.500,887.000,980.000,13.400,16.000,3.400,16.200,21.400,9.100,60.700,24.600,65.400,9.900,40.500,28.700,32.200,4.100,7.900,3.700,25.200,15.500,9.200
India,Nagaland,Peren,"Calendar Year (Jan - Dec), 2019",29.500,29.700,58.600,42.000,4945.000,52.500,2.400,0.000,4.300,5.000,9.000,63.300,76.400,71.200,65.100,71.900,0.400,86.800,74.200,0.000,94.700,12.500,4.300,51.000,0.000,42.500,0.000,4.100,1.700,34.900,20.700,9.100,58.500,78.700,38.300,45.100,0.000,0.000,0.000,32.400,4.000,75.900,19.300,0.200,0.300,0.200,81.100,9.900,8.200,9.600,31.400,99.500,5.400,19.000,0.500,43.500,38.700,0.000,26.100,49.200,7.500,14.600,7.000,27.700,19.700,7.200,6.100,2.100,45.100,14.500,46.900,85.100,14.600,29.900,7.000,28.500,89.400,92.500,98.200,26.400,3.400,0.500,97.300,896.000,1079.000,11.000,6.200,4.500,1.400,13.400,4.400,68.100,9.100,77.600,16.400,65.900,6.600,35.500,4.100,8.000,3.700,19.800,13.200,5.100
India,Maharashtra,Sangli,"Calendar Year (Jan - Dec), 2019",42.500,47.500,67.100,64.700,3548.000,97.600,34.300,43.200,22.200,0.800,4.600,75.000,83.300,82.800,77.100,81.400,2.000,96.300,89.200,8.300,88.600,11.300,39.900,62.700,0.000,78.900,0.000,6.700,7.800,35.000,27.200,18.600,46.500,93.800,0.000,95.000,0.000,0.000,0.000,0.000,5.700,56.200,94.600,4.100,3.900,4.100,80.400,56.500,27.600,1.700,87.300,98.800,12.300,1.100,0.200,98.000,38.500,0.300,7.700,31.500,10.500,18.000,6.100,32.000,21.600,5.900,58.200,32.100,66.000,80.100,95.600,97.400,0.000,47.600,0.900,21.400,84.700,96.800,98.200,42.300,3.800,0.300,97.100,1012.000,1027.000,5.300,10.400,4.700,0.200,11.400,10.400,87.400,27.000,90.300,27.800,50.800,15.000,54.600,8.300,15.200,5.600,30.100,18.200,6.700
India,Tamil Nadu,Coimbatore,"Calendar Year (Jan - Dec), 2019",51.204,48.836,66.667,62.186,5577.672,100.000,50.773,73.047,35.870,1.281,9.557,94.382,94.495,94.524,90.819,98.152,86.778,99.942,98.213,21.786,78.156,50.004,52.544,37.920,,75.117,,4.263,2.776,23.052,18.570,7.152,65.013,98.502,,98.491,,,,,3.069,88.801,96.207,8.454,13.439,1.101,84.210,53.333,40.818,0.000,95.300,98.794,61.192,4.992,0.001,100.000,60.131,0.000,22.944,21.402,7.706,18.254,8.958,33.292,23.278,7.631,91.535,76.005,72.705,90.038,95.345,91.835,,48.740,0.003,19.305,78.571,99.850,99.389,50.255,2.876,1.183,99.991,953.222,1061.487,11.706,9.052,1.994,0.508,5.519,10.213,99.656,19.668,89.296,49.845,56.880,10.110,62.804,6.779,19.020,10.245,29.271,17.141,7.943
India,Haryana,Kaithal,"Calendar Year (Jan - Dec), 2019",64.300,61.500,76.500,61.000,1038.000,99.700,24.900,52.000,12.000,3.700,10.900,74.300,86.300,91.900,91.900,76.400,89.000,89.700,91.900,0.000,100.000,44.700,4.300,61.400,,70.500,,2.300,9.500,29.900,29.900,20.700,50.200,99.600,,93.900,,,,,15.400,58.500,95.300,0.200,0.000,0.200,66.300,36.400,12.500,1.500,55.900,97.000,29.100,4.000,0.400,98.200,65.400,3.000,13.800,22.600,9.600,16.900,6.500,20.400,13.200,5.200,66.000,46.800,81.400,68.800,95.300,96.500,,62.500,1.500,24.400,89.700,98.500,100.000,43.200,4.500,1.600,97.900,804.000,929.000,10.000,4.800,1.700,0.000,1.700,4.700,92.100,11.000,70.900,32.700,72.900,16.500,45.900,8.700,15.800,6.500,16.900,9.500,4.300
India,Haryana,Kurukshetra,"Calendar Year (Jan - Dec), 2019",57.700,57.100,68.400,63.000,1662.000,97.600,21.900,42.100,11.200,1.400,30.900,69.800,72.100,98.500,91.600,73.600,87.400,97.000,94.600,3.800,96.200,30.900,20.000,73.700,,72.600,,7.000,5.000,24.900,22.500,12.800,41.600,97.900,74.300,96.500,75.800,69.100,30.700,71.900,30.100,76.000,86.700,0.600,1.200,0.300,75.300,22.000,20.200,0.600,77.600,97.100,19.200,4.700,0.300,98.400,63.100,1.200,19.300,24.300,5.100,12.100,4.900,34.400,22.900,9.700,70.600,51.400,82.700,59.800,95.300,92.100,,57.500,3.800,24.700,82.600,99.900,99.600,46.300,7.700,7.700,98.200,869.000,941.000,28.700,9.500,4.400,0.200,1.300,3.900,92.300,11.700,83.000,37.300,69.600,11.800,48.400,4.800,12.500,6.200,30.400,17.900,7.800
India,Karnataka,Hassan,"Calendar Year (Jan - Dec), 2019",34.200,42.200,78.100,77.500,3421.000,97.100,41.800,71.600,30.000,0.000,25.200,96.800,94.300,100.000,97.300,96.800,8.700,100.000,100.000,2.600,97.400,39.300,8.900,63.600,0.000,91.700,0.000,5.100,5.200,27.100,23.800,15.200,43.100,98.400,0.000,86.100,0.000,0.000,0.000,0.000,3.300,82.200,90.000,0.000,0.000,0.000,74.400,62.100,57.100,0.000,86.100,98.500,36.900,6.300,0.800,100.000,71.700,0.400,26.600,29.000,8.800,18.700,9.100,29.500,18.000,8.000,50.100,33.600,67.600,75.800,92.600,98.600,0.000,42.000,3.200,20.200,87.900,96.800,99.300,47.000,4.000,1.900,97.800,872.000,1102.000,29.100,5.200,1.800,1.000,10.900,6.400,92.000,16.200,82.000,36.100,57.000,11.100,51.300,6.600,16.300,8.400,28.100,15.700,7.600
India,Meghalaya,West Khasi Hills,"Calendar Year (Jan - Dec), 2019",40.400,51.800,26.300,15.300,2947.000,49.300,4.700,30.600,8.300,8.000,28.500,62.500,77.400,68.200,66.400,67.600,0.700,86.700,71.500,0.900,95.900,12.300,34.800,56.200,59.800,63.400,0.400,3.100,2.700,59.000,31.100,8.000,81.200,79.200,41.500,41.400,77.400,75.100,48.800,75.300,0.500,72.800,49.000,0.000,0.800,0.200,85.100,9.300,43.400,7.200,8.600,97.300,60.100,1.600,1.100,41.700,36.100,0.000,34.400,73.300,4.300,7.600,2.700,16.400,11.800,3.800,51.600,21.000,45.300,64.000,42.000,81.600,24.900,52.100,2.800,50.600,87.800,80.500,85.000,49.600,10.100,6.500,97.300,984.000,1038.000,27.500,25.800,21.100,1.600,50.200,12.900,48.900,30.300,87.400,8.700,57.800,14.600,16.400,2.300,5.600,2.600,16.000,9.100,4.800
India,Punjab,Sangrur,"Calendar Year (Jan - Dec), 2019",62.700,52.600,57.000,48.200,5693.000,97.700,36.200,45.300,34.000,2.000,3.400,89.600,92.600,93.700,91.300,95.800,71.500,95.700,95.900,5.400,94.600,27.700,14.500,66.900,,64.900,,2.700,3.800,23.400,18.100,10.400,65.300,98.400,,87.900,,,,52.000,17.900,82.800,86.200,0.700,2.600,0.500,73.500,23.300,19.400,4.500,69.800,95.300,18.700,4.300,0.000,94.700,58.800,0.000,22.000,12.700,5.400,12.600,6.500,41.800,26.200,13.400,48.600,35.500,66.500,47.700,86.600,85.900,,52.700,2.700,21.200,92.400,99.700,99.600,49.400,6.400,6.600,96.500,798.000,937.000,7.800,12.300,3.400,0.300,0.600,1.400,89.800,8.000,78.300,37.600,70.300,14.100,54.400,3.300,11.200,7.000,32.900,19.100,9.500
India,Odisha,Bargarh,"Calendar Year (Jan - Dec), 2019",66.800,62.600,75.400,55.700,4112.000,96.200,29.500,,26.000,0.400,15.300,95.900,97.900,98.100,98.100,95.900,96.300,100.000,97.800,1.900,98.200,55.300,9.300,56.200,,90.900,,2.900,6.000,38.900,30.000,18.000,67.600,93.900,,94.000,,,,,6.000,80.900,76.200,0.400,0.400,0.900,72.100,33.200,28.000,0.000,31.900,99.000,45.500,3.300,0.300,99.600,91.900,0.000,28.300,40.100,6.500,15.400,8.300,24.300,17.600,4.800,52.200,25.300,80.900,70.100,92.700,90.900,,62.800,11.600,22.200,61.900,98.000,98.400,57.600,4.000,2.800,100.000,950.000,957.000,17.100,5.100,1.600,2.200,21.200,3.300,84.600,8.600,71.600,19.900,57.500,19.000,37.400,7.500,15.700,7.800,22.600,14.200,5.100
India,Karnataka,Chamarajanagara,"Calendar Year (Jan - Dec), 2019",52.900,46.300,79.800,79.400,4270.000,96.700,31.400,51.800,27.100,0.400,16.700,93.300,90.800,95.800,95.600,95.500,0.000,97.900,97.900,5.200,94.800,36.800,21.800,68.700,0.000,93.600,0.000,1.600,6.800,32.200,28.700,18.000,43.500,100.000,0.000,93.200,0.000,0.000,0.000,84.700,4.500,83.500,84.000,0.200,0.200,0.700,63.200,70.000,54.800,0.000,89.000,98.000,34.400,2.900,0.400,100.000,82.700,0.000,20.000,22.400,6.000,14.800,8.100,29.900,18.900,9.100,41.200,27.900,83.200,84.100,94.200,96.600,0.000,46.400,0.800,19.400,75.200,99.900,98.700,0.000,4.600,3.600,100.000,953.000,1037.000,17.800,3.400,2.600,0.900,2.800,6.100,94.100,19.300,72.400,30.600,37.700,17.900,41.700,6.500,14.100,6.300,28.800,16.900,9.300
India,Tamil Nadu,Thiruvallur,"Calendar Year (Jan - Dec), 2019",64.400,56.800,67.900,66.000,3668.000,100.000,46.400,63.000,40.100,1.100,23.400,88.600,88.600,90.900,88.600,95.700,59.200,98.000,98.000,20.000,80.000,44.300,38.600,58.400,,62.900,,2.100,3.600,18.100,20.600,17.000,56.200,97.000,,95.200,,,,57.400,2.200,61.300,94.300,7.900,10.800,3.900,83.500,59.100,21.900,0.000,93.400,83.800,57.400,3.800,0.200,100.000,72.300,0.000,26.700,18.300,6.400,23.400,14.100,32.400,19.600,9.300,75.000,53.500,77.600,85.400,90.300,76.800,,56.900,0.700,21.600,75.600,100.000,99.800,,5.200,3.900,95.600,991.000,979.000,26.300,9.300,3.400,0.100,1.700,5.800,98.800,13.400,83.600,48.600,49.700,10.500,57.200,6.300,22.500,12.100,26.400,13.200,6.300
India,Tamil Nadu,Salem,"Calendar Year (Jan - Dec), 2019",40.900,46.300,69.000,64.100,3965.000,100.000,43.000,49.500,39.400,1.000,,77.000,81.800,87.900,87.800,84.400,69.100,95.800,84.300,15.500,84.500,29.300,3.400,51.300,,67.800,,6.300,4.300,23.600,20.800,10.100,72.000,97.400,,96.000,,,,,2.100,86.800,91.900,14.600,15.600,1.700,74.400,56.000,41.700,0.000,84.500,95.700,67.500,4.000,0.600,100.000,63.700,0.000,24.100,23.500,8.700,22.700,11.200,34.000,24.200,7.800,82.200,50.800,74.700,85.000,92.900,89.300,,46.500,1.100,20.100,64.500,97.600,99.500,,0.700,1.600,100.000,900.000,1057.000,6.700,5.600,1.400,0.200,6.500,8.900,98.600,23.700,81.600,40.300,53.000,10.100,51.300,7.700,18.000,8.300,26.600,16.400,6.500
India,Nagaland,Kohima,"Calendar Year (Jan - Dec), 2019",18.200,14.900,60.700,46.700,4970.000,78.900,4.300,8.900,5.200,1.000,19.000,82.800,90.200,88.700,88.700,86.100,17.800,100.000,86.600,0.000,89.200,20.900,16.100,38.400,0.000,73.500,0.000,6.600,11.400,28.300,22.100,26.900,60.300,78.300,0.000,55.600,0.000,0.000,0.000,0.000,3.100,51.500,42.800,0.400,0.100,0.400,90.400,18.600,11.600,12.200,61.700,99.700,26.700,19.000,0.400,66.900,44.700,0.000,27.400,47.900,6.000,9.900,3.800,31.100,19.800,11.200,17.200,1.000,61.900,28.300,58.900,94.300,0.000,15.600,4.500,18.700,87.400,89.900,99.500,3.900,0.500,0.900,95.200,1075.000,954.000,18.000,9.100,7.200,1.200,14.400,1.300,92.600,1.000,95.200,11.600,60.300,11.700,70.900,3.600,6.600,2.800,25.700,15.200,9.800
India,Karnataka,Kalaburagi,"Calendar Year (Jan - Dec), 2019",61.400,56.000,53.000,53.000,3738.000,87.100,22.700,47.800,15.300,4.000,16.900,75.300,86.300,87.400,84.500,81.900,12.200,95.000,84.000,4.200,94.600,25.600,19.500,75.100,0.000,94.500,0.000,4.100,12.200,34.500,36.200,25.000,37.800,97.000,45.100,78.100,72.600,68.900,53.400,49.900,5.400,70.100,76.300,0.800,1.400,1.800,65.000,40.300,32.300,7.000,58.500,92.200,17.400,0.700,1.000,88.700,60.500,0.000,17.000,33.500,7.200,15.100,6.100,24.800,16.100,5.500,26.600,18.200,59.300,53.600,79.600,90.800,10.300,56.000,3.500,26.800,36.500,92.500,99.400,58.000,9.400,0.800,95.100,976.000,1023.000,15.400,12.600,5.300,0.800,11.000,4.900,68.900,29.800,68.200,21.800,46.200,20.800,42.000,5.900,11.400,3.800,17.000,10.300,3.400
India,Uttar Pradesh,Ghazipur,"Calendar Year (Jan - Dec), 2019",49.800,45.700,62.900,51.200,2575.000,90.500,10.900,44.300,4.600,2.800,5.100,60.800,69.900,71.000,70.000,67.600,33.900,95.800,76.500,2.600,97.400,20.900,1.800,71.600,,71.800,0.000,3.600,13.900,39.300,38.300,25.700,12.400,74.300,60.700,69.100,79.900,47.200,16.700,61.800,12.100,68.500,53.400,0.100,1.300,0.200,69.700,20.900,30.500,3.000,39.300,98.200,10.600,1.900,2.800,88.300,71.100,0.000,10.500,37.700,7.800,13.300,4.800,20.300,15.700,3.500,10.600,2.100,58.100,29.200,71.500,93.700,,46.200,10.100,29.600,64.100,99.300,91.800,29.800,6.600,5.300,97.700,972.000,1053.000,4.400,13.400,4.900,0.200,4.400,1.900,77.600,13.500,72.400,14.300,67.100,19.400,51.400,4.900,8.700,3.400,14.200,9.100,3.000
India,Uttar Pradesh,Unnao,"Calendar Year (Jan - Dec), 2019",49.600,48.900,48.700,46.200,2405.000,81.200,18.300,64.500,10.400,2.400,5.800,58.600,62.500,71.500,64.800,63.200,26.200,88.800,76.700,7.400,88.300,21.400,10.400,76.000,,74.100,7.000,7.500,5.100,39.200,29.300,12.100,11.700,84.100,54.700,60.600,73.700,65.500,23.400,61.800,26.700,64.300,36.100,0.700,2.000,2.400,69.000,9.600,25.900,5.700,43.400,68.700,15.300,1.600,0.300,80.800,62.600,0.000,16.700,50.900,4.400,9.200,3.700,21.400,15.700,4.000,18.600,9.600,44.700,19.800,54.200,88.100,,49.600,6.700,28.100,60.300,98.500,75.400,33.800,8.000,2.300,93.000,960.000,993.000,5.200,19.100,4.500,0.300,9.500,2.200,65.400,18.900,64.400,20.600,62.200,22.600,37.000,4.400,9.700,3.700,22.000,13.500,5.700
India,West Bengal,Purba Bardhaman,"Calendar Year (Jan - Dec), 2019",78.200,77.900,67.900,58.500,1892.000,94.300,37.900,88.400,21.600,0.000,36.500,97.200,97.200,100.000,96.300,97.200,0.000,100.000,100.000,5.000,95.000,54.800,17.500,71.500,0.000,61.700,0.000,3.000,5.400,32.700,31.600,21.100,54.500,99.600,0.000,75.000,0.000,0.000,0.000,56.600,3.800,36.000,69.600,0.100,0.200,0.000,71.200,37.200,16.000,2.000,32.100,95.200,37.200,0.800,0.300,96.000,70.300,0.000,22.900,50.100,10.000,21.800,11.200,18.400,11.500,3.800,68.300,33.600,72.500,80.500,65.200,90.800,0.000,78.400,15.900,22.200,64.200,99.100,96.800,63.700,3.300,5.000,100.000,877.000,1067.000,34.100,8.600,3.900,1.200,9.900,21.900,80.400,50.400,73.200,23.900,73.000,16.300,27.300,8.100,16.600,8.100,21.200,11.500,5.700
India,Uttar Pradesh,Chandauli,"Calendar Year (Jan - Dec), 2019",52.400,48.700,60.400,48.700,2530.000,85.100,18.500,48.000,5.200,3.400,3.100,70.600,82.600,82.600,81.500,72.600,64.000,90.200,82.700,0.000,100.000,24.000,12.600,64.600,,75.900,0.000,0.600,7.400,39.500,29.900,17.400,28.000,80.500,65.700,63.500,,,,53.100,7.400,69.200,45.400,0.800,4.200,0.600,68.800,34.900,24.600,5.000,42.300,98.900,28.100,0.600,2.000,86.200,53.400,0.200,16.900,44.800,6.500,11.200,4.400,23.600,15.600,6.300,26.300,15.100,69.300,32.900,65.200,92.300,,48.500,2.200,30.500,66.700,97.500,91.900,55.400,4.400,1.200,96.500,877.000,986.000,3.500,15.400,5.500,0.400,7.100,2.100,80.600,17.200,70.600,23.100,57.700,21.400,47.200,5.200,10.300,4.200,18.900,11.500,5.800
India,West Bengal,Darjeeling,"Calendar Year (Jan - Dec), 2019",60.100,59.200,82.200,67.000,2183.000,99.200,30.500,84.600,18.400,1.100,28.000,94.200,94.200,98.300,94.700,95.900,5.400,100.000,100.000,3.700,92.000,57.600,7.600,68.100,0.000,76.200,0.000,8.200,11.600,34.300,31.600,20.600,54.300,98.400,41.600,84.700,0.000,0.000,0.000,78.600,8.800,49.200,92.000,0.300,0.500,0.200,78.300,32.600,11.800,0.900,68.800,97.700,26.300,2.200,1.400,98.400,79.500,0.000,32.900,49.000,9.000,16.500,6.600,29.500,18.700,8.700,62.200,30.100,85.000,79.200,73.900,96.600,0.000,59.100,19.500,20.700,83.000,90.800,98.200,0.000,6.600,3.100,96.800,1059.000,1029.000,29.400,5.900,2.700,5.800,14.400,6.300,92.700,21.200,77.000,28.300,74.500,11.800,41.300,7.000,13.200,4.800,29.200,16.200,10.100
India,Assam,Dima Hasao,"Calendar Year (Jan - Dec), 2019",70.900,60.500,65.500,44.900,4825.000,91.900,19.700,0.000,18.500,0.700,9.300,63.600,63.800,71.900,69.900,73.600,46.100,91.300,71.700,0.000,98.100,15.900,8.500,73.100,0.000,63.300,0.000,12.500,11.300,30.600,21.700,23.600,58.000,95.000,0.000,76.800,0.000,0.000,0.000,39.900,3.100,66.600,60.300,0.000,0.000,0.000,85.100,10.200,18.300,1.800,48.200,99.400,61.900,4.000,0.000,89.500,84.600,0.200,57.200,55.200,8.700,13.300,2.800,23.500,16.900,4.000,40.800,17.600,58.900,46.900,73.800,96.800,0.000,61.100,27.000,27.700,83.800,50.200,95.900,43.300,7.000,2.700,99.200,908.000,959.000,8.700,9.700,2.600,23.900,21.300,5.400,79.100,16.500,87.700,16.200,53.800,10.000,42.400,5.600,9.800,2.400,17.100,11.200,3.500
India,Himachal Pradesh,Lahul And Spiti,"Calendar Year (Jan - Dec), 2019",85.800,82.100,78.500,66.300,3533.000,86.700,17.700,0.000,16.400,1.500,21.700,77.900,100.000,92.700,92.700,79.800,85.900,97.500,92.900,4.500,95.500,26.700,9.600,91.000,0.000,74.500,0.000,7.400,10.300,28.500,18.400,16.300,57.100,98.900,0.000,81.000,0.000,0.000,0.000,0.000,18.100,46.400,92.300,0.200,1.200,0.400,65.600,27.500,16.400,2.300,71.700,99.200,31.200,4.400,0.900,86.400,75.900,13.300,47.900,33.500,4.300,8.500,2.800,19.200,11.600,5.600,72.700,48.000,62.400,65.600,81.100,95.400,0.000,82.300,1.600,17.800,61.700,89.200,99.800,0.000,6.500,1.300,99.400,1182.000,1077.000,19.700,5.700,1.400,1.800,1.700,3.100,90.900,11.200,86.200,26.900,61.900,9.900,55.900,4.100,6.700,2.300,15.000,8.700,3.600
India,Rajasthan,Dholpur,"Calendar Year (Jan - Dec), 2019",67.400,68.500,67.900,52.900,1362.000,94.200,5.900,26.300,4.300,6.000,4.900,85.900,79.800,94.300,94.300,89.700,79.600,98.300,97.000,1.100,97.300,28.900,16.200,81.700,36.300,63.000,,5.600,6.300,45.700,31.300,13.700,41.000,73.700,77.900,84.900,68.300,40.300,23.300,69.200,11.500,54.200,50.500,0.600,0.400,0.000,63.200,35.100,17.500,0.400,36.500,78.000,89.000,1.300,1.200,94.400,86.100,0.000,9.900,48.000,4.000,7.300,3.000,15.100,10.300,3.800,21.300,4.700,67.900,42.400,79.400,91.500,,68.800,2.200,34.900,57.500,94.800,97.500,63.700,10.800,6.000,97.100,929.000,1002.000,5.800,10.900,4.500,0.200,9.900,7.200,76.000,29.600,57.700,11.700,47.200,21.500,27.000,3.000,5.800,2.600,13.400,8.600,3.700
India,Jammu And Kashmir,Bandipora,"Calendar Year (Jan - Dec), 2019",73.200,73.700,41.400,34.600,6399.000,93.700,48.100,49.200,52.200,0.800,19.900,90.300,92.100,90.300,90.300,91.600,7.900,93.400,93.400,0.000,97.900,39.900,3.400,75.100,0.000,82.700,0.000,11.400,4.600,25.200,16.800,14.000,37.900,87.000,0.000,81.900,0.000,0.000,0.000,66.100,6.300,61.100,75.300,0.400,1.000,0.200,62.400,18.100,12.000,1.700,77.900,98.500,9.100,1.700,1.600,92.800,82.200,0.300,0.400,40.100,3.500,8.000,3.700,17.400,8.700,3.300,21.900,8.800,82.900,82.600,82.600,91.100,0.000,74.300,6.300,25.500,66.800,89.800,99.000,55.300,8.000,4.800,97.500,1000.000,970.000,21.700,13.800,5.500,0.100,9.100,0.000,64.400,1.800,66.600,28.200,89.800,10.400,35.900,2.900,8.700,4.200,21.400,8.800,5.000
India,Maharashtra,Dhule,"Calendar Year (Jan - Dec), 2019",59.800,61.200,51.900,50.300,2269.000,84.200,17.000,40.800,11.100,2.500,12.600,56.600,69.100,67.400,51.900,62.300,5.200,87.100,67.700,9.600,90.400,18.900,36.600,72.200,0.000,55.700,9.000,0.200,18.100,37.600,46.000,38.900,46.300,93.600,63.400,74.900,75.200,55.600,23.200,75.200,6.700,48.400,87.100,0.300,0.400,0.200,73.500,41.200,19.100,8.100,65.100,98.000,19.800,1.000,0.000,77.200,48.800,0.300,0.500,15.600,6.700,15.300,6.100,25.100,15.800,5.300,30.700,16.500,61.200,63.200,77.200,80.500,0.000,60.800,1.100,27.300,58.900,89.900,96.000,70.600,15.700,2.100,93.700,919.000,999.000,11.400,13.100,5.000,38.200,0.000,15.000,60.700,40.500,68.800,23.900,30.500,26.500,40.800,5.500,13.400,6.300,21.400,10.400,5.800
India,Uttarakhand,Udam Singh Nagar,"Calendar Year (Jan - Dec), 2019",51.600,51.000,67.200,51.900,1906.000,81.600,20.400,49.400,6.900,2.100,11.900,83.200,92.200,90.100,86.200,83.200,43.900,94.800,90.100,0.000,98.600,35.800,31.400,60.800,,52.100,2.100,2.400,3.100,26.800,22.000,12.400,42.400,92.300,52.200,80.800,,,,74.600,28.400,68.300,76.400,0.000,0.500,0.600,70.500,19.600,22.800,3.600,64.000,95.900,59.000,1.100,0.000,85.100,51.000,0.200,21.600,31.700,7.700,18.000,9.800,30.200,19.200,8.700,45.700,23.200,77.300,75.900,82.000,96.900,2.900,51.100,1.700,27.900,70.900,99.900,99.600,48.800,3.400,1.900,98.500,1022.000,957.000,9.700,7.200,2.100,0.400,5.300,5.200,93.600,14.600,70.400,35.400,53.000,14.100,41.100,5.300,14.200,8.100,22.200,12.600,7.200
India,Tamil Nadu,Sivaganga,"Calendar Year (Jan - Dec), 2019",36.667,51.585,67.272,66.038,3146.179,100.000,43.293,42.990,43.292,2.100,12.379,89.277,81.333,95.692,94.737,91.156,70.178,96.243,95.728,0.115,99.885,42.282,10.721,56.495,,72.936,,9.053,11.511,27.510,28.327,22.637,55.682,98.806,,92.552,,,,0.782,0.524,88.246,90.312,1.534,3.463,0.223,78.820,59.610,26.958,0.000,75.135,93.224,67.733,4.900,0.201,100.000,73.144,0.000,23.079,17.555,9.281,26.231,15.236,26.097,14.954,6.836,81.080,64.728,72.753,90.932,89.153,76.251,20.961,51.685,0.002,21.775,74.459,96.536,99.393,,2.625,0.029,99.297,1124.824,1221.749,16.025,7.028,2.403,0.401,2.459,9.586,99.881,4.495,85.283,33.506,60.139,12.700,59.837,8.492,22.707,11.615,22.077,13.045,3.935
India,Odisha,Kendrapara,"Calendar Year (Jan - Dec), 2019",57.600,58.800,64.700,34.300,7842.000,94.600,25.300,64.100,16.700,0.800,23.900,82.800,93.500,91.400,85.900,87.700,68.200,93.800,88.900,2.800,94.400,39.800,12.800,61.500,,78.500,,6.600,1.400,28.600,17.900,7.900,68.900,96.300,,91.700,52.900,80.600,29.200,72.700,4.500,48.300,67.600,0.600,1.300,0.400,84.300,20.600,22.000,1.700,27.900,98.900,50.000,1.100,0.200,96.700,77.300,0.200,19.100,54.900,7.700,21.600,11.300,24.800,14.200,6.900,54.200,24.500,76.200,77.100,85.500,90.800,,58.900,7.400,25.100,57.300,99.700,99.500,56.000,10.400,6.500,99.100,860.000,1127.000,23.300,12.300,4.200,0.500,30.900,1.800,85.600,9.400,84.400,24.100,59.100,20.500,42.500,6.500,15.700,7.400,21.900,12.400,5.400
India,Gujarat,Surat,"Calendar Year (Jan - Dec), 2019",76.200,69.000,78.700,65.600,2342.000,98.800,25.000,34.100,14.000,1.800,1.900,92.800,92.800,92.800,92.800,92.800,0.000,100.000,95.200,13.500,86.500,37.500,12.700,83.600,0.000,92.500,0.000,5.300,14.700,36.100,32.500,26.000,44.100,99.600,0.000,95.300,0.000,0.000,0.000,0.000,14.300,83.600,94.700,0.200,0.400,0.400,82.700,45.200,39.800,1.100,88.600,96.700,31.600,2.700,0.100,97.700,41.100,0.200,8.700,32.500,9.300,16.100,6.400,22.600,17.100,3.900,73.100,52.700,92.200,93.400,96.700,95.300,0.000,69.300,2.000,23.100,82.000,98.900,99.300,58.700,3.100,0.000,97.400,890.000,912.000,3.200,5.700,1.400,1.600,7.700,4.400,78.200,13.100,84.200,25.100,58.300,21.000,44.000,6.800,14.600,6.800,23.400,15.300,4.900
India,Odisha,Anugul,"Calendar Year (Jan - Dec), 2019",85.700,75.800,85.800,52.600,3832.000,89.800,18.400,62.800,10.300,0.400,18.700,87.000,86.500,94.300,94.300,88.800,83.200,98.200,96.100,0.000,98.500,38.300,10.600,75.300,,88.900,13.200,3.500,7.700,28.100,30.500,25.100,67.400,85.500,,85.100,54.600,61.900,26.500,75.500,6.600,62.000,68.700,0.000,1.800,0.000,73.200,25.700,11.900,4.100,23.800,97.100,63.100,2.800,0.300,85.700,67.600,0.000,32.900,56.900,8.100,18.200,9.100,21.100,13.500,4.600,53.700,21.600,78.700,83.700,84.800,97.000,,75.800,16.300,24.500,66.400,76.200,96.700,75.700,12.000,4.500,99.600,868.000,1027.000,18.700,2.900,1.500,3.900,17.200,12.200,86.500,25.000,72.400,22.700,63.600,20.600,33.700,8.400,16.100,6.500,18.900,10.200,3.700
India,Kerala,Malappuram,"Calendar Year (Jan - Dec), 2019",38.100,34.700,58.600,41.500,6760.000,100.000,25.500,26.800,21.700,0.300,26.800,80.300,82.600,82.300,82.000,86.300,3.500,100.000,86.300,20.400,79.600,18.400,24.700,47.200,0.000,73.400,0.000,3.300,6.500,29.400,21.400,18.200,69.600,99.700,0.000,95.100,0.000,0.000,0.000,88.500,1.900,61.300,97.300,0.400,1.400,0.000,94.900,36.800,10.900,0.000,59.000,99.400,42.800,0.800,0.000,100.000,25.600,0.000,7.700,12.500,10.100,24.000,11.800,27.400,18.500,4.900,92.300,71.100,95.300,90.400,96.900,99.600,0.000,34.500,0.400,27.000,99.900,97.700,99.700,41.100,5.500,0.600,91.500,807.000,1101.000,26.100,13.800,8.500,0.200,1.500,2.600,88.700,15.300,99.200,36.600,69.100,10.300,69.500,6.900,21.400,12.100,25.400,14.300,4.900
India,Bihar,Darbhanga,"Calendar Year (Jan - Dec), 2019",59.700,60.800,61.300,48.800,3230.000,75.900,10.600,52.700,5.700,4.000,13.400,66.300,80.700,78.300,78.300,69.000,0.000,95.200,81.900,5.100,94.900,30.400,3.300,68.900,0.000,60.400,1.100,1.500,6.400,45.400,39.200,19.300,30.900,86.100,71.700,50.900,57.900,61.900,19.600,65.400,4.900,50.200,27.500,0.200,0.800,0.200,54.900,37.500,21.500,10.700,41.600,96.000,25.300,0.400,1.100,69.900,55.800,0.000,10.600,55.100,10.100,19.300,8.800,23.500,13.700,6.300,22.000,12.200,51.800,24.900,50.500,91.900,0.000,61.300,3.000,37.100,48.700,99.800,97.200,52.500,14.300,3.800,87.600,812.000,1122.000,14.000,12.700,6.800,0.300,5.600,10.300,57.500,45.100,49.400,13.400,59.800,25.600,22.700,6.400,13.500,5.900,17.500,9.000,3.700
India,Uttar Pradesh,Pilibhit,"Calendar Year (Jan - Dec), 2019",58.400,52.000,74.100,45.500,1458.000,80.200,19.000,54.200,9.700,1.400,10.100,92.300,90.400,94.000,87.300,92.300,70.200,97.000,95.600,1.500,97.200,34.800,8.900,57.300,39.500,78.100,1.600,1.400,7.500,38.900,39.400,20.100,29.100,74.200,54.600,71.200,72.200,53.400,29.500,69.700,27.400,53.200,66.600,0.200,0.900,0.400,60.100,14.400,20.800,6.200,48.100,91.200,21.400,0.800,0.400,76.200,50.200,0.000,15.500,38.200,6.400,13.300,6.600,17.500,11.400,5.400,26.300,4.800,67.500,43.600,72.600,91.100,,52.600,1.400,29.600,76.800,100.000,86.800,40.100,8.600,3.700,98.800,814.000,922.000,8.900,4.900,2.500,0.200,4.900,4.600,71.100,16.200,54.700,21.400,50.900,16.400,28.500,5.000,10.800,5.000,19.500,11.800,5.500
India,Madhya Pradesh,Tikamgarh,"Calendar Year (Jan - Dec), 2019",56.400,49.100,76.200,71.000,551.000,93.700,5.800,,0.800,2.200,9.200,79.000,79.900,86.900,83.300,84.500,72.300,100.000,89.800,0.000,100.000,26.900,4.100,67.500,,60.200,,0.000,7.300,27.500,34.900,19.700,52.400,96.400,,86.500,,,,,3.700,69.000,78.400,0.000,0.000,1.600,66.800,66.000,42.800,4.400,32.100,96.900,40.500,0.200,0.200,89.800,79.500,0.000,14.400,53.900,9.100,14.900,5.500,12.900,10.500,2.100,40.900,27.800,84.700,64.200,86.900,100.000,,49.900,0.800,26.600,56.600,80.000,99.700,36.700,4.400,0.800,99.500,1105.000,912.000,8.800,4.100,2.600,0.300,5.600,5.400,71.300,32.600,67.700,10.400,42.600,21.300,25.800,7.500,12.200,4.400,14.400,11.300,1.800
India,Delhi,East,"Calendar Year (Jan - Dec), 2019",44.600,42.500,81.900,60.300,2735.000,94.900,25.200,47.200,20.100,1.900,22.800,74.600,80.900,81.200,77.800,78.700,40.800,95.700,90.400,10.900,89.100,37.000,9.500,65.900,,58.700,,6.100,4.300,35.200,29.900,15.700,60.300,95.500,54.200,88.400,92.400,85.700,48.300,75.200,32.800,87.600,94.700,0.200,0.100,0.000,84.400,17.300,23.300,2.400,99.100,98.100,30.700,5.800,0.000,92.600,68.200,0.000,19.800,25.000,4.100,12.900,7.000,33.800,22.200,9.400,76.700,53.900,85.700,89.700,90.000,97.100,,42.600,2.400,24.600,78.000,98.400,99.500,37.200,14.200,4.500,96.600,820.000,885.000,23.000,2.600,0.700,0.400,1.500,1.300,96.700,12.800,83.000,41.300,79.100,11.900,57.200,4.600,11.700,5.100,25.800,16.600,6.200
India,Jharkhand,Deoghar,"Calendar Year (Jan - Dec), 2019",67.200,70.200,65.400,48.500,2133.000,72.300,7.800,45.800,2.900,2.700,7.800,54.500,54.700,68.600,64.300,62.600,54.000,87.500,73.000,3.300,96.700,15.700,6.400,73.900,,53.300,0.000,1.900,6.200,41.700,36.900,17.700,22.600,55.700,71.600,56.400,36.700,21.800,8.600,56.000,2.600,35.300,44.800,0.200,0.700,0.200,59.800,40.100,25.000,12.600,23.500,98.300,53.800,1.000,0.400,61.300,47.200,0.200,26.300,52.000,7.300,13.500,5.800,18.500,12.500,4.400,18.500,11.800,58.100,30.700,55.600,89.200,,70.100,1.500,36.000,41.600,90.800,95.600,72.400,6.500,0.800,83.100,929.000,1068.000,7.200,11.100,4.600,2.000,6.600,20.200,68.000,49.200,50.700,10.900,56.600,32.500,19.700,4.900,10.000,4.700,14.200,8.600,4.200
India,Madhya Pradesh,Seoni,"Calendar Year (Jan - Dec), 2019",58.900,59.900,78.000,74.500,699.000,86.100,15.900,86.600,10.300,2.700,13.000,88.800,96.100,94.800,96.200,90.300,81.600,98.200,93.400,0.000,100.000,38.800,15.700,71.800,,93.800,,0.000,5.000,23.500,31.100,21.100,57.000,98.400,93.600,94.900,,,,,4.700,57.600,80.300,0.000,0.000,0.000,71.300,65.000,37.000,1.500,29.000,96.700,44.600,1.300,0.300,94.800,86.800,0.400,23.300,57.200,6.700,17.200,9.300,25.700,16.900,6.800,70.800,40.200,83.700,64.500,93.400,98.200,,60.000,0.800,24.200,56.200,79.100,99.200,57.800,6.700,1.600,100.000,1212.000,1089.000,12.100,4.400,2.900,1.800,30.600,4.700,60.600,11.200,71.600,15.700,36.700,26.600,33.000,5.800,11.100,4.700,21.100,11.700,6.100
India,Nagaland,Wokha,"Calendar Year (Jan - Dec), 2019",47.900,30.900,64.600,50.100,7125.000,63.500,10.100,38.400,11.000,1.700,27.700,42.800,57.100,61.300,55.100,52.300,9.800,73.300,66.400,12.000,88.000,30.100,2.200,45.400,0.000,43.200,0.700,1.100,10.600,26.300,28.000,23.500,48.500,78.900,0.000,45.400,0.000,0.000,0.000,0.000,4.700,58.100,47.500,0.000,0.000,0.000,85.800,15.700,10.800,19.900,41.200,98.900,20.600,22.000,0.200,43.600,24.200,0.000,27.200,50.400,10.400,18.800,8.200,35.700,23.200,12.000,12.900,4.400,57.800,34.700,50.700,77.600,0.000,31.000,6.000,21.400,88.500,83.400,99.700,29.800,3.600,1.600,96.800,1245.000,1105.000,28.800,3.200,1.400,1.100,12.900,5.200,90.600,3.200,91.600,18.300,44.000,8.800,45.300,6.200,12.200,5.800,24.300,16.000,7.600
India,Rajasthan,Jalore,"Calendar Year (Jan - Dec), 2019",73.800,59.900,54.200,46.200,1460.000,94.800,4.100,13.500,1.500,2.400,5.800,78.000,82.400,85.300,85.300,84.500,62.500,97.400,87.700,2.300,96.700,26.700,0.700,66.300,,76.700,,3.000,4.800,44.300,36.500,12.100,43.300,96.600,78.600,87.000,,,,,8.700,75.700,94.000,0.100,0.100,0.100,59.500,34.200,27.200,1.300,36.500,97.000,96.600,0.500,0.300,95.500,73.700,0.000,9.900,44.200,6.200,10.800,4.300,11.500,9.000,1.600,38.000,15.200,82.100,71.200,87.600,95.800,,60.800,2.100,31.100,77.400,98.300,98.400,43.500,5.200,1.700,98.000,769.000,982.000,5.000,14.800,6.900,0.500,6.500,2.900,79.800,23.300,60.400,4.300,55.700,19.700,22.200,4.300,9.100,4.400,10.400,7.900,1.600
India,Punjab,Patiala,"Calendar Year (Jan - Dec), 2019",66.800,65.300,71.700,49.300,3696.000,97.300,48.100,54.700,45.700,1.300,8.500,74.700,93.100,90.800,90.800,76.600,81.800,96.300,89.000,7.900,90.000,20.400,4.300,76.700,,78.200,,0.400,1.800,20.300,16.900,9.900,52.700,95.500,,81.300,,,,,21.100,78.400,92.400,0.200,0.200,1.200,76.900,23.100,22.800,0.500,80.400,94.300,33.800,2.800,0.300,97.300,57.100,0.600,21.900,11.200,5.500,14.800,8.100,34.300,21.000,9.400,70.400,57.200,65.500,72.000,81.800,90.800,19.500,65.100,1.200,20.200,88.100,99.100,99.700,71.700,5.800,0.600,93.600,954.000,922.000,12.600,7.500,3.800,0.400,0.300,5.200,95.700,7.800,76.600,42.900,76.900,14.000,56.000,7.500,18.500,10.100,28.700,16.700,6.600
India,Rajasthan,Pali,"Calendar Year (Jan - Dec), 2019",69.700,58.800,57.800,47.600,2269.000,98.500,10.200,39.900,4.400,1.400,6.100,90.200,89.200,93.100,91.600,91.500,61.100,100.000,97.400,0.000,100.000,33.000,3.400,72.600,,65.700,,0.900,9.400,35.900,35.900,18.300,38.500,98.000,48.900,94.700,,,,88.100,9.100,65.100,90.400,0.000,0.000,0.000,67.100,33.500,30.600,0.300,53.100,96.200,96.200,1.100,0.400,98.800,82.400,0.100,9.000,40.100,8.400,13.800,5.100,16.500,12.200,2.700,43.800,20.000,69.300,45.000,96.400,97.500,,59.700,2.900,27.300,81.800,96.200,99.700,42.100,6.300,1.300,98.500,998.000,1085.000,5.500,12.900,5.200,0.100,4.600,2.200,94.100,11.800,74.400,8.100,65.900,16.300,36.600,5.400,9.500,3.600,13.000,8.500,1.900
India,Odisha,Nuapada,"Calendar Year (Jan - Dec), 2019",64.600,64.000,71.400,54.900,3418.000,92.700,14.000,,12.300,1.200,26.000,97.000,95.900,98.400,98.400,97.000,96.900,100.000,100.000,0.000,100.000,54.000,12.100,73.500,,89.200,10.200,3.700,3.700,43.100,38.000,18.100,78.600,83.700,93.700,86.500,,,,,3.600,73.800,63.200,0.000,0.500,0.800,60.900,34.100,38.300,3.500,23.200,99.000,45.300,4.400,0.800,89.800,85.100,0.100,34.600,48.600,6.200,12.200,5.200,23.600,16.700,5.700,52.000,21.400,76.600,71.700,85.900,95.400,,64.300,11.200,27.200,58.400,97.500,94.600,57.300,7.000,0.800,100.000,1025.000,1060.000,25.300,7.300,2.400,0.900,23.700,3.900,65.000,15.600,53.500,11.900,54.000,30.700,27.300,5.500,10.600,4.700,21.400,13.900,6.000
India,Chhattisgarh,Surajpur,"Calendar Year (Jan - Dec), 2019",53.100,60.700,59.800,50.100,1184.000,79.900,9.800,54.600,3.500,1.000,11.900,78.700,85.000,82.000,82.000,79.700,71.800,92.600,83.300,1.600,98.400,24.900,1.100,51.100,,93.800,10.500,0.400,5.800,27.600,32.300,19.300,23.300,95.600,85.200,81.200,,,,,2.600,80.300,84.400,0.300,0.600,0.300,64.800,41.200,41.500,1.900,24.000,99.300,75.700,2.800,0.600,85.900,72.600,0.200,43.400,50.400,5.100,11.500,5.700,30.900,20.400,9.200,56.300,33.800,55.300,48.900,83.000,89.600,,61.000,1.400,28.500,75.400,83.400,98.700,55.400,2.500,0.000,92.200,916.000,950.000,11.400,14.100,6.100,7.400,17.700,4.500,62.400,34.300,66.900,14.700,41.000,29.500,30.700,4.900,9.900,4.500,25.000,16.600,7.200
India,Nagaland,Noklak,"Calendar Year (Jan - Dec), 2019",28.500,28.800,52.600,37.400,3394.000,39.200,1.500,0.000,4.300,3.800,14.800,39.900,58.800,56.500,49.100,47.600,1.900,75.600,53.300,2.100,94.600,9.800,5.500,38.800,71.400,26.100,0.300,5.500,10.300,37.100,34.200,24.600,69.400,66.000,27.100,30.200,0.000,0.000,0.000,13.800,3.200,51.700,26.500,0.700,0.900,0.500,80.500,9.900,7.900,4.800,19.700,98.200,22.000,15.600,0.500,34.800,34.100,0.000,18.500,50.200,7.000,10.500,3.400,24.300,17.100,6.800,3.300,0.900,27.100,4.400,29.500,69.000,8.400,29.300,5.800,32.800,92.000,90.400,96.600,20.000,5.500,1.800,90.900,902.000,946.000,13.000,12.900,5.900,0.600,14.900,6.700,72.800,10.400,77.800,10.800,58.800,15.900,27.000,4.300,6.400,1.900,20.400,12.300,7.800
India,Karnataka,Chikkaballapura,"Calendar Year (Jan - Dec), 2019",46.900,45.500,77.800,77.400,4324.000,97.500,38.200,47.600,36.900,0.500,17.700,76.600,79.500,83.800,83.800,81.200,10.400,87.900,92.400,0.000,100.000,36.400,14.600,59.000,0.000,84.800,0.000,2.200,6.100,31.300,25.200,16.100,39.800,97.600,0.000,90.500,0.000,0.000,0.000,0.000,1.800,79.500,86.400,0.400,0.400,0.600,65.900,69.400,49.700,1.000,89.400,95.000,26.100,3.400,0.600,99.000,83.000,0.000,11.700,20.200,5.100,16.500,9.200,32.500,21.300,9.100,48.800,19.700,82.600,90.500,91.200,94.700,0.000,45.800,1.600,21.700,84.900,98.100,99.900,37.900,4.300,1.000,98.200,1110.000,1067.000,18.100,3.800,2.600,1.200,18.200,5.300,96.200,27.100,76.300,26.600,43.100,22.600,48.000,4.800,11.900,5.800,24.100,13.500,7.500
India,Chhattisgarh,Bijapur,"Calendar Year (Jan - Dec), 2019",68.700,72.100,35.700,32.400,776.000,73.800,3.600,,4.900,2.300,16.900,78.400,79.000,83.200,83.000,84.600,63.900,92.700,83.800,1.600,98.400,33.600,1.200,77.200,,84.800,13.600,3.900,8.000,53.800,46.100,20.000,25.400,87.100,81.900,58.200,,,,51.000,3.100,90.200,67.400,0.000,0.000,0.000,47.400,15.600,45.600,11.500,18.500,98.600,73.500,4.100,0.000,63.600,62.300,2.300,60.800,61.900,4.300,9.200,4.100,21.600,16.200,4.500,32.500,20.100,53.100,56.900,64.900,92.100,,72.900,3.300,30.500,30.600,94.300,86.800,60.300,4.500,2.800,96.800,1045.000,1069.000,16.400,15.500,4.800,32.000,44.400,5.200,47.100,18.300,44.700,6.000,52.200,43.600,24.200,4.400,8.300,3.300,15.000,9.700,3.500
India,Andhra Pradesh,Vizianagaram,"Calendar Year (Jan - Dec), 2019",73.900,64.000,71.200,71.200,1931.000,97.600,41.300,70.300,30.300,2.200,2.500,76.800,0.000,90.300,83.600,76.800,77.300,100.000,92.500,0.000,100.000,35.000,25.200,66.700,0.000,85.900,0.000,4.700,8.300,36.400,32.200,19.200,55.600,95.400,0.000,89.200,0.000,0.000,0.000,83.500,0.600,36.400,81.700,0.600,4.900,7.300,56.000,69.300,21.100,0.500,60.300,85.000,76.700,0.000,0.000,99.000,70.600,1.300,32.300,21.500,5.800,14.500,7.500,25.100,14.800,6.400,59.600,32.400,76.100,71.400,83.900,91.300,0.000,64.600,0.000,20.600,61.700,93.100,99.500,0.000,7.500,1.400,98.800,898.000,1114.000,1.800,6.700,4.700,0.800,11.400,12.700,72.500,33.700,58.300,28.800,58.000,16.900,37.600,6.200,14.300,7.000,25.200,12.900,6.600
India,Uttar Pradesh,Kanpur Nagar,"Calendar Year (Jan - Dec), 2019",63.000,57.000,73.700,57.400,2645.000,87.000,19.300,46.000,11.900,1.700,4.600,72.800,81.200,74.700,72.900,77.400,23.700,93.700,78.600,3.600,96.400,32.200,22.000,76.300,,81.600,7.600,5.800,12.600,34.600,27.800,21.400,34.800,84.000,53.900,70.600,,,,46.200,33.100,65.500,46.200,0.500,0.800,1.000,80.400,12.800,17.500,5.000,76.900,92.800,16.100,3.000,0.500,86.600,60.300,0.000,15.100,46.800,3.900,8.300,3.200,16.200,11.700,2.800,26.600,14.100,78.400,69.900,71.100,95.000,,57.400,3.600,24.500,77.500,98.800,89.300,46.300,7.100,3.900,95.600,816.000,925.000,3.700,6.800,2.300,0.300,9.500,3.400,87.600,10.900,81.300,25.200,70.100,13.800,58.500,5.100,10.800,4.300,17.300,10.100,4.400
India,Jammu And Kashmir,Anantnag,"Calendar Year (Jan - Dec), 2019",88.000,74.300,58.300,57.300,6058.000,98.100,51.300,0.000,55.200,0.500,14.400,83.300,100.000,90.500,90.500,85.500,12.500,88.400,90.500,0.000,100.000,51.900,0.000,79.200,0.000,88.300,0.000,5.000,14.000,28.200,28.300,24.900,51.100,98.600,48.100,81.300,0.000,0.000,0.000,82.300,20.200,72.000,86.800,0.000,0.200,0.000,65.500,15.300,18.800,8.100,76.500,98.300,7.300,4.800,7.500,90.500,86.700,0.000,0.100,47.000,5.300,9.900,3.700,19.400,11.500,3.700,32.500,20.900,82.000,80.900,85.100,97.800,0.000,75.700,8.100,22.400,84.700,99.300,98.700,54.100,7.000,7.700,97.800,1177.000,974.000,14.800,7.800,4.300,0.200,2.900,0.700,74.200,2.500,74.700,28.600,90.800,4.100,52.800,5.000,10.400,4.100,20.000,11.500,3.800
India,Tamil Nadu,Theni,"Calendar Year (Jan - Dec), 2019",35.725,41.311,70.600,67.102,1777.882,100.000,43.738,59.571,40.018,0.895,14.403,95.205,95.216,96.626,96.626,95.900,80.689,98.512,97.321,3.930,94.681,43.237,28.935,46.798,,73.924,,4.189,6.636,20.194,18.863,15.542,63.153,99.104,53.481,97.805,,,,,1.800,88.760,93.800,4.930,9.147,0.502,80.839,56.141,32.251,0.000,89.947,76.962,67.480,8.164,0.498,100.000,81.463,0.000,23.004,21.338,8.978,23.046,12.457,35.604,25.402,7.891,85.573,60.229,88.792,98.662,97.095,90.059,22.325,41.410,0.301,23.756,74.347,99.892,99.402,36.313,3.782,0.198,100.000,1055.057,1167.565,17.314,7.281,3.488,0.298,4.353,13.510,99.692,15.982,85.674,45.137,73.283,10.309,56.907,8.781,22.851,12.566,28.706,19.976,6.123
India,Maharashtra,Solapur,"Calendar Year (Jan - Dec), 2019",60.200,54.500,75.700,74.200,1910.000,96.300,21.200,34.900,10.800,4.400,7.000,83.600,86.300,90.200,85.600,85.100,4.700,93.500,88.300,7.700,88.700,34.600,26.200,70.900,0.000,65.900,0.000,4.300,10.000,36.300,32.900,23.200,51.100,97.000,71.200,89.200,73.300,51.300,34.700,80.700,3.700,54.400,90.800,0.300,1.300,0.500,72.000,66.400,35.100,0.900,73.100,96.500,20.500,1.700,0.000,96.200,51.500,0.000,13.100,39.200,5.200,12.200,6.400,26.200,18.900,5.000,60.300,36.000,81.300,81.900,89.600,90.500,0.000,55.500,2.300,25.700,67.800,90.400,97.100,34.100,11.400,2.400,96.000,960.000,962.000,7.900,5.600,1.700,0.300,10.200,18.600,84.500,40.300,76.400,28.200,52.100,21.200,36.000,4.800,11.100,5.100,25.700,16.200,6.500
India,Madhya Pradesh,Datia,"Calendar Year (Jan - Dec), 2019",59.500,58.600,73.100,66.300,1809.000,88.600,13.200,63.800,6.600,1.900,3.500,79.600,80.600,88.800,87.100,81.500,81.100,98.500,88.600,0.000,100.000,21.400,4.400,72.800,,68.900,,2.800,6.800,36.800,29.400,16.400,56.400,89.500,58.400,82.200,,,,,5.900,56.000,82.400,0.700,0.700,1.100,67.400,58.200,32.200,5.800,31.200,91.500,30.900,0.200,0.000,89.400,76.700,0.000,9.400,44.700,8.300,14.600,5.900,19.700,14.100,4.400,43.300,21.400,76.500,54.200,82.000,94.400,,58.600,0.800,24.100,66.800,95.800,99.800,59.700,5.700,0.400,98.000,658.000,916.000,2.800,7.400,4.200,0.200,6.700,6.000,72.900,27.700,67.200,19.100,39.000,23.000,27.800,6.800,12.200,5.000,15.300,10.600,3.400
India,Madhya Pradesh,Agar Malwa,"Calendar Year (Jan - Dec), 2019",56.400,59.200,78.200,73.000,1519.000,93.600,17.100,,9.700,0.600,0.000,75.800,,84.200,82.000,81.300,63.100,92.800,84.200,0.000,100.000,48.400,12.100,71.600,,92.000,,0.000,5.700,40.300,35.700,18.700,55.600,98.800,,92.900,,,,,5.800,55.000,84.000,0.300,0.300,0.300,56.300,64.000,24.200,0.000,39.500,99.900,58.900,0.600,0.000,98.900,89.800,0.000,8.200,37.600,12.200,18.900,6.300,25.200,20.200,3.700,54.800,44.600,70.100,76.500,89.900,97.100,,59.500,1.200,23.600,72.300,81.400,99.500,,0.800,0.000,98.600,1212.000,919.000,0.000,3.400,3.000,0.500,2.600,5.300,67.600,35.600,55.500,8.800,40.700,26.700,19.300,12.200,19.500,6.900,21.200,16.700,3.600
India,Uttar Pradesh,Budaun,"Calendar Year (Jan - Dec), 2019",55.600,55.300,76.900,42.000,3622.000,73.100,5.700,20.900,4.400,4.100,8.400,69.500,74.500,82.600,64.900,73.100,35.500,93.900,86.500,1.100,97.900,40.500,6.200,72.200,21.300,71.700,2.100,3.800,6.800,51.800,43.000,18.200,33.600,59.200,52.400,59.400,54.000,48.900,37.200,50.000,26.400,80.300,44.300,0.400,0.700,0.200,54.900,7.300,16.600,2.800,39.800,91.400,13.600,1.200,1.300,72.300,57.400,0.000,14.000,41.900,6.800,10.900,3.700,13.800,10.300,3.100,15.900,1.900,58.500,40.600,62.400,90.100,,56.200,2.800,35.300,69.700,99.800,80.700,39.300,10.600,4.200,94.400,870.000,933.000,8.600,4.300,1.500,0.500,7.100,7.000,58.800,22.900,49.700,15.200,44.900,19.400,21.600,5.000,9.000,3.600,13.000,8.600,3.400
India,Maharashtra,Beed,"Calendar Year (Jan - Dec), 2019",48.000,50.800,58.100,56.700,3988.000,90.800,17.500,21.600,17.300,2.200,2.300,75.900,79.100,84.800,75.800,78.000,11.200,96.500,89.800,2.200,97.800,22.500,14.800,61.000,0.000,82.400,0.000,3.500,11.900,40.800,36.800,28.400,45.800,91.800,0.000,80.600,73.200,58.600,17.700,62.900,8.400,48.500,68.100,0.800,4.900,0.700,64.600,42.900,14.500,2.500,54.400,96.300,9.300,3.000,0.100,94.000,63.700,0.000,9.800,37.800,6.000,12.900,5.500,24.100,16.900,5.900,28.400,21.800,65.600,56.800,79.800,78.300,0.000,51.000,2.200,24.000,66.400,85.400,94.800,0.000,14.800,3.000,97.600,843.000,934.000,3.200,13.900,4.500,0.500,6.000,15.200,70.700,43.700,76.300,21.900,30.400,20.800,38.600,5.200,10.500,3.800,26.400,15.000,8.000
India,Assam,Dhubri,"Calendar Year (Jan - Dec), 2019",65.200,63.200,64.100,53.200,4691.000,68.900,6.900,0.000,8.000,1.000,6.600,71.600,69.500,82.700,81.400,77.300,47.400,90.500,84.000,0.000,96.900,31.800,5.300,73.100,0.000,50.600,0.800,6.000,6.700,48.500,37.800,21.500,57.900,96.400,66.400,54.500,43.600,69.500,22.900,39.700,5.100,76.700,73.100,0.000,0.000,0.000,71.800,1.800,22.600,5.800,40.700,99.100,59.400,1.300,0.700,64.200,61.800,0.000,5.100,55.000,5.900,10.400,4.400,19.000,13.400,4.800,47.600,14.600,49.900,37.600,48.400,97.000,0.000,63.000,44.200,32.300,61.800,96.700,92.500,69.700,9.800,1.700,98.200,914.000,1000.000,7.400,11.500,4.000,0.300,21.800,22.400,48.800,50.800,69.500,12.400,68.100,22.200,20.400,4.600,8.200,3.100,18.200,11.300,5.500
India,Uttar Pradesh,Banda,"Calendar Year (Jan - Dec), 2019",54.500,52.200,62.400,45.600,1132.000,92.500,4.200,,2.300,5.500,5.900,62.900,64.900,73.500,71.900,65.600,39.300,95.000,80.100,1.200,97.400,28.600,4.800,82.200,,81.200,3.000,6.300,13.000,51.000,49.800,25.700,16.900,93.400,46.700,65.100,,,,45.700,20.000,81.200,47.600,1.400,3.600,1.700,61.800,16.700,35.500,4.400,26.800,90.400,13.300,0.600,0.100,89.800,85.900,0.000,12.400,63.300,6.700,13.100,3.600,18.900,12.700,4.400,18.000,2.400,66.900,39.000,73.700,90.000,,52.300,6.500,30.600,59.300,98.200,89.200,50.300,2.400,3.500,95.100,971.000,956.000,9.500,15.300,5.100,0.500,19.700,2.500,52.600,19.000,57.000,13.500,50.600,25.700,27.100,6.600,11.500,3.200,20.100,12.500,4.600
India,Gujarat,Dang,"Calendar Year (Jan - Dec), 2019",77.100,77.200,79.800,69.100,663.000,77.100,7.100,31.700,6.000,4.000,14.700,91.300,96.200,91.300,89.800,91.300,0.000,94.900,91.300,0.000,100.000,32.800,3.500,82.400,0.000,90.000,13.100,1.100,22.200,37.600,53.100,40.900,37.500,97.600,76.200,80.100,0.000,0.000,0.000,0.000,5.000,76.500,96.800,0.300,0.300,0.500,69.900,55.700,39.300,4.400,23.400,98.200,44.300,0.500,0.500,74.500,64.200,5.300,18.300,44.800,4.800,9.200,3.900,24.100,17.500,5.900,78.900,56.600,86.400,90.200,80.100,96.800,0.000,77.600,1.100,28.800,71.700,91.200,95.900,66.800,5.100,2.700,99.500,1143.000,1023.000,16.500,5.100,2.700,4.600,18.500,13.000,57.400,30.200,68.900,8.100,59.800,33.700,20.700,4.100,6.700,2.200,22.900,18.300,4.000
India,West Bengal,Bankura,"Calendar Year (Jan - Dec), 2019",80.300,77.000,56.700,51.900,3274.000,93.800,22.700,0.000,20.900,0.400,26.200,85.000,94.600,93.700,74.600,94.100,6.400,97.800,93.500,0.000,100.000,32.500,13.100,67.100,0.000,69.700,0.000,1.900,8.300,30.300,38.800,26.000,47.600,95.600,0.000,76.500,67.300,87.300,44.500,71.100,3.700,43.600,64.800,0.200,0.400,0.000,68.700,26.600,12.400,4.700,20.800,86.800,43.400,1.400,0.000,93.300,83.300,0.000,16.000,47.700,11.400,23.800,10.900,20.300,13.800,3.200,60.500,23.300,74.700,75.700,67.200,89.500,0.000,77.300,19.800,22.600,49.200,96.300,92.300,71.300,12.700,4.300,99.500,1002.000,1053.000,23.800,12.000,4.700,0.600,21.500,16.000,79.000,45.700,68.300,13.000,56.000,28.000,27.900,8.100,16.200,7.100,21.000,11.500,5.100
India,Haryana,Sirsa,"Calendar Year (Jan - Dec), 2019",64.900,61.900,74.000,64.200,1705.000,99.300,27.200,53.800,14.800,1.500,6.800,,,,,,,,,,,,6.800,70.100,,73.400,,0.700,5.100,25.000,23.400,12.600,39.900,100.000,,98.400,,,,,18.000,56.100,81.600,0.000,0.000,0.600,68.300,40.400,12.100,0.000,38.800,95.700,26.600,4.000,0.100,99.300,67.300,0.000,12.900,21.700,10.300,23.600,12.500,26.800,15.900,8.500,44.200,29.700,93.900,61.900,97.400,96.600,,62.100,1.700,22.600,81.900,99.300,99.900,,5.200,0.900,100.000,787.000,909.000,9.100,8.300,4.200,0.300,1.100,5.600,95.300,8.900,70.600,29.300,63.700,20.800,44.700,6.200,15.400,8.600,19.900,10.400,5.100
India,Mizoram,Kolasib,"Calendar Year (Jan - Dec), 2019",30.100,37.700,38.100,37.900,4834.000,93.200,8.400,26.200,7.500,1.600,24.500,80.400,91.400,85.200,79.900,90.900,0.000,88.100,83.100,0.000,97.400,32.600,1.400,53.800,0.000,65.100,15.300,7.600,5.300,30.400,12.600,11.300,63.000,99.800,73.400,41.800,0.000,0.000,0.000,0.000,1.600,73.900,96.300,1.900,6.300,0.700,93.900,16.700,18.700,2.700,87.500,99.700,61.100,2.200,0.000,91.400,82.900,0.000,21.700,75.300,6.600,13.800,6.600,24.300,16.900,5.700,67.700,13.300,72.700,66.000,71.500,76.400,0.000,37.300,17.400,28.600,96.800,95.300,99.100,43.800,1.200,0.900,97.800,860.000,1002.000,23.200,15.600,11.700,0.900,70.600,2.200,94.300,13.700,96.900,26.000,48.800,5.900,41.700,9.000,15.700,5.800,16.500,10.300,4.000
India,Rajasthan,Ganganagar,"Calendar Year (Jan - Dec), 2019",67.200,59.000,81.100,72.800,1902.000,98.200,14.300,35.000,8.100,0.800,12.000,89.700,90.400,94.000,94.000,91.100,45.100,95.600,95.600,1.500,98.500,17.900,6.800,72.300,,70.800,,4.500,10.800,24.500,26.100,24.900,46.900,98.900,81.900,84.600,,,,61.000,17.700,54.500,87.000,0.000,0.200,0.000,68.600,48.500,32.400,0.500,45.500,98.100,85.300,2.000,0.000,97.700,74.000,0.600,15.600,29.000,3.900,8.400,3.800,18.300,12.800,3.000,48.500,23.600,83.300,58.700,85.900,96.800,,58.800,2.900,24.900,83.400,94.400,96.900,64.300,3.000,4.200,99.200,906.000,957.000,12.300,5.100,3.600,0.500,2.100,2.400,92.300,13.600,69.300,19.500,69.900,14.300,39.300,3.800,9.500,5.100,16.200,10.300,2.200
India,Tamil Nadu,Kanchipuram,"Calendar Year (Jan - Dec), 2019",62.700,57.000,69.300,67.300,3531.000,100.000,40.200,60.200,31.000,0.000,20.100,69.100,81.500,92.300,86.100,74.800,54.300,97.100,88.400,16.900,83.100,36.400,44.200,68.800,,67.900,,3.000,6.900,20.600,19.800,15.700,54.200,97.500,,93.000,,,,,2.300,62.100,93.800,6.800,6.800,1.700,85.000,59.600,15.700,0.000,88.100,88.800,59.700,4.700,0.200,100.000,68.500,0.200,28.900,17.500,6.000,24.300,15.100,32.000,18.900,8.600,73.500,47.900,62.600,76.100,87.300,76.800,,57.000,0.200,19.200,75.900,99.400,99.400,,3.100,2.300,97.600,889.000,1002.000,21.700,7.200,4.200,0.800,4.500,2.500,97.800,10.000,82.600,46.400,48.900,12.600,56.800,6.700,22.900,13.200,24.300,12.200,6.500
India,Haryana,Ambala,"Calendar Year (Jan - Dec), 2019",49.200,46.100,69.500,57.600,2874.000,91.000,34.200,45.100,29.000,2.400,18.700,79.300,86.900,93.300,92.800,81.400,76.300,97.700,93.300,2.900,92.800,35.500,23.500,64.200,,79.500,,6.200,4.000,24.100,13.700,10.900,29.200,93.100,79.600,86.900,,,,77.600,23.900,41.700,87.400,0.900,2.900,0.200,82.200,25.500,15.600,1.000,81.600,96.200,19.000,3.200,0.500,97.800,61.700,0.600,18.800,22.000,5.300,13.000,6.500,31.200,19.700,9.100,51.600,32.100,76.500,57.400,86.900,89.000,,46.500,3.200,21.600,87.200,99.300,99.600,33.800,5.600,5.800,96.200,764.000,930.000,17.400,7.000,2.200,0.400,0.800,0.800,93.300,6.400,85.000,41.600,62.500,14.800,55.300,4.000,11.700,6.300,28.800,15.300,9.400
India,Tamil Nadu,Krishnagiri,"Calendar Year (Jan - Dec), 2019",39.400,44.000,70.000,67.700,2081.000,100.000,31.900,59.700,23.400,1.400,6.100,87.300,90.300,91.100,84.200,87.300,60.200,96.700,91.100,1.600,98.500,42.300,12.800,46.500,,68.500,,10.100,4.700,29.000,19.300,10.400,76.500,98.700,,94.000,,,,,0.400,98.700,94.800,0.400,0.900,0.600,72.600,60.700,40.200,0.400,86.000,95.200,73.600,6.000,0.400,99.600,75.900,0.200,22.700,20.300,6.700,15.000,7.400,25.300,16.400,7.300,93.700,74.300,84.500,93.100,95.500,93.700,8.800,44.300,0.000,24.200,75.900,99.800,99.200,33.300,1.100,0.400,99.500,857.000,1053.000,7.100,4.900,1.900,0.200,8.200,9.500,98.100,20.300,78.600,34.500,51.200,11.700,53.900,4.900,14.000,7.800,23.500,14.900,6.200
India,Gujarat,Gandhinagar,"Calendar Year (Jan - Dec), 2019",72.800,68.800,49.300,43.600,2445.000,89.300,32.700,39.600,24.300,1.300,6.400,77.700,95.200,90.400,90.400,81.500,3.800,94.200,92.400,7.600,92.400,30.100,5.200,81.200,0.000,81.000,0.000,0.500,9.900,38.100,44.600,30.600,37.800,100.000,0.000,89.000,71.500,73.400,16.100,74.100,13.200,59.800,96.700,0.300,1.000,0.300,77.600,25.500,16.900,1.400,76.900,93.600,29.700,2.100,0.100,97.800,39.500,0.000,5.400,33.800,8.400,18.700,8.700,29.300,18.400,7.000,38.100,22.600,69.500,71.000,88.200,86.700,0.000,69.200,2.600,22.300,84.600,99.700,97.800,57.400,15.000,0.400,96.200,766.000,924.000,4.900,18.500,6.600,0.100,7.200,5.000,69.300,32.600,81.800,29.500,43.500,21.200,37.900,8.700,18.500,8.800,23.900,12.600,5.800
India,Jharkhand,Ranchi,"Calendar Year (Jan - Dec), 2019",61.700,58.900,61.500,51.300,2394.000,94.700,19.800,47.500,12.300,1.200,19.100,73.800,85.400,81.000,80.000,78.000,77.800,92.500,82.600,8.700,91.300,43.900,12.800,62.800,,75.500,8.900,4.300,16.800,28.300,40.600,32.700,32.100,75.500,89.000,84.500,,,,,6.400,72.000,55.200,0.200,0.300,0.400,73.300,34.000,32.900,7.700,57.700,99.000,43.900,5.000,0.400,87.300,61.700,0.400,36.400,45.800,5.300,12.000,6.300,23.100,16.000,5.700,43.000,20.000,77.800,35.200,83.100,90.300,,59.300,3.200,25.400,77.200,86.300,99.300,45.900,4.800,1.900,93.600,874.000,1004.000,19.700,12.000,4.800,5.700,8.300,5.500,85.000,20.900,76.000,14.900,71.900,21.200,49.500,5.100,9.700,3.500,19.600,12.900,4.600
India,Meghalaya,North Garo Hills,"Calendar Year (Jan - Dec), 2019",65.200,58.400,19.200,17.700,4504.000,63.200,3.300,0.000,5.400,1.100,11.700,47.500,0.000,57.900,39.500,54.700,8.200,65.900,58.100,0.000,96.900,2.800,12.700,30.200,0.000,42.600,1.000,7.300,5.600,35.600,15.800,11.700,62.300,79.500,0.000,41.800,0.000,0.000,0.000,56.600,3.200,70.400,43.800,0.000,0.000,0.200,91.300,2.900,8.000,5.900,24.400,84.100,60.800,3.400,0.700,61.500,60.400,0.000,40.200,54.100,11.800,18.700,4.100,25.400,15.700,5.300,23.700,7.900,40.300,24.300,40.500,55.500,0.000,58.900,7.400,29.200,84.900,51.500,97.500,40.800,6.600,0.900,85.800,894.000,1009.000,13.200,25.200,12.900,2.200,3.800,3.700,74.900,13.200,86.100,11.100,65.900,7.700,38.400,7.800,12.200,2.700,20.000,10.500,4.600
India,Assam,Sivasagar,"Calendar Year (Jan - Dec), 2019",67.200,67.600,67.300,39.500,5466.000,95.600,30.000,75.300,20.600,0.800,24.800,77.600,76.700,90.500,83.800,81.900,30.400,95.700,90.500,2.200,97.800,22.500,5.700,67.500,0.000,64.900,0.000,3.500,6.100,26.100,25.900,21.100,54.900,97.100,0.000,83.400,0.000,0.000,0.000,58.300,5.100,80.100,57.900,0.300,0.200,0.500,87.100,12.400,22.100,0.400,45.500,99.800,60.700,4.400,0.300,95.300,76.200,0.000,42.900,58.400,7.700,17.200,8.800,26.000,15.800,6.800,53.700,23.800,85.100,80.900,73.800,96.500,0.000,68.000,16.300,23.800,82.300,92.700,97.000,54.300,5.100,0.400,100.000,915.000,989.000,24.400,8.300,3.200,13.500,25.500,12.800,75.700,27.900,86.600,21.500,60.400,20.500,47.100,7.900,15.300,6.200,22.000,11.500,5.900
India,Maharashtra,Jalna,"Calendar Year (Jan - Dec), 2019",54.600,58.200,49.700,48.900,4178.000,86.500,15.200,30.400,7.700,2.200,4.700,54.300,68.900,64.300,50.800,66.400,15.300,92.600,75.900,2.600,96.100,22.900,33.800,68.300,0.000,70.100,0.000,1.300,8.200,38.000,39.000,22.200,66.100,94.800,0.000,78.900,76.400,48.100,14.800,68.700,9.600,43.300,75.000,1.400,2.400,1.900,67.600,34.700,15.700,3.400,56.400,97.600,9.700,1.600,0.100,92.800,57.300,0.100,11.300,32.500,7.400,13.000,4.800,24.800,17.900,3.300,27.200,20.800,56.000,58.400,74.000,78.300,0.000,58.700,2.600,26.900,63.600,82.800,95.700,47.300,19.000,7.000,96.100,867.000,948.000,5.200,13.100,3.900,0.200,7.000,10.100,71.800,35.000,71.800,20.600,21.400,23.300,34.300,5.500,11.000,4.400,21.800,12.500,4.200
India,Telangana,Mahabubabad,"Calendar Year (Jan - Dec), 2019",70.300,62.800,75.400,74.700,3234.000,95.400,74.000,87.000,60.500,0.500,3.700,76.100,96.800,87.400,87.400,76.100,0.000,89.700,87.400,0.000,100.000,21.400,25.800,81.100,0.000,73.600,0.000,3.600,5.200,33.000,26.300,19.300,50.500,91.000,0.000,94.300,0.000,0.000,0.000,79.700,0.300,59.500,70.000,0.500,1.800,2.000,55.000,68.900,16.300,1.900,86.600,96.200,69.300,0.000,0.000,97.700,41.500,4.600,56.500,28.100,6.800,16.500,8.400,28.800,18.400,7.200,52.100,32.400,87.800,67.700,91.500,94.000,0.000,63.000,0.400,21.800,68.600,98.200,99.600,54.100,11.200,1.500,98.100,885.000,1067.000,3.400,4.700,2.200,12.600,5.000,6.600,92.800,28.300,58.000,23.700,48.000,18.600,34.700,7.700,14.100,5.600,21.900,11.600,6.100
India,Bihar,Rohtas,"Calendar Year (Jan - Dec), 2019",66.300,64.900,73.900,55.700,1621.000,91.300,14.100,35.700,1.500,6.100,2.400,86.800,93.600,95.800,95.800,86.800,7.700,97.600,95.800,1.100,98.900,45.500,7.500,70.300,42.400,71.500,5.100,2.500,18.000,40.000,48.200,31.800,31.300,73.900,56.600,80.700,0.000,0.000,0.000,83.100,6.100,59.100,47.200,0.700,1.100,0.000,70.500,42.800,38.600,3.700,47.400,97.400,17.200,1.200,0.600,89.100,51.700,1.200,18.200,40.600,7.400,13.500,5.500,16.000,10.300,4.600,17.400,7.700,64.900,34.200,85.000,95.000,3.500,65.600,1.800,32.700,69.000,99.600,98.500,51.000,3.600,3.100,91.200,924.000,1040.000,2.600,5.900,2.700,0.400,1.000,4.600,72.300,30.300,76.500,19.800,52.500,22.900,42.600,5.300,10.300,4.600,15.200,10.500,3.900
India,Madhya Pradesh,Burhanpur,"Calendar Year (Jan - Dec), 2019",66.500,57.300,75.700,71.500,1427.000,92.300,14.000,55.400,7.900,3.400,19.700,91.700,92.600,94.200,92.900,91.700,92.900,97.100,92.900,1.600,98.400,29.900,4.100,77.900,,81.800,,3.200,13.100,38.700,47.200,27.900,28.000,92.100,69.400,84.800,,,,57.700,10.800,82.800,77.100,0.200,0.900,0.200,69.800,53.100,32.700,2.600,68.200,94.900,42.200,0.900,0.500,90.700,76.300,0.100,13.700,35.400,5.200,9.100,3.300,15.900,10.700,3.500,72.600,60.700,77.400,63.100,84.600,95.400,,58.000,4.800,27.900,74.000,96.000,98.300,36.400,6.200,3.000,98.800,816.000,941.000,16.800,6.800,3.500,1.000,9.500,1.800,66.100,17.800,64.700,12.200,36.200,20.900,26.300,3.500,7.100,2.700,13.900,8.700,3.100
India,Chhattisgarh,Bilaspur,"Calendar Year (Jan - Dec), 2019",63.900,58.500,58.500,50.300,2344.000,85.600,19.000,57.200,9.900,2.600,15.700,52.500,69.500,77.500,73.300,65.800,38.900,94.000,80.100,11.000,89.100,36.700,3.000,78.100,,62.700,11.800,4.400,10.900,25.700,28.000,24.000,33.600,94.200,,78.600,,,,72.100,5.500,56.000,63.500,0.300,0.300,0.200,71.000,33.700,19.900,8.100,42.200,98.600,60.400,3.000,0.300,79.400,55.800,0.100,33.900,40.000,6.500,12.700,5.300,28.600,19.200,8.100,30.000,9.200,52.500,46.900,75.700,84.600,,59.300,2.500,24.800,80.500,93.600,98.600,41.400,5.100,0.800,92.900,1070.000,1033.000,15.200,10.400,4.000,2.600,11.500,5.200,70.700,11.200,72.800,17.100,50.300,27.200,37.400,4.300,10.000,4.800,24.400,14.500,7.300
India,Maharashtra,Wardha,"Calendar Year (Jan - Dec), 2019",63.500,60.000,79.200,78.100,3482.000,99.000,24.100,39.300,19.000,0.500,4.800,92.400,87.400,97.400,89.600,95.000,2.600,100.000,97.400,2.400,97.600,36.900,33.900,71.400,0.000,87.100,0.000,4.000,12.500,27.700,31.300,28.100,51.600,98.400,0.000,90.500,0.000,0.000,0.000,0.000,8.600,52.800,92.000,0.000,0.400,0.200,85.100,64.300,36.500,0.000,83.900,97.900,27.100,1.500,0.800,98.800,72.400,0.400,24.600,52.600,5.400,10.400,4.400,14.000,10.000,1.800,50.600,29.000,87.900,70.400,89.900,93.400,0.000,60.700,2.400,20.400,80.200,98.500,98.800,36.500,6.000,2.500,98.600,1173.000,979.000,7.300,6.600,3.700,0.600,9.500,2.200,94.000,9.000,93.000,19.600,39.600,17.100,56.500,4.500,9.000,3.700,17.100,9.800,2.700
India,Madhya Pradesh,Gwalior,"Calendar Year (Jan - Dec), 2019",66.600,62.500,60.600,51.500,1717.000,94.200,20.300,51.000,13.200,3.000,11.300,80.500,86.600,83.900,81.000,82.200,70.200,91.800,82.200,1.900,94.700,26.900,0.000,78.400,,72.600,,0.700,2.400,40.100,33.000,12.400,49.200,94.500,72.900,85.800,,,,,10.900,70.500,81.500,0.000,0.200,1.500,72.200,36.500,22.500,0.700,69.800,94.900,40.600,0.500,0.200,94.800,74.100,0.200,11.300,30.200,5.100,13.000,7.100,25.100,16.900,6.300,56.100,38.900,86.200,68.900,81.300,97.200,,62.500,2.300,24.400,83.200,98.600,99.500,63.600,6.900,0.600,97.700,753.000,902.000,11.600,13.400,5.900,0.200,4.600,3.300,77.100,11.800,76.000,26.100,38.800,20.400,37.900,4.900,11.100,5.600,19.900,12.600,4.900
India,Telangana,Yadadri Bhuvanagiri,"Calendar Year (Jan - Dec), 2019",60.100,53.800,76.200,75.000,3082.000,94.100,68.200,80.800,61.300,3.000,4.500,76.700,84.300,87.200,87.000,80.200,5.100,95.200,90.000,3.000,97.000,37.900,27.200,65.300,0.000,69.600,0.000,5.500,3.000,38.300,27.200,10.300,43.700,93.800,69.700,94.900,0.000,0.000,0.000,67.300,0.700,58.500,71.100,0.200,2.400,2.100,59.100,72.300,20.600,1.200,94.900,98.700,65.300,0.300,0.200,97.700,54.900,0.200,58.400,22.200,6.900,18.000,9.600,32.300,19.100,8.800,60.500,35.700,92.100,67.200,93.200,91.500,0.000,54.300,0.000,23.000,81.900,99.700,99.600,38.500,6.000,1.100,97.900,954.000,1071.000,3.900,5.000,2.000,12.900,5.600,1.700,94.800,21.600,68.400,24.600,48.800,19.400,48.000,6.100,14.600,6.900,24.800,12.500,6.800
India,Uttar Pradesh,Maharajganj,"Calendar Year (Jan - Dec), 2019",43.400,47.100,62.900,49.600,2398.000,92.000,14.700,57.700,7.200,1.900,7.700,76.200,82.800,92.400,87.400,82.700,68.500,96.800,91.900,0.000,94.800,30.100,6.600,60.500,,81.100,,3.400,9.100,40.500,37.400,21.800,13.400,89.000,62.100,76.400,,,,63.100,9.800,77.300,33.500,0.300,0.700,0.300,62.400,27.900,32.300,2.500,65.100,98.100,18.200,1.100,2.600,93.300,77.500,0.000,17.200,47.800,6.900,13.300,5.600,24.900,16.700,6.000,26.500,12.200,55.500,52.500,77.200,96.100,,47.300,7.400,32.400,66.700,100.000,94.800,38.900,3.400,4.200,97.400,933.000,1116.000,8.000,13.700,5.300,0.300,5.900,3.600,80.600,24.100,62.000,19.900,52.600,17.900,33.800,6.000,12.000,5.400,19.600,11.300,5.200
India,West Bengal,Coochbehar,"Calendar Year (Jan - Dec), 2019",71.200,74.800,81.700,67.700,2499.000,92.500,23.900,91.800,16.100,0.000,23.500,94.200,97.100,94.200,91.100,97.000,0.000,98.500,97.000,0.000,100.000,50.000,27.800,66.400,0.000,61.400,0.000,2.300,5.200,28.700,22.500,16.800,56.500,97.400,45.900,79.700,0.000,0.000,0.000,59.800,6.400,49.700,70.300,0.200,0.400,0.200,75.700,31.900,18.300,0.500,25.700,97.600,36.000,2.100,0.800,93.000,81.300,0.300,14.400,56.100,9.600,18.700,7.500,20.800,11.300,6.400,58.800,28.300,71.300,77.300,71.900,96.600,0.000,74.900,24.000,25.000,75.700,99.300,98.200,72.000,4.500,2.500,99.600,959.000,1058.000,23.200,4.600,2.300,0.300,22.300,27.300,83.500,46.700,79.200,16.500,75.800,18.100,26.700,8.300,13.600,4.600,21.700,12.800,6.100
India,Karnataka,Ballari,"Calendar Year (Jan - Dec), 2019",58.500,58.100,62.700,62.300,12348.000,96.000,29.100,75.800,19.100,3.400,8.900,71.500,79.200,93.100,93.100,77.800,4.600,97.600,89.400,2.000,98.100,25.700,28.000,67.500,0.000,73.700,0.000,1.300,13.600,36.100,36.500,22.900,49.200,96.900,56.900,84.200,0.000,0.000,0.000,67.000,2.600,54.800,89.200,0.200,0.500,1.000,64.200,56.600,33.500,2.400,76.200,84.700,25.700,1.700,0.000,95.700,76.800,0.000,14.300,26.200,5.300,11.600,5.300,20.900,14.000,4.400,28.700,15.000,67.500,56.400,86.600,90.500,0.000,58.700,1.200,23.600,64.100,94.700,98.900,40.200,5.100,1.600,98.100,1072.000,1038.000,9.700,5.600,2.900,1.000,8.200,3.200,85.000,22.200,64.400,27.300,45.100,22.200,39.900,4.200,9.200,3.900,21.200,12.700,4.800
India,Haryana,Faridabad,"Calendar Year (Jan - Dec), 2019",55.900,54.200,77.500,58.200,1591.000,93.900,23.500,39.600,8.900,1.400,12.300,69.500,73.200,83.600,83.600,74.400,69.500,95.400,85.100,5.200,94.800,22.300,10.700,68.400,,59.400,,2.400,3.600,28.900,19.500,8.000,37.200,95.600,65.300,93.300,,,,,23.900,91.700,77.500,0.000,1.000,0.200,80.500,22.400,23.800,1.400,89.300,95.400,32.800,5.700,0.400,92.500,42.900,0.600,13.600,23.000,5.100,11.600,5.500,26.200,18.800,6.000,44.600,25.000,85.600,51.200,93.500,81.400,,54.800,2.400,25.000,84.200,97.900,100.000,30.900,4.700,1.200,95.000,955.000,890.000,11.700,7.400,3.300,0.500,2.700,2.800,95.500,15.300,82.300,37.100,68.100,10.000,55.600,3.800,10.000,5.300,23.300,15.200,5.300
India,Punjab,Barnala,"Calendar Year (Jan - Dec), 2019",56.500,55.200,69.300,53.600,4033.000,95.300,37.900,52.400,33.500,0.800,22.500,68.500,86.700,88.300,84.100,75.500,50.200,92.400,86.800,15.000,83.300,29.800,24.500,60.600,,71.900,,6.100,2.400,33.800,16.500,9.400,54.700,96.000,46.900,87.000,,,,58.500,20.700,69.400,90.900,0.500,0.500,0.700,72.400,25.800,17.000,1.200,73.500,93.800,20.700,3.200,0.200,96.700,67.300,0.600,28.500,14.000,6.600,13.800,6.900,40.000,25.400,12.400,56.500,39.600,75.600,63.800,86.000,84.300,,55.200,2.900,21.700,90.700,99.800,99.800,58.500,11.000,6.000,93.900,755.000,883.000,20.500,9.400,3.600,0.300,0.300,2.600,90.800,12.800,77.900,37.700,78.700,13.000,53.100,4.800,14.500,8.400,32.800,19.100,9.500
India,Assam,Lakhimpur,"Calendar Year (Jan - Dec), 2019",71.500,65.400,67.100,43.600,5098.000,96.800,22.700,0.000,19.900,1.100,8.200,69.000,72.400,87.700,84.600,74.300,53.300,94.500,86.300,0.000,100.000,16.900,11.000,69.300,0.000,62.400,0.000,2.300,7.500,38.500,34.400,18.200,59.000,98.700,80.900,77.000,0.000,0.000,0.000,48.000,5.900,80.300,67.100,0.000,0.000,0.000,83.200,10.800,30.800,1.000,36.100,99.900,67.000,3.000,0.100,96.200,91.600,0.000,39.900,55.800,5.100,9.400,3.400,25.000,15.900,5.300,42.200,14.900,61.000,51.700,67.700,97.300,0.000,66.300,23.500,28.100,74.200,81.200,97.200,42.300,3.700,3.900,99.600,985.000,983.000,7.900,9.800,4.500,15.500,27.200,8.200,79.700,36.300,83.900,12.400,58.700,17.300,42.100,5.000,9.300,3.500,20.800,13.000,4.400
India,Assam,South Salmara Mancachar,"Calendar Year (Jan - Dec), 2019",64.500,57.100,71.500,60.800,3092.000,79.400,5.000,0.000,5.500,0.700,7.900,65.800,66.000,81.900,73.700,74.100,47.100,97.000,85.300,0.000,100.000,6.600,1.900,69.600,0.000,65.800,1.500,5.900,7.100,38.900,27.900,18.200,50.400,97.600,66.300,56.100,0.000,0.000,0.000,60.900,2.500,71.800,71.100,0.300,0.000,0.000,69.400,1.100,26.700,8.100,28.500,98.900,68.200,2.900,0.600,71.700,69.900,0.000,0.900,50.000,7.100,12.000,4.500,16.500,12.600,2.600,47.400,18.300,60.100,35.300,62.600,93.000,0.000,58.200,53.000,36.700,59.000,98.200,79.500,37.600,5.400,3.900,99.400,911.000,968.000,7.100,8.000,1.700,0.200,25.200,22.000,60.600,44.700,63.500,8.500,76.200,11.900,20.900,5.300,8.700,2.800,15.500,11.300,3.100
India,Uttar Pradesh,Sonbhadra,"Calendar Year (Jan - Dec), 2019",44.200,44.500,67.100,53.600,1924.000,77.100,11.800,48.600,3.700,4.900,1.900,72.700,82.300,83.600,83.600,80.200,51.400,93.600,81.500,0.000,98.900,20.500,13.000,63.000,,83.100,0.000,0.900,17.400,38.300,46.500,26.800,29.100,82.600,66.800,57.400,,,,55.500,9.900,64.800,34.000,0.000,2.800,0.200,62.100,33.700,21.900,7.300,30.400,98.200,19.700,0.800,0.900,76.800,56.800,0.100,24.100,54.100,5.800,11.300,5.000,21.400,16.800,4.000,28.000,12.500,63.600,36.400,59.900,86.000,,44.200,7.600,31.800,70.600,89.600,82.900,52.900,2.000,2.900,95.800,974.000,995.000,2.500,11.600,4.700,0.600,5.800,6.900,68.900,17.700,60.900,15.300,60.900,20.900,35.700,5.100,7.900,2.600,19.000,12.900,5.000
India,Tamil Nadu,Pudukkottai,"Calendar Year (Jan - Dec), 2019",61.800,62.500,68.000,64.300,2610.000,100.000,41.200,65.200,30.100,0.400,25.200,83.300,75.900,97.100,97.100,90.700,47.000,92.100,94.600,6.500,93.600,49.300,12.400,71.100,,69.000,,2.800,1.600,32.200,21.600,9.500,46.500,98.400,,94.500,,,,63.800,1.200,82.300,86.900,7.600,13.400,2.500,74.700,55.800,24.600,0.000,42.000,90.600,72.900,6.000,0.000,100.000,68.600,0.000,31.700,28.300,6.600,23.000,13.800,30.200,17.300,7.500,73.700,53.300,77.900,91.600,95.400,89.900,17.700,62.500,0.700,23.700,55.200,95.700,98.900,62.200,5.100,3.300,99.200,804.000,1095.000,22.300,12.200,5.600,0.800,7.600,11.300,95.100,11.600,81.100,32.000,59.800,20.300,52.200,6.500,18.500,9.400,23.000,11.700,5.300
India,Uttar Pradesh,Sambhal,"Calendar Year (Jan - Dec), 2019",57.300,51.300,65.900,40.100,1214.000,78.200,8.100,25.500,1.400,4.400,5.900,83.000,89.600,89.600,88.700,84.700,73.500,95.700,91.300,0.800,86.100,27.700,7.000,69.800,25.700,72.700,0.000,3.800,5.600,51.600,29.800,14.100,31.500,54.800,62.500,67.500,86.800,57.400,57.700,73.100,26.200,81.200,37.700,0.000,0.000,0.200,56.000,8.600,19.600,5.200,38.200,91.100,13.700,0.600,1.100,74.200,45.100,0.000,16.700,40.300,4.800,8.500,3.400,22.700,16.700,5.400,21.300,5.600,60.800,32.900,67.500,90.300,3.900,51.100,2.500,35.500,72.800,100.000,91.900,53.000,5.400,2.100,93.500,940.000,1019.000,5.600,8.500,3.900,0.200,4.900,4.300,60.200,21.100,51.300,19.600,61.600,16.100,24.100,3.500,7.400,3.200,19.300,14.200,4.800
India,Bihar,Gopalganj,"Calendar Year (Jan - Dec), 2019",54.100,53.800,57.300,39.500,2559.000,88.000,9.100,27.500,3.400,3.500,14.900,75.800,97.900,91.100,91.100,79.000,1.700,98.400,89.600,1.900,98.100,37.000,2.700,56.100,0.000,69.100,0.000,3.500,9.800,34.200,29.200,21.500,38.600,87.800,83.500,54.200,40.600,69.200,9.100,61.500,3.300,45.700,40.800,0.200,1.500,0.000,63.300,27.100,17.900,3.300,39.400,96.600,12.700,0.200,0.600,85.900,60.300,0.000,12.000,47.800,5.000,10.100,4.800,22.800,16.300,5.000,23.600,8.600,53.200,27.900,53.900,90.100,0.000,53.800,1.500,34.600,60.100,99.900,96.200,54.000,6.100,5.900,89.600,943.000,1157.000,13.800,19.400,5.500,0.100,5.200,7.600,63.800,28.000,63.300,17.900,69.000,22.700,32.900,4.700,10.500,4.900,20.300,11.700,5.100
India,Arunachal Pradesh,Namsai,"Calendar Year (Jan - Dec), 2019",58.500,58.600,69.500,48.100,4184.000,68.800,10.500,,13.500,0.200,24.300,67.200,83.400,80.700,75.100,70.900,44.000,83.500,79.300,1.300,98.700,27.200,1.600,59.200,,72.400,5.300,6.200,4.200,28.700,17.700,12.400,47.400,89.800,62.800,52.000,,,,50.100,4.400,74.500,57.500,0.000,0.600,0.000,72.100,16.700,14.600,6.400,28.700,99.100,30.900,2.200,0.000,63.600,60.300,0.000,61.600,68.800,6.600,12.000,3.900,28.100,19.000,7.900,33.600,8.900,61.600,35.400,51.200,76.700,,58.800,24.600,30.300,75.100,93.500,96.500,52.600,1.700,0.200,94.600,867.000,982.000,21.200,8.700,5.200,28.400,25.300,11.300,93.000,26.700,62.600,18.000,52.900,12.800,22.200,5.600,9.200,3.000,27.100,17.500,7.700
India,Arunachal Pradesh,Siang,"Calendar Year (Jan - Dec), 2019",23.400,23.900,73.700,61.000,8478.000,82.700,5.800,,6.300,1.800,19.100,60.300,,81.100,74.700,60.300,42.700,80.800,77.500,,,21.200,0.000,24.900,,68.100,3.300,13.000,7.000,21.300,8.800,12.100,51.400,79.900,,55.400,,,,,8.400,60.300,23.200,0.200,1.200,0.200,78.600,34.200,19.200,2.100,27.600,98.900,26.100,10.800,0.000,81.100,79.000,0.000,60.600,55.500,4.300,9.400,4.400,31.500,20.500,10.100,21.500,5.700,50.800,31.100,56.000,78.700,,24.400,4.500,21.800,91.200,96.300,99.600,15.400,2.700,0.900,97.100,1011.000,968.000,17.300,5.000,2.400,27.300,19.600,0.500,98.100,10.000,85.300,15.800,76.400,6.500,50.600,5.200,8.000,2.500,24.400,14.900,8.700
India,Odisha,Jagatsinghapur,"Calendar Year (Jan - Dec), 2019",60.900,59.800,71.900,38.800,5897.000,96.700,42.200,83.800,33.000,0.000,31.000,91.300,92.900,97.900,97.900,93.400,89.400,100.000,97.900,0.000,100.000,42.100,15.400,58.200,,90.600,,8.300,5.600,13.200,11.000,10.700,68.800,95.800,,92.100,,,,68.900,7.300,56.500,57.700,0.500,1.600,0.300,84.700,22.000,13.500,0.000,30.500,98.200,56.800,2.100,0.500,98.300,79.100,0.000,19.100,51.100,7.500,21.400,11.600,30.200,19.400,7.400,64.300,33.700,71.600,82.600,89.200,95.400,,60.400,6.800,20.400,60.100,99.500,98.200,,11.000,7.100,98.200,843.000,1095.000,31.200,11.500,3.500,0.400,25.700,2.600,92.800,12.000,84.800,35.500,64.200,12.900,46.600,6.600,16.900,9.100,26.200,14.800,7.100
India,Uttar Pradesh,Bijnor,"Calendar Year (Jan - Dec), 2019",46.800,46.000,68.100,47.300,2240.000,89.400,22.400,40.100,3.700,3.700,6.900,90.600,96.700,92.600,92.600,90.600,87.000,96.700,92.600,1.200,89.600,35.400,14.800,60.900,,78.200,0.000,2.700,2.000,36.200,21.900,9.400,31.300,85.700,57.900,81.900,,,,74.800,30.400,76.000,51.500,0.000,0.000,0.200,69.600,11.300,25.000,6.500,45.800,95.100,18.800,0.700,0.400,83.700,30.600,0.000,15.100,36.500,6.200,13.300,6.800,24.300,16.800,5.900,21.800,6.200,68.700,48.800,82.400,93.800,6.600,45.900,3.200,30.700,78.200,99.700,96.100,47.000,3.200,1.700,96.000,951.000,1059.000,6.800,5.000,1.700,0.200,3.600,1.200,77.000,5.200,72.800,28.000,51.900,17.000,39.700,4.100,11.300,6.600,19.700,13.200,4.500
India,Jharkhand,Simdega,"Calendar Year (Jan - Dec), 2019",69.500,70.600,48.500,27.700,669.000,78.100,4.500,,2.500,0.800,11.400,79.300,81.100,88.200,88.200,83.900,83.800,92.900,91.500,1.800,98.200,30.900,2.300,75.400,20.600,73.800,2.700,2.800,7.700,42.200,37.000,21.100,17.800,63.100,71.800,62.300,71.100,85.000,11.300,48.400,4.100,81.200,35.000,0.000,0.200,0.000,68.200,15.500,41.100,8.600,15.900,98.900,60.600,1.700,0.100,75.700,71.200,0.800,54.100,56.500,5.300,9.200,3.500,26.700,18.400,7.900,46.400,23.600,71.000,34.400,61.500,84.500,,71.000,3.100,30.000,71.300,66.700,84.100,59.000,7.300,0.600,97.700,907.000,1064.000,10.800,15.800,4.700,15.700,17.600,5.000,92.600,15.900,66.400,7.900,64.600,25.800,29.700,4.700,8.100,3.100,20.900,11.600,7.800
India,Rajasthan,Ajmer,"Calendar Year (Jan - Dec), 2019",54.400,52.700,60.600,56.600,1986.000,97.900,11.600,28.000,9.700,3.100,5.300,78.900,92.300,91.900,91.900,80.500,56.100,96.800,93.500,4.800,95.200,29.000,10.100,76.300,,64.000,,2.800,11.700,22.300,23.100,20.000,35.200,96.400,66.300,82.000,,,,57.800,12.000,48.100,83.400,0.200,0.400,0.200,67.300,41.100,27.400,2.800,52.900,97.700,88.700,0.500,0.300,95.100,82.100,0.100,12.400,38.600,3.300,7.900,3.700,13.100,7.800,2.500,39.600,20.700,80.400,52.800,82.300,95.900,,52.500,2.400,26.700,77.500,98.100,99.900,59.600,4.200,2.900,97.500,848.000,993.000,5.100,11.900,5.200,0.200,4.100,5.500,84.300,20.200,68.400,18.900,59.900,14.200,40.200,3.800,7.500,2.900,14.500,6.800,3.300
India,Nagaland,Longleng,"Calendar Year (Jan - Dec), 2019",43.100,34.600,66.500,56.300,7152.000,44.600,3.600,0.000,9.400,3.900,21.000,53.000,64.800,64.700,58.200,57.500,5.500,88.300,73.300,2.700,97.300,16.500,1.600,40.400,0.000,46.400,0.000,6.800,9.600,34.100,25.700,19.800,62.300,67.500,0.000,28.500,0.000,0.000,0.000,27.800,2.200,55.000,12.700,0.600,0.800,0.700,81.200,16.400,9.400,5.900,11.800,98.600,38.300,32.200,0.100,38.700,37.800,0.000,24.000,54.000,9.600,14.500,4.700,30.000,20.500,8.700,2.600,1.600,42.300,15.400,28.500,75.500,0.000,34.900,3.800,28.800,86.600,76.300,99.100,30.500,6.100,1.200,91.600,922.000,969.000,20.100,4.300,2.900,0.500,7.900,6.500,68.800,11.000,82.000,7.000,41.700,14.400,23.800,6.000,10.200,3.800,22.600,14.100,7.200
India,Gujarat,Dohad,"Calendar Year (Jan - Dec), 2019",79.700,75.100,70.800,55.600,1516.000,93.200,6.100,20.900,1.500,4.000,9.000,66.200,74.800,73.800,73.800,68.500,1.200,88.900,75.000,1.400,98.600,23.500,8.100,87.200,0.000,85.400,0.000,5.800,13.400,55.300,53.000,27.800,40.300,95.100,47.600,87.000,81.200,76.400,50.700,85.300,6.300,79.300,91.300,0.000,0.000,0.000,59.600,42.900,31.600,1.300,26.800,93.400,40.300,1.200,0.000,92.500,68.200,0.000,14.200,55.900,6.900,11.400,4.100,17.700,12.200,3.800,65.000,44.600,75.200,70.900,87.200,96.900,0.000,75.400,2.300,35.600,35.900,91.000,89.300,69.400,14.000,3.700,98.900,1013.000,1047.000,7.500,7.700,2.700,0.900,14.600,7.400,45.100,29.900,56.100,6.500,61.900,39.100,23.100,7.000,11.800,4.500,18.200,12.800,4.000
India,The Dadra And Nagar Haveli And Daman And Diu,Diu,"Calendar Year (Jan - Dec), 2019",62.000,50.300,77.800,52.200,1310.000,97.200,33.500,54.000,25.600,1.100,15.400,92.900,100.000,100.000,100.000,92.900,7.000,100.000,100.000,0.000,100.000,63.800,4.500,62.800,0.000,81.500,0.000,8.200,3.800,33.900,28.500,17.400,26.600,100.000,0.000,93.100,0.000,0.000,0.000,0.000,15.900,82.600,98.000,0.000,0.300,0.300,77.800,32.600,35.400,1.500,85.300,96.400,64.000,1.200,0.500,95.700,63.900,0.000,25.200,34.500,11.100,19.400,6.400,17.700,9.900,4.900,79.900,51.200,85.700,90.700,93.000,93.100,0.000,50.400,1.900,21.200,89.700,99.700,100.000,43.300,1.200,0.500,97.000,983.000,1332.000,17.900,7.700,3.500,0.400,1.700,0.000,89.000,2.300,90.800,30.600,45.300,16.400,52.700,7.900,17.300,7.600,18.100,9.900,3.100
India,Jammu And Kashmir,Ramban,"Calendar Year (Jan - Dec), 2019",76.400,59.700,56.500,52.600,2683.000,91.700,17.000,0.000,20.000,0.800,13.500,78.900,93.700,87.300,85.700,80.500,6.100,92.200,82.100,0.000,98.300,18.900,0.000,62.000,0.000,70.100,3.400,3.500,6.600,25.700,21.200,15.600,60.900,94.300,57.600,70.100,0.000,0.000,0.000,47.000,8.100,62.300,63.600,0.700,1.200,0.500,60.800,16.700,15.600,11.800,35.800,98.600,9.200,7.800,8.600,80.400,78.700,0.400,10.000,36.400,3.700,5.500,1.300,15.700,11.100,1.700,12.900,9.000,84.600,79.200,71.300,92.900,0.000,61.700,9.500,29.500,48.900,73.400,97.400,36.000,6.400,3.400,95.900,1022.000,915.000,18.600,10.300,4.200,0.500,2.800,2.000,58.500,5.500,62.200,15.800,83.700,7.600,35.500,5.800,7.500,1.300,17.500,11.500,2.000
India,Telangana,Vikarabad,"Calendar Year (Jan - Dec), 2019",62.000,61.000,69.800,69.800,3201.000,86.700,48.000,69.500,36.600,2.000,10.800,86.200,88.700,90.700,89.200,87.700,3.400,98.400,93.600,1.600,98.400,33.900,6.400,70.000,0.000,66.100,0.000,0.800,5.800,32.100,37.100,20.000,39.700,91.600,0.000,86.900,77.000,44.500,31.600,77.800,0.400,36.500,57.600,0.100,2.800,0.600,53.100,68.700,8.600,2.000,76.000,89.100,59.600,0.300,0.000,95.000,54.900,0.000,44.700,29.200,5.700,14.300,7.500,30.300,17.900,8.900,37.200,24.400,78.000,54.800,80.800,83.200,0.000,61.300,0.000,24.900,66.700,99.700,99.100,0.000,13.000,2.500,98.700,775.000,998.000,11.100,4.600,3.000,17.000,11.600,10.000,93.300,39.800,59.300,25.700,38.200,25.600,38.300,4.800,10.800,4.100,27.000,15.000,7.800
India,Telangana,Kumuram Bheem Asifabad,"Calendar Year (Jan - Dec), 2019",74.500,67.300,49.400,49.100,4121.000,83.400,27.200,68.400,16.600,1.300,8.100,76.200,93.500,98.000,95.900,78.200,17.900,98.000,96.400,3.500,96.500,42.100,17.300,70.700,0.000,75.000,15.000,2.700,14.400,38.100,41.100,35.700,42.600,83.100,0.000,81.900,0.000,0.000,0.000,59.200,0.800,33.000,56.400,0.300,0.900,1.200,52.900,46.900,12.500,5.700,85.800,92.900,63.600,0.100,0.200,82.000,55.700,0.300,38.400,37.700,6.200,11.600,4.800,27.200,17.300,7.800,49.000,18.800,80.000,68.800,85.500,91.800,0.000,67.300,0.500,23.700,54.000,93.600,97.800,65.800,7.100,2.200,96.700,917.000,1024.000,9.400,6.800,2.700,3.000,12.800,4.600,79.600,25.000,51.700,14.000,39.000,25.700,28.700,3.900,8.400,3.800,21.800,13.300,5.500
India,Kerala,Palakkad,"Calendar Year (Jan - Dec), 2019",43.300,49.600,58.900,51.900,6211.000,100.000,31.200,29.700,34.700,0.000,26.800,51.800,73.200,71.000,62.400,57.000,11.000,90.200,77.000,5.900,94.100,11.500,32.800,51.900,0.000,77.600,0.000,1.100,9.000,29.700,27.700,21.700,55.200,99.500,0.000,93.200,0.000,0.000,0.000,82.500,1.900,56.600,95.400,1.100,3.700,0.600,89.600,48.100,14.600,0.000,67.500,99.700,53.800,1.700,0.000,100.000,29.600,0.000,23.100,22.500,10.500,26.300,13.000,35.300,22.400,8.500,71.700,58.800,97.700,68.400,97.500,87.900,0.000,50.000,0.200,19.300,99.000,94.700,98.900,40.500,2.700,1.900,87.300,1012.000,1148.000,23.700,10.800,6.700,0.400,5.100,4.400,87.500,14.100,94.400,32.900,66.200,12.900,63.200,9.000,24.600,12.800,32.400,17.900,7.800
India,Haryana,Sonipat,"Calendar Year (Jan - Dec), 2019",52.800,53.300,78.700,59.900,1533.000,90.200,16.700,30.800,8.300,3.200,5.000,83.000,77.400,90.100,90.100,83.000,83.000,92.400,90.100,0.000,100.000,31.100,6.400,68.700,,54.000,,3.600,5.100,23.600,12.700,9.200,33.900,96.700,75.600,92.500,,,,81.700,18.000,58.600,92.100,0.300,0.500,0.300,78.900,30.000,20.300,0.000,69.900,96.600,22.400,6.700,0.200,99.700,62.400,1.000,17.900,30.700,6.500,12.100,4.900,21.900,15.100,5.800,48.900,32.200,85.800,64.100,94.500,90.600,,53.000,3.700,23.500,86.700,97.200,99.300,61.000,4.300,4.000,96.400,906.000,844.000,5.100,4.800,1.400,0.200,2.900,2.900,97.500,15.500,87.300,39.300,53.700,13.200,56.800,6.200,13.400,6.400,20.000,12.600,4.500
India,Delhi,Central,"Calendar Year (Jan - Dec), 2019",54.600,44.600,68.500,49.800,2313.000,90.900,25.300,49.400,20.200,0.800,23.400,82.100,94.100,89.700,87.200,84.400,15.500,94.800,89.900,5.400,94.600,36.900,24.800,70.300,,48.800,,4.100,7.000,33.500,25.500,13.500,47.600,93.000,,90.100,,,,76.300,22.900,59.800,87.100,1.100,1.500,2.500,84.400,17.600,11.900,0.000,98.800,96.800,22.600,5.700,0.500,92.200,69.300,0.600,19.800,27.800,6.000,15.800,7.900,41.500,25.300,12.900,62.200,43.300,70.400,73.100,84.900,88.300,,45.100,2.100,23.900,77.000,99.700,99.800,,11.000,3.100,94.000,994.000,901.000,18.200,9.400,3.300,0.300,3.400,4.000,97.500,11.200,83.500,44.800,66.900,10.400,57.100,4.500,11.700,5.700,26.500,15.700,7.000
India,Uttar Pradesh,Kheri,"Calendar Year (Jan - Dec), 2019",52.500,53.000,54.900,37.900,2126.000,81.200,14.200,65.800,6.700,2.000,3.300,69.500,76.200,77.500,75.200,69.500,56.400,88.300,78.400,1.300,91.000,26.700,5.300,66.300,,65.400,1.600,2.200,3.900,47.600,36.300,15.800,27.000,76.100,65.500,55.700,,,,72.800,11.200,64.600,42.700,0.000,0.600,0.300,66.300,20.800,28.000,3.700,35.900,92.100,22.000,1.500,0.300,82.800,68.000,0.000,17.500,55.200,4.700,9.400,4.200,22.400,16.700,5.200,12.000,7.800,53.900,48.000,60.500,89.900,,52.800,1.400,32.400,65.600,99.900,84.200,56.100,3.700,1.300,93.600,901.000,998.000,4.400,16.100,6.100,0.200,14.800,3.600,58.100,19.700,57.500,16.400,51.900,30.900,28.700,4.000,8.700,4.000,20.100,12.800,5.700
India,Jammu And Kashmir,Baramulla,"Calendar Year (Jan - Dec), 2019",75.300,72.500,31.100,28.200,9853.000,97.000,51.100,85.100,49.600,1.900,19.800,73.700,98.200,87.200,86.000,76.600,4.200,91.500,84.100,1.700,96.800,24.700,3.200,70.400,0.000,83.400,0.000,8.000,8.800,23.200,17.300,18.200,54.400,93.800,68.500,76.000,69.100,57.000,42.200,70.300,4.500,55.900,61.800,1.700,1.800,4.000,62.900,14.100,11.900,1.800,76.500,99.100,6.500,2.100,1.600,96.200,86.800,0.000,1.200,34.700,3.800,8.300,3.300,19.000,11.700,3.200,22.400,13.100,84.000,75.200,80.100,88.200,0.000,73.100,5.000,24.800,77.700,93.300,98.700,56.000,9.900,3.800,96.000,952.000,955.000,19.900,15.700,7.400,0.200,6.500,0.000,62.000,3.800,67.900,31.100,78.300,10.600,35.900,4.500,10.000,3.800,23.700,13.600,3.900
India,West Bengal,Jalpaiguri,"Calendar Year (Jan - Dec), 2019",66.600,71.400,82.700,70.100,2243.000,97.700,28.700,90.800,20.800,0.000,29.700,87.900,96.300,94.800,94.800,89.500,0.000,98.300,96.600,0.000,100.000,53.600,30.000,67.400,0.000,65.500,0.000,5.500,7.300,28.900,25.400,18.300,61.300,99.200,60.900,82.500,0.000,0.000,0.000,80.900,7.600,61.100,74.800,0.000,0.000,0.000,73.700,35.500,15.100,0.400,42.700,94.800,35.800,4.600,1.000,95.800,83.200,0.300,28.200,54.200,9.500,17.200,6.800,23.700,15.100,7.100,70.700,29.000,77.500,88.400,74.800,96.600,0.000,72.200,20.200,22.600,73.200,95.200,97.400,44.800,4.300,2.100,100.000,1099.000,1038.000,28.500,4.000,1.600,2.800,19.000,11.800,82.300,18.700,73.600,16.700,82.700,15.800,33.900,7.900,13.800,5.200,21.200,12.600,6.300
India,Madhya Pradesh,Sidhi,"Calendar Year (Jan - Dec), 2019",59.600,55.700,71.700,58.600,580.000,75.900,7.000,,6.000,3.000,12.700,78.200,77.500,86.300,83.600,88.000,77.700,97.600,92.300,1.300,98.700,27.100,6.200,72.500,,88.500,6.600,2.500,6.400,39.100,32.800,16.600,38.300,96.200,79.100,75.900,69.500,75.400,36.000,65.300,6.600,79.800,60.400,0.000,0.000,0.000,66.700,41.900,25.700,2.700,20.900,94.700,26.100,2.500,0.600,83.800,80.400,2.700,22.000,54.500,9.000,14.000,4.700,26.000,19.900,5.200,34.900,13.500,72.700,39.400,79.700,97.800,,55.700,0.900,30.700,44.700,83.700,96.400,55.800,9.600,2.800,97.700,763.000,1053.000,13.200,6.400,2.300,0.700,7.400,3.600,37.900,23.000,64.400,14.600,67.100,22.900,27.100,4.400,8.500,3.700,17.500,12.700,3.500
India,Manipur,Imphal East,"Calendar Year (Jan - Dec), 2019",36.000,35.900,50.100,16.900,18578.000,93.000,35.800,55.600,32.900,1.000,18.300,76.200,72.500,83.300,81.900,79.000,4.900,100.000,81.900,10.700,87.600,10.500,15.200,50.300,0.000,43.000,0.000,0.500,2.400,18.400,14.400,11.700,47.400,86.100,0.000,81.000,57.600,82.900,22.600,44.200,5.400,44.500,32.800,3.300,2.300,1.900,87.200,3.900,6.300,1.600,79.000,99.100,7.000,3.100,0.000,91.700,66.700,0.000,36.100,53.500,7.800,18.500,9.300,36.000,21.600,9.800,55.800,31.900,78.600,87.100,85.400,89.100,0.000,36.300,4.100,26.000,59.500,90.200,98.600,27.400,11.700,1.900,53.800,936.000,1059.000,19.200,16.700,5.400,0.800,39.600,9.500,76.400,15.200,90.000,40.100,59.100,8.700,49.900,7.300,15.900,7.400,21.900,11.900,4.900
India,Punjab,Moga,"Calendar Year (Jan - Dec), 2019",60.800,54.400,75.000,60.000,2488.000,95.300,27.300,34.700,27.000,1.500,3.400,80.600,83.700,89.600,77.100,80.600,55.100,97.800,87.300,6.300,93.700,25.600,17.000,70.300,,70.500,,4.900,3.100,22.000,16.800,12.000,44.300,97.300,62.800,88.200,,,,73.100,28.200,70.000,87.300,0.000,0.500,0.000,72.000,25.600,16.700,4.300,71.500,96.400,23.700,3.200,0.000,93.000,64.100,0.600,30.400,16.900,6.200,12.800,6.000,35.300,23.100,10.300,51.100,33.600,75.000,58.400,87.400,89.400,,54.700,1.900,22.800,87.800,99.200,99.900,,7.400,6.000,99.500,1014.000,906.000,2.800,8.000,2.700,0.500,0.300,4.300,90.500,13.100,74.700,33.100,73.200,13.400,45.200,5.800,14.900,8.000,31.200,18.300,9.600
India,Kerala,Kollam,"Calendar Year (Jan - Dec), 2019",24.500,36.000,62.900,60.500,6836.000,100.000,49.100,58.400,37.600,0.700,16.700,85.400,0.000,89.100,82.100,95.600,11.100,96.300,89.100,9.500,90.500,29.900,11.800,32.500,0.000,93.900,0.000,9.400,6.900,15.500,17.000,21.400,61.600,100.000,0.000,89.500,0.000,0.000,0.000,92.500,1.700,62.000,96.200,2.200,4.500,0.500,96.600,57.200,15.100,0.000,80.100,99.000,56.000,0.600,0.200,100.000,44.700,0.000,22.300,21.500,9.500,30.200,16.700,35.300,18.600,8.200,89.000,81.500,92.600,79.300,91.400,98.500,0.000,36.700,0.600,18.900,97.500,95.700,99.800,0.000,5.500,5.400,94.900,1135.000,1171.000,17.300,11.900,7.200,0.200,1.600,0.000,99.400,1.800,98.200,43.500,74.400,9.500,80.600,8.100,26.200,13.600,32.400,16.300,6.600
India,Telangana,Hyderabad,"Calendar Year (Jan - Dec), 2019",70.600,52.700,71.800,70.000,2815.000,94.600,59.700,85.000,35.400,4.000,6.200,73.800,91.600,75.400,70.100,76.300,2.500,82.100,77.900,5.300,84.300,19.800,19.900,63.600,0.000,62.000,0.000,4.300,8.000,30.400,18.900,17.700,48.100,94.300,0.000,94.900,0.000,0.000,0.000,0.000,1.100,58.200,82.800,0.000,2.300,5.900,80.300,64.600,18.500,0.000,99.500,97.400,48.900,1.800,0.000,98.300,48.300,0.000,28.000,12.400,6.500,26.800,16.700,41.700,22.000,10.200,72.200,38.400,87.900,69.900,91.200,89.600,0.000,52.500,1.900,23.000,84.400,99.600,99.900,0.000,1.000,0.800,94.400,844.000,959.000,4.800,6.100,2.900,0.700,1.700,2.200,94.200,10.600,83.600,51.000,43.900,12.400,63.200,5.400,21.200,11.400,30.200,14.200,5.300
India,Bihar,Kishanganj,"Calendar Year (Jan - Dec), 2019",62.600,65.100,25.300,21.000,4174.000,64.900,12.100,71.000,6.600,5.200,12.100,67.300,80.900,80.300,77.400,70.200,1.700,93.200,82.000,1.700,97.300,18.600,5.900,67.500,30.600,53.200,2.600,1.500,7.600,38.800,41.100,23.900,16.900,74.300,53.500,42.100,64.000,64.500,4.200,67.700,2.500,43.300,33.500,0.200,0.800,0.200,56.000,14.600,12.200,12.400,15.300,94.800,8.100,0.500,0.500,54.600,41.500,0.100,6.200,50.400,7.800,17.000,8.000,22.700,12.400,5.000,17.500,10.900,37.600,17.100,40.700,79.200,0.000,64.900,2.400,39.900,52.400,100.000,95.800,68.400,9.100,1.800,84.700,1016.000,1199.000,13.100,21.700,8.000,0.600,11.600,10.000,39.800,36.600,48.000,11.600,53.400,29.100,15.000,5.600,11.000,4.400,17.400,8.500,3.600
India,Madhya Pradesh,Neemuch,"Calendar Year (Jan - Dec), 2019",57.700,50.300,73.400,66.300,1878.000,97.000,13.500,43.900,10.100,1.200,4.300,88.700,87.900,93.200,93.200,88.700,87.900,100.000,91.400,1.800,98.300,34.200,3.000,77.200,,76.100,,2.500,5.400,33.000,27.700,13.100,43.200,99.600,83.000,92.900,,,,,11.100,74.600,78.500,0.200,0.300,0.000,64.100,48.900,32.400,1.200,52.400,99.600,43.300,0.500,0.100,97.500,86.700,1.000,9.100,31.100,5.600,10.000,3.800,28.500,19.500,7.100,48.400,34.300,88.900,60.600,93.300,94.300,,50.600,2.900,23.800,68.900,91.700,99.600,42.000,4.800,0.900,99.700,993.000,982.000,3.300,7.600,3.900,0.400,3.000,4.100,66.400,29.300,67.300,20.100,42.900,18.800,27.900,5.300,9.800,4.000,26.000,17.400,7.000
India,Uttar Pradesh,Jhansi,"Calendar Year (Jan - Dec), 2019",40.200,41.300,62.000,53.600,1090.000,93.400,12.800,47.300,6.100,1.900,7.300,44.500,53.900,69.200,62.600,55.000,30.300,94.000,73.600,1.500,98.500,26.400,8.600,70.300,,79.100,,3.300,10.400,40.900,39.300,25.200,12.700,93.800,49.700,76.100,,,,40.500,19.800,77.000,64.600,0.500,1.700,0.900,71.100,28.900,36.700,3.800,51.900,97.700,11.400,0.000,0.000,92.900,75.600,0.000,10.900,49.500,5.700,9.000,2.200,17.300,12.700,3.900,24.700,13.100,70.300,36.600,80.400,90.600,,41.500,4.200,24.700,73.200,96.800,95.200,35.700,4.900,3.400,95.900,927.000,946.000,10.700,13.800,4.200,0.300,10.100,3.500,82.100,25.100,69.200,12.600,55.100,18.700,43.300,2.800,5.300,1.700,15.700,11.700,2.400
India,Uttar Pradesh,Siddharth Nagar,"Calendar Year (Jan - Dec), 2019",50.900,51.200,65.000,52.500,1943.000,67.600,4.000,21.900,3.900,2.800,2.000,65.100,68.100,77.100,74.600,70.100,53.600,97.100,87.900,0.000,97.400,33.800,9.600,75.800,15.100,82.700,6.200,2.800,14.500,37.200,36.300,24.800,24.900,85.200,70.400,57.200,68.200,43.200,66.900,51.000,22.900,93.200,29.200,0.400,2.300,0.200,57.700,6.100,36.100,7.400,50.600,99.000,12.200,1.900,4.700,69.700,62.900,0.200,11.200,54.900,5.500,11.700,5.400,23.500,14.000,7.400,31.700,17.900,62.800,60.900,61.800,93.800,,51.400,15.900,41.000,42.800,99.900,90.700,46.200,4.100,4.300,98.300,852.000,1177.000,3.500,14.400,6.200,0.200,14.600,3.700,63.000,33.900,48.300,12.900,73.600,25.800,17.000,4.000,9.500,4.800,19.100,11.800,5.300
India,Uttar Pradesh,Gautam Buddha Nagar,"Calendar Year (Jan - Dec), 2019",57.800,59.400,76.300,55.900,3626.000,90.100,19.800,31.100,9.000,2.900,7.400,68.200,90.400,86.400,86.400,69.700,74.000,94.600,87.600,6.500,83.000,26.600,21.800,62.900,,72.300,0.000,0.600,3.500,25.500,21.900,12.000,33.400,84.100,,84.000,,,,83.400,25.000,67.000,68.600,0.000,0.200,0.200,78.000,24.200,23.700,3.500,75.000,97.200,23.800,3.200,0.700,86.600,32.400,0.200,17.300,29.700,6.800,17.200,9.400,20.900,14.000,5.300,34.100,19.500,75.300,52.700,85.400,96.100,,59.300,2.300,28.500,74.000,99.900,99.400,61.900,4.700,5.200,97.600,735.000,897.000,6.900,5.300,2.400,0.200,3.000,2.100,89.600,13.500,79.900,34.700,53.300,15.000,51.900,6.900,14.800,7.000,16.400,9.800,4.000
India,Jharkhand,Koderma,"Calendar Year (Jan - Dec), 2019",61.200,64.900,63.600,56.600,1948.000,94.500,22.000,64.000,7.300,3.100,11.700,73.800,87.400,87.400,87.400,76.100,82.700,95.000,85.000,1.000,99.000,29.000,12.800,60.000,,76.600,0.000,2.500,5.000,34.600,31.700,18.000,19.200,72.300,68.800,78.000,72.100,61.100,23.900,65.700,1.700,40.400,46.800,0.200,0.300,0.200,64.400,50.100,26.400,4.300,35.800,99.200,56.800,0.500,0.400,91.300,64.200,0.500,29.200,37.300,10.700,22.400,11.000,20.600,13.000,5.500,13.100,4.800,77.800,47.600,75.800,92.000,,65.100,0.800,35.800,54.000,83.900,97.100,59.700,8.200,2.400,89.700,872.000,1141.000,10.800,12.000,5.500,0.500,1.400,10.600,80.100,42.500,63.600,12.400,50.300,29.900,31.800,6.300,11.200,4.400,13.800,8.500,3.700
India,Sikkim,South District,"Calendar Year (Jan - Dec), 2019",54.600,39.800,85.000,67.600,11031.000,99.400,27.800,0.000,23.000,0.000,19.400,86.400,0.000,89.500,83.800,89.500,0.000,89.500,86.400,0.000,0.000,33.100,39.100,56.500,0.000,87.300,0.000,16.600,4.000,24.800,7.200,8.000,28.200,96.800,0.000,81.100,0.000,0.000,0.000,0.000,9.500,67.200,87.200,0.000,1.600,0.000,80.200,19.000,24.300,2.000,66.500,99.400,20.800,6.600,9.000,97.400,86.400,3.000,38.100,47.400,9.100,17.600,6.000,49.600,29.700,16.100,71.300,46.200,78.100,84.500,83.100,92.300,0.000,39.900,20.100,19.900,91.700,93.300,99.600,0.000,4.500,0.000,99.400,1353.000,973.000,20.700,5.200,2.800,15.000,15.800,8.700,85.300,9.900,90.500,34.800,84.800,4.600,45.700,6.600,12.500,4.000,41.000,19.600,15.800
India,Assam,Sonitpur,"Calendar Year (Jan - Dec), 2019",55.500,63.600,74.400,58.900,5123.000,82.800,21.100,73.400,18.500,0.300,4.400,70.900,76.800,76.800,75.000,76.500,62.400,90.400,80.400,0.000,100.000,21.500,3.600,69.400,0.000,58.700,4.800,3.200,4.500,36.700,21.900,13.100,49.800,96.000,65.600,67.400,0.000,0.000,0.000,42.600,5.300,72.000,77.900,0.400,0.400,0.200,74.900,9.100,20.500,1.300,45.800,99.400,66.900,1.700,0.600,83.500,73.100,0.100,28.900,59.100,5.900,11.100,4.600,24.500,14.400,7.700,56.400,16.900,48.800,45.500,63.500,99.200,0.000,64.300,41.900,26.600,72.200,82.900,88.200,47.300,4.300,2.400,98.500,1325.000,1027.000,4.300,5.800,2.000,4.400,23.300,6.500,63.400,24.000,76.900,13.100,68.800,21.400,24.300,5.100,9.500,3.900,24.800,14.500,8.000
India,Karnataka,Mysuru,"Calendar Year (Jan - Dec), 2019",41.700,48.000,79.500,77.300,4143.000,97.800,43.700,67.900,24.700,0.100,11.700,97.200,92.600,97.200,97.200,100.000,2.200,100.000,100.000,6.100,93.900,47.800,14.100,57.200,0.000,98.100,0.000,1.300,7.200,27.500,28.200,15.600,49.900,99.600,0.000,88.600,0.000,0.000,0.000,0.000,4.200,78.600,85.300,1.000,0.900,0.300,72.400,68.200,37.600,0.000,94.700,98.000,26.200,2.400,0.400,100.000,56.200,0.000,22.200,22.700,4.200,14.000,8.200,27.400,18.100,6.800,65.200,31.100,82.000,85.700,93.500,94.600,0.000,48.700,1.100,20.700,86.400,95.400,99.500,24.200,3.000,1.600,98.400,1123.000,1077.000,13.400,5.600,4.400,1.600,6.700,7.000,90.600,17.500,78.900,36.400,54.000,14.700,49.600,5.200,13.800,7.100,25.500,13.800,7.300
India,Uttar Pradesh,Sultanpur,"Calendar Year (Jan - Dec), 2019",45.400,50.200,47.600,24.300,2642.000,83.700,13.000,45.100,6.500,0.900,2.600,80.200,92.700,87.800,87.800,81.300,55.500,94.500,89.300,1.200,93.800,33.300,15.100,62.300,25.400,80.500,0.000,1.400,2.500,33.400,28.300,10.700,26.700,86.800,64.800,69.400,,,,72.300,7.100,75.200,53.000,1.800,4.300,1.700,68.900,13.600,19.000,4.400,33.700,97.000,20.700,0.700,0.800,87.000,68.000,0.000,10.100,47.500,7.800,16.700,7.800,24.300,16.400,6.700,27.800,12.400,59.600,47.000,70.500,93.400,,49.500,1.100,31.400,65.100,99.500,94.300,65.200,2.300,1.300,97.700,997.000,1151.000,4.400,23.900,9.200,0.100,14.200,1.100,74.800,7.900,71.900,22.900,53.800,20.800,46.600,5.600,13.500,6.900,20.600,13.000,5.800
India,West Bengal,Birbhum,"Calendar Year (Jan - Dec), 2019",78.600,77.700,82.200,73.900,1391.000,92.200,25.400,92.200,12.600,0.600,24.800,81.600,90.900,98.400,96.800,84.800,0.000,95.200,98.400,0.000,96.900,43.300,7.300,76.500,0.000,57.300,10.100,3.400,5.600,37.000,41.800,25.500,72.000,99.200,56.200,81.700,74.700,68.100,31.500,78.900,5.600,48.100,75.200,0.200,0.200,0.000,73.600,41.300,21.600,2.400,28.100,93.300,37.700,1.600,0.300,90.300,72.700,0.200,18.000,50.300,11.400,20.900,9.100,14.100,9.900,2.100,51.500,16.200,81.900,78.400,67.500,98.400,0.000,78.200,24.700,25.700,55.000,99.400,97.800,66.000,9.500,4.700,98.700,934.000,1033.000,24.600,4.800,2.700,1.700,8.100,25.000,79.300,49.900,70.800,13.400,63.900,20.500,25.800,8.700,16.400,7.200,17.500,10.700,4.000
India,Odisha,Sundargarh,"Calendar Year (Jan - Dec), 2019",79.800,69.800,79.700,47.900,4756.000,88.200,20.800,,16.300,0.500,15.400,82.000,81.500,86.100,86.100,82.000,86.100,91.700,88.800,3.300,96.700,26.200,6.000,77.100,,90.100,,1.200,7.400,32.900,34.700,21.100,63.200,92.200,,82.000,,,,68.000,5.500,77.400,69.700,0.000,0.200,0.200,72.000,24.900,25.100,2.200,40.200,99.400,39.300,4.600,0.500,91.300,80.300,0.500,45.900,52.200,5.700,13.600,7.300,25.300,17.200,6.500,60.300,27.400,81.300,73.100,79.700,93.100,,69.800,11.000,21.900,65.500,91.500,97.100,68.400,5.400,3.900,99.100,809.000,1030.000,14.700,2.400,0.600,11.500,21.900,5.400,87.700,12.900,70.800,19.600,61.700,21.100,35.600,5.800,12.400,5.700,21.100,12.600,5.400
India,Odisha,Nayagarh,"Calendar Year (Jan - Dec), 2019",61.200,62.500,78.200,43.700,3481.000,98.400,28.100,82.100,12.200,0.000,21.800,96.100,96.100,96.100,96.100,96.100,91.900,98.200,98.200,0.000,100.000,50.300,9.600,55.200,,92.000,,2.900,1.500,20.000,20.200,10.500,76.800,92.500,,96.100,48.400,52.800,27.600,76.600,5.500,81.800,71.800,0.200,1.000,0.000,76.100,31.700,32.200,0.400,42.300,98.100,49.300,1.700,0.000,98.300,75.200,0.100,20.900,54.300,10.100,24.000,12.500,18.800,10.600,5.000,66.400,49.300,86.000,90.300,96.200,96.100,,62.600,4.200,23.100,67.100,82.900,98.300,61.600,10.600,1.900,100.000,845.000,1083.000,20.300,4.600,1.500,0.300,16.900,10.000,89.600,35.700,80.400,30.300,68.500,13.100,27.100,9.900,20.700,9.700,22.000,10.400,5.900
India,Uttarakhand,Rudra Prayag,"Calendar Year (Jan - Dec), 2019",43.100,40.600,72.100,61.300,4156.000,85.800,16.700,,16.700,1.700,13.200,91.400,94.000,95.700,95.700,91.400,43.600,97.100,95.500,0.000,98.600,32.700,19.200,52.400,,71.900,0.000,4.200,2.400,25.200,10.900,8.000,54.400,97.700,59.000,82.200,,,,,10.800,74.700,86.100,0.000,0.000,0.200,73.000,47.600,26.700,3.800,35.100,91.700,76.600,1.200,0.000,86.600,81.000,0.900,38.900,41.000,6.700,16.300,8.700,31.700,20.600,9.200,51.900,28.700,74.200,76.500,83.600,94.000,,40.700,0.400,25.000,86.800,93.900,99.500,35.400,3.200,0.900,99.700,958.000,1242.000,10.800,12.200,4.500,0.200,2.000,1.800,96.800,8.600,86.100,25.300,43.600,8.800,56.400,5.700,10.400,4.200,18.700,12.700,4.400
India,Chhattisgarh,Korea,"Calendar Year (Jan - Dec), 2019",48.300,64.400,56.400,49.400,1348.000,88.200,10.900,50.500,8.200,1.800,8.600,87.100,87.000,92.500,92.500,90.400,74.500,90.200,92.500,2.900,97.100,21.200,2.000,56.300,,81.700,6.000,0.300,4.700,32.100,31.800,18.100,31.500,96.700,83.500,71.500,,,,,4.600,84.400,87.000,0.500,0.500,0.900,69.700,34.100,34.200,7.700,30.200,99.200,62.800,3.800,0.300,80.800,70.700,0.200,39.500,44.400,7.100,14.600,7.000,30.900,20.400,9.100,59.600,38.700,69.700,70.000,78.200,94.000,,65.000,0.500,26.900,73.300,87.600,97.600,54.100,1.200,0.400,97.900,864.000,987.000,8.000,12.600,3.800,4.700,17.500,5.000,65.700,22.900,74.800,17.300,51.900,25.100,37.000,7.500,13.400,5.200,25.700,14.500,8.500
India,Telangana,Sangareddy,"Calendar Year (Jan - Dec), 2019",59.500,48.300,62.300,61.700,4718.000,95.100,43.200,71.600,34.600,1.200,2.700,78.500,76.300,90.200,80.500,81.400,15.800,95.000,89.700,2.000,98.100,26.500,19.400,67.000,0.000,73.400,0.000,3.000,5.900,32.900,35.100,25.000,32.200,79.700,0.000,89.000,75.000,53.100,50.700,77.800,1.100,47.500,71.500,0.700,1.200,2.400,60.200,56.800,10.200,4.400,81.100,97.500,58.100,0.600,0.100,93.000,63.200,0.300,39.700,27.300,6.300,16.300,8.700,32.600,19.300,10.300,44.000,21.600,82.800,66.400,84.700,89.500,0.000,47.900,2.000,24.500,68.000,99.400,99.600,63.900,12.300,0.800,98.300,1039.000,1053.000,6.400,8.500,4.200,11.200,5.400,4.400,92.200,30.600,63.600,29.400,38.400,20.000,41.500,4.400,11.300,5.300,25.700,14.900,6.300
India,Telangana,Karimnagar,"Calendar Year (Jan - Dec), 2019",73.200,61.100,56.800,56.400,4573.000,86.900,82.400,92.800,66.800,1.100,5.200,73.400,74.500,88.500,88.500,82.100,2.600,95.800,94.000,10.700,89.300,26.700,16.400,70.800,0.000,79.800,0.000,5.900,4.800,30.300,27.500,13.900,30.300,88.700,0.000,95.900,75.900,59.200,36.800,70.300,0.600,24.300,66.400,0.100,4.900,1.600,63.600,44.400,14.500,1.600,94.900,99.100,58.600,0.100,0.000,98.400,34.200,10.900,49.800,19.300,6.600,20.000,10.900,34.700,19.500,8.600,48.800,38.600,92.300,69.600,89.500,85.200,0.000,61.100,0.100,20.100,78.800,98.300,99.700,61.000,13.500,2.100,88.200,933.000,1065.000,10.300,10.000,2.900,5.600,5.700,7.600,94.100,11.900,70.300,28.800,30.400,20.600,50.800,6.200,16.800,8.500,25.000,11.800,5.800
India,Chhattisgarh,Bastar,"Calendar Year (Jan - Dec), 2019",80.300,77.200,54.200,47.700,3279.000,72.600,6.600,46.900,5.500,1.800,10.600,57.300,61.100,85.000,76.000,61.800,24.200,93.900,81.400,2.100,97.900,32.000,16.100,80.700,,87.400,8.100,5.200,9.100,48.100,45.200,20.400,42.000,89.300,70.600,64.600,63.900,73.900,35.700,52.800,4.900,86.700,55.900,0.200,0.900,1.000,58.000,31.400,36.900,13.800,31.600,97.100,69.300,2.200,0.200,63.500,56.100,0.900,41.400,55.800,4.700,11.400,4.800,24.100,16.800,5.700,31.100,18.200,57.300,55.100,69.200,94.800,,77.100,6.100,26.500,61.000,94.100,96.800,79.000,18.500,5.300,92.400,1042.000,1068.000,10.600,12.100,5.300,18.500,36.400,6.000,53.100,17.300,52.900,8.700,59.900,34.900,25.300,4.600,9.000,3.000,23.700,13.100,7.200
India,Chhattisgarh,Mungeli,"Calendar Year (Jan - Dec), 2019",53.700,54.500,64.000,60.300,685.000,83.200,10.800,73.400,1.400,1.900,3.100,79.700,85.700,89.000,90.700,83.900,59.000,98.700,89.200,3.400,96.600,26.900,0.000,62.000,,87.700,8.800,2.100,5.000,30.100,30.600,17.700,37.600,97.000,94.000,66.600,,,,,1.900,89.700,83.300,0.400,0.200,0.600,63.600,51.300,25.500,14.500,22.900,97.200,68.000,0.800,0.000,69.800,56.200,1.200,26.100,37.600,5.400,11.900,6.000,29.200,20.300,8.100,60.300,38.800,73.300,67.300,74.400,94.700,,54.600,1.000,29.300,80.700,98.000,99.700,50.300,1.200,0.000,94.000,1017.000,1022.000,3.000,11.400,4.000,1.200,13.700,3.100,68.200,20.500,66.500,17.500,52.300,20.900,32.200,4.800,11.400,6.000,26.200,17.500,7.500
India,Bihar,Nawada,"Calendar Year (Jan - Dec), 2019",73.700,70.400,69.800,45.100,2858.000,79.500,12.400,41.700,1.000,3.800,4.200,74.500,85.200,87.900,86.400,79.000,0.800,94.600,87.500,0.700,96.700,37.500,15.300,73.300,0.000,37.300,1.500,1.100,9.100,49.400,37.300,18.200,36.900,65.900,60.500,80.500,0.000,0.000,0.000,84.400,7.300,45.700,38.600,0.000,0.300,0.000,61.400,30.800,13.500,4.200,40.700,98.200,8.100,0.900,1.300,79.900,51.500,0.400,27.900,47.900,5.800,11.700,5.100,18.500,11.900,5.300,17.500,9.500,69.500,31.600,74.100,94.800,8.000,70.100,2.100,33.400,47.900,99.300,97.400,74.300,3.400,2.800,88.100,865.000,1099.000,5.100,6.500,3.300,0.900,2.900,9.400,65.700,43.300,62.100,15.700,61.100,28.400,37.300,4.900,9.400,3.900,14.500,8.800,3.800
India,Jharkhand,Lohardaga,"Calendar Year (Jan - Dec), 2019",59.400,61.700,56.600,41.100,1707.000,92.100,10.900,54.300,6.400,1.500,7.200,88.200,88.200,93.400,93.400,92.900,84.700,100.000,95.200,0.000,100.000,41.400,5.800,68.700,,71.700,9.100,1.800,10.000,40.700,43.400,26.600,37.900,74.000,71.800,82.100,,,,,3.600,67.200,42.300,0.000,0.400,0.000,65.600,27.300,31.200,8.300,34.000,99.400,58.900,4.700,0.500,84.100,72.600,0.700,37.600,51.700,5.500,9.700,3.700,20.200,14.400,5.100,40.600,13.000,79.000,37.700,79.200,95.100,,62.100,2.600,32.400,67.700,78.400,99.200,50.100,5.000,0.600,93.000,1011.000,1052.000,7.000,13.900,5.000,7.900,12.800,5.500,91.700,21.900,65.200,7.000,62.600,24.100,35.000,6.000,10.000,3.300,17.500,11.800,4.700
India,Chhattisgarh,Gariyaband,"Calendar Year (Jan - Dec), 2019",63.200,64.600,76.200,68.300,1570.000,84.900,10.900,,8.400,1.200,8.300,83.400,81.100,88.900,86.900,85.400,25.800,100.000,94.200,0.000,100.000,45.000,7.000,73.900,,81.600,7.800,13.500,10.600,28.900,22.100,21.900,31.200,96.300,93.800,82.300,,,,40.100,5.600,88.100,75.600,0.000,0.200,0.000,67.400,48.500,27.700,4.700,17.100,99.200,79.800,2.500,0.400,87.600,80.600,0.400,35.100,45.300,5.000,8.600,3.100,25.600,17.600,6.600,39.900,26.100,58.000,57.800,86.300,90.700,,65.000,3.500,26.500,81.000,96.800,98.700,55.300,1.600,4.800,98.300,1011.000,1048.000,9.400,3.500,1.400,1.200,21.000,3.600,58.200,9.700,68.900,9.100,58.800,20.000,27.800,4.000,7.400,2.900,22.600,15.500,5.600
India,Karnataka,Vijayapura,"Calendar Year (Jan - Dec), 2019",52.600,52.900,63.100,62.700,3198.000,90.000,20.900,46.600,9.900,2.600,10.000,71.100,73.200,84.700,84.700,81.400,14.100,95.500,81.800,6.000,92.800,31.500,24.900,65.200,0.000,83.400,0.000,2.700,4.300,45.900,39.000,15.000,57.300,95.500,63.500,74.800,80.300,54.800,43.500,68.700,2.500,62.100,86.200,0.200,0.700,0.400,66.100,55.500,23.800,3.800,60.600,92.300,21.200,1.300,0.500,91.800,59.600,0.000,15.300,34.600,5.400,14.300,7.300,21.000,13.200,5.100,36.600,15.400,60.300,56.400,74.400,93.500,0.000,52.200,2.100,28.000,44.800,92.500,97.600,71.500,8.200,1.600,91.100,885.000,995.000,14.600,7.000,4.000,0.800,10.800,11.800,71.900,39.200,66.600,27.400,32.000,18.100,37.100,4.900,11.600,5.700,20.200,11.200,5.100
India,West Bengal,Jhargram,"Calendar Year (Jan - Dec), 2019",84.500,81.500,60.700,55.600,3388.000,95.100,23.100,63.600,18.300,0.400,20.900,76.900,86.800,93.700,89.000,80.100,0.000,100.000,89.300,0.000,93.300,40.600,41.500,66.000,0.000,76.700,0.000,1.700,9.600,31.100,40.000,30.300,67.900,99.300,0.000,80.900,0.000,0.000,0.000,72.100,3.100,49.300,78.800,0.000,0.000,0.000,72.100,32.100,23.500,5.100,17.500,93.800,25.800,1.400,0.500,87.600,72.000,0.400,20.800,50.500,9.900,21.700,10.500,19.000,10.700,4.300,64.300,31.900,52.600,63.100,79.700,96.200,0.000,82.000,18.000,23.400,58.300,95.500,95.400,62.900,6.300,1.400,99.100,1005.000,1089.000,21.800,11.500,5.700,1.500,18.800,25.000,67.300,55.700,70.900,19.100,64.500,18.900,26.200,9.300,17.900,7.800,19.300,9.100,5.000
India,Gujarat,Tapi,"Calendar Year (Jan - Dec), 2019",72.800,77.400,83.100,74.400,846.000,85.200,14.800,41.700,8.600,2.100,4.000,97.500,95.000,100.000,100.000,100.000,0.000,97.500,100.000,2.500,97.500,31.400,4.300,80.700,0.000,88.300,0.000,1.900,17.100,41.700,51.800,36.600,46.800,95.500,0.000,89.900,0.000,0.000,0.000,87.300,5.500,71.500,95.500,0.200,0.100,0.000,66.100,60.800,41.300,1.200,45.500,97.900,42.300,2.400,0.200,92.900,72.600,4.400,14.500,35.600,9.100,18.200,8.200,28.000,19.800,6.600,73.600,51.600,83.200,91.000,90.000,94.200,0.000,77.600,0.900,21.000,70.200,99.000,97.600,72.000,8.100,1.600,99.500,1185.000,1076.000,6.700,3.200,1.100,2.300,10.800,9.900,63.700,25.300,72.000,12.600,57.700,35.400,32.500,7.100,15.800,7.900,25.200,16.700,7.600
India,Uttar Pradesh,Kanpur Dehat,"Calendar Year (Jan - Dec), 2019",55.600,54.900,60.100,41.600,1993.000,83.800,8.300,45.300,2.100,4.100,6.000,56.300,68.000,69.000,67.800,63.900,24.200,85.500,73.500,2.300,94.700,20.000,16.600,69.200,,67.900,2.100,6.800,6.700,44.100,32.800,12.500,26.300,77.500,53.100,62.600,,,,47.600,22.600,59.200,37.800,0.000,0.600,0.600,73.900,10.700,19.100,4.400,39.300,81.700,17.900,1.200,0.800,84.300,69.200,0.000,16.500,50.500,5.100,9.900,4.100,16.500,11.400,4.200,24.000,13.700,66.800,54.400,67.900,87.900,,54.600,2.300,27.900,70.600,99.400,79.800,60.200,4.400,1.500,94.200,1027.000,974.000,5.400,15.000,3.900,0.400,10.200,1.900,76.200,12.700,70.800,19.600,62.100,17.100,45.400,4.200,7.600,2.900,12.600,7.200,3.700
India,Rajasthan,Dausa,"Calendar Year (Jan - Dec), 2019",61.600,60.300,80.000,68.700,1902.000,96.100,8.800,18.400,5.900,4.200,6.700,92.100,87.400,96.200,97.500,95.000,82.800,98.500,96.100,0.000,100.000,27.000,15.900,74.400,,60.200,,2.200,9.700,37.700,33.500,20.700,36.700,89.600,72.800,93.100,70.300,45.000,32.000,71.000,10.200,58.500,67.600,0.300,1.200,0.000,59.400,54.600,14.700,0.000,22.600,92.800,91.200,1.200,0.200,98.200,74.300,0.300,7.200,47.500,5.500,8.500,2.600,16.100,11.000,4.000,16.300,4.900,81.000,53.600,89.700,92.100,,60.300,1.800,29.200,59.400,99.400,99.000,60.000,7.300,4.400,98.300,863.000,986.000,5.800,5.200,3.100,0.200,15.800,3.000,86.900,26.300,60.300,9.100,45.600,22.700,34.600,4.400,7.400,2.600,12.200,7.800,3.000
India,Uttarakhand,Pauri Garhwal,"Calendar Year (Jan - Dec), 2019",44.300,40.300,78.000,64.000,2382.000,76.900,9.400,33.600,6.400,2.600,9.000,76.000,80.400,81.800,84.200,81.700,13.900,90.600,90.200,3.900,96.100,26.400,39.200,57.200,,48.300,0.000,4.700,5.000,30.000,18.800,12.000,36.000,86.000,75.200,70.700,,,,,22.100,27.600,71.900,0.000,0.100,0.000,75.500,33.900,9.400,2.400,48.100,92.300,62.700,1.500,0.600,76.000,59.400,0.600,33.600,42.900,5.400,12.100,5.700,34.300,20.700,12.000,40.200,14.900,49.000,39.600,64.000,90.500,,40.800,3.500,23.000,83.300,83.500,99.400,,6.100,1.600,96.800,1065.000,1166.000,12.100,9.900,3.200,0.700,6.400,1.300,86.500,8.600,84.000,21.000,71.200,16.100,56.200,4.400,10.600,4.900,22.100,14.500,5.200
India,Tamil Nadu,Chengalpattu,"Calendar Year (Jan - Dec), 2019",62.700,57.000,69.300,67.300,3531.000,100.000,40.200,60.200,31.000,0.000,20.100,69.100,81.500,92.300,86.100,74.800,54.300,97.100,88.400,16.900,83.100,36.400,44.200,68.800,,67.900,,3.000,6.900,20.600,19.800,15.700,54.200,97.500,,93.000,,,,,2.300,62.100,93.800,6.800,6.800,1.700,85.000,59.600,15.700,0.000,88.100,88.800,59.700,4.700,0.200,100.000,68.500,0.200,28.900,17.500,6.000,24.300,15.100,32.000,18.900,8.600,73.500,47.900,62.600,76.100,87.300,76.800,,57.000,0.200,19.200,75.900,99.400,99.400,,3.100,2.300,97.600,889.000,1002.000,21.700,7.200,4.200,0.800,4.500,2.500,97.800,10.000,82.600,46.400,48.900,12.600,56.800,6.700,22.900,13.200,24.300,12.200,6.500
India,Odisha,Gajapati,"Calendar Year (Jan - Dec), 2019",64.300,66.100,76.200,53.900,3487.000,80.400,13.900,,16.500,2.000,18.100,92.600,97.700,94.400,94.400,92.600,92.700,96.500,94.400,0.000,100.000,54.300,7.800,64.400,,80.000,5.300,6.100,4.300,43.400,34.300,16.100,79.900,89.900,82.300,74.200,,,,,0.800,80.200,72.500,0.300,0.300,0.000,55.500,40.700,26.200,6.000,28.900,88.300,39.600,2.000,1.100,76.400,71.200,0.500,28.800,36.200,6.200,12.000,4.500,24.900,16.400,7.000,64.900,36.500,79.300,83.000,78.200,99.200,,65.600,6.600,28.200,58.300,78.100,94.100,77.400,6.400,0.300,99.500,999.000,1087.000,18.800,5.400,2.200,5.400,16.500,5.800,75.800,28.100,47.600,17.500,68.600,23.500,22.500,5.600,10.900,4.800,19.700,12.600,4.100
India,Madhya Pradesh,Hoshangabad,"Calendar Year (Jan - Dec), 2019",52.100,51.900,28.600,28.000,4623.000,82.000,22.500,53.900,20.100,2.700,9.500,73.500,90.300,87.900,84.900,79.000,79.700,94.900,87.900,2.900,97.100,42.300,23.500,78.800,,84.100,,2.800,8.200,34.800,27.200,19.500,36.000,93.600,73.900,71.800,74.200,51.200,33.400,56.200,4.900,52.100,71.700,0.400,1.200,0.400,74.000,20.000,16.800,0.800,47.300,96.300,28.600,0.400,0.100,91.800,79.500,0.200,15.700,50.400,5.400,12.400,4.700,29.900,18.900,8.500,44.900,31.300,42.400,31.500,67.600,89.300,,52.400,1.600,24.700,68.500,93.500,97.200,35.300,9.200,7.300,94.500,950.000,951.000,11.200,17.700,7.100,1.200,21.400,5.200,55.600,16.700,67.600,20.600,31.900,21.900,35.500,2.400,7.100,3.300,24.000,14.000,7.000
India,Uttar Pradesh,Lucknow,"Calendar Year (Jan - Dec), 2019",52.800,55.800,56.500,40.200,3489.000,87.900,36.700,55.900,25.600,1.200,3.000,68.900,84.500,78.200,75.800,73.100,61.300,87.500,78.700,5.900,94.100,34.000,8.000,52.900,,70.200,,2.000,1.400,32.100,25.500,11.500,19.800,86.000,71.700,71.300,,,,,18.000,77.200,51.900,0.000,1.100,0.400,80.800,16.400,28.900,1.600,78.300,97.000,15.800,2.000,0.600,91.300,47.200,0.000,14.200,39.200,5.600,16.500,9.500,22.800,15.200,6.000,22.800,15.900,74.800,53.100,78.700,96.000,,55.900,1.800,23.500,80.400,99.800,96.800,,4.900,1.400,96.200,981.000,950.000,2.300,15.700,5.100,0.200,7.700,2.100,84.800,9.900,78.400,34.800,50.400,15.700,51.900,6.100,14.700,7.800,21.200,12.400,6.400
India,Madhya Pradesh,Raisen,"Calendar Year (Jan - Dec), 2019",69.400,56.900,76.300,72.600,2787.000,91.100,12.300,,11.400,3.100,,,,,,,,,,,,,26.300,61.100,,61.500,,0.000,4.800,30.400,25.400,21.100,34.300,95.400,,89.000,,,,,16.300,83.900,77.000,0.000,1.000,0.900,73.300,53.700,25.200,1.200,38.900,98.500,41.000,0.000,0.000,96.000,93.200,0.700,12.700,52.100,6.700,11.300,3.800,21.200,15.000,4.100,54.500,36.700,82.500,56.600,88.800,94.700,,56.900,1.700,26.100,69.600,92.400,99.300,,7.100,1.300,98.700,754.000,900.000,19.000,5.300,2.800,0.200,9.700,1.700,59.300,12.600,75.200,23.500,41.400,20.500,34.600,6.200,7.900,1.300,19.000,12.000,4.100
India,Maharashtra,Jalgaon,"Calendar Year (Jan - Dec), 2019",69.400,65.200,44.000,43.600,3366.000,81.900,27.500,40.100,22.200,2.200,18.300,61.300,79.900,76.800,59.400,75.800,19.300,96.200,74.600,7.700,92.300,32.700,30.000,85.200,0.000,57.200,0.000,1.500,8.000,36.300,36.900,30.500,46.200,93.700,59.800,78.500,0.000,0.000,0.000,61.800,5.600,47.000,94.000,0.300,0.400,0.200,77.500,35.400,9.400,3.800,79.500,96.800,11.900,1.800,0.100,86.500,40.200,0.000,12.300,37.700,7.100,15.200,7.100,24.400,15.600,6.200,28.900,20.400,60.300,58.400,74.500,82.200,0.000,65.300,0.600,25.100,59.700,94.300,96.800,63.800,6.700,4.100,91.000,857.000,983.000,15.600,14.900,4.900,0.500,12.600,10.700,70.100,28.000,76.500,26.200,39.300,22.200,40.800,5.700,12.800,5.900,20.700,10.900,5.400
India,Assam,Kokrajhar,"Calendar Year (Jan - Dec), 2019",63.700,59.500,72.300,58.000,3780.000,82.000,12.000,0.000,12.200,0.900,10.900,51.100,52.600,76.200,70.400,59.900,37.800,95.300,79.500,0.000,96.400,21.800,3.400,74.700,0.000,52.600,1.900,4.300,8.900,34.600,35.200,20.500,56.400,97.100,0.000,65.500,0.000,0.000,0.000,36.600,3.200,51.300,69.500,0.600,0.200,0.200,75.200,6.000,18.700,0.900,43.300,99.600,50.200,4.100,0.500,81.900,76.800,0.100,31.300,55.500,8.100,13.200,4.100,19.400,13.100,4.800,61.100,26.400,67.000,36.900,68.300,95.800,0.000,59.500,44.000,29.500,72.200,87.300,93.900,59.500,3.400,3.800,98.400,1003.000,1025.000,10.000,10.000,3.700,12.300,25.700,11.300,72.300,36.200,73.700,13.700,77.300,10.600,27.500,5.900,10.100,2.900,17.800,11.300,5.300
India,Gujarat,Chhotaudepur,"Calendar Year (Jan - Dec), 2019",80.300,78.900,77.500,67.300,924.000,88.300,7.500,22.200,5.500,2.800,1.200,81.700,80.100,86.600,85.400,85.700,0.000,98.700,89.300,0.000,100.000,32.600,0.000,87.700,0.000,96.000,14.100,4.800,13.800,48.600,48.100,28.400,24.400,98.300,58.700,87.400,75.300,67.800,41.900,68.100,5.500,91.200,87.400,0.200,0.400,0.400,52.300,57.400,64.200,3.900,25.700,94.300,40.000,1.700,0.300,85.700,68.800,0.000,11.200,47.700,7.300,13.800,5.900,17.500,12.700,3.800,59.400,45.500,81.900,81.200,91.100,94.500,0.000,79.100,1.100,25.400,53.000,97.400,95.300,72.100,11.300,2.700,99.600,937.000,1016.000,2.400,5.100,3.400,1.300,8.900,4.300,44.000,27.500,53.200,7.600,49.200,30.900,20.300,6.300,10.400,3.400,19.400,12.100,5.700
India,Gujarat,Panch Mahals,"Calendar Year (Jan - Dec), 2019",71.700,69.800,71.400,52.600,2680.000,84.200,9.900,14.400,3.000,2.900,3.600,95.400,95.400,96.900,96.900,96.600,0.000,99.100,96.900,0.000,99.100,36.600,4.900,91.000,0.000,86.600,0.000,3.400,19.700,47.100,51.900,35.700,40.200,97.600,58.900,89.200,65.800,67.900,43.900,76.100,6.000,68.100,96.200,0.000,0.000,0.200,70.100,40.700,29.200,1.700,43.600,95.400,34.000,2.100,0.300,88.400,24.700,0.000,7.700,42.200,8.600,15.200,5.900,27.600,20.200,6.500,64.200,42.200,74.000,88.700,88.000,92.200,0.000,69.500,2.800,26.300,58.900,91.000,95.500,74.000,13.700,0.900,96.600,879.000,969.000,3.000,7.000,2.400,0.400,7.800,10.500,61.800,34.100,71.700,16.100,50.500,33.100,28.400,8.200,13.800,5.100,22.500,14.900,6.400
India,Goa,South Goa,"Calendar Year (Jan - Dec), 2019",42.500,37.600,75.000,67.800,3768.000,100.000,39.400,54.900,25.200,1.400,8.900,0.000,0.000,0.000,0.000,0.000,0.000,0.000,0.000,0.000,0.000,0.000,20.500,50.000,0.000,88.000,0.000,2.800,8.000,28.300,21.000,21.400,62.600,100.000,0.000,98.000,0.000,0.000,0.000,0.000,23.500,89.400,100.000,0.400,0.800,0.100,88.200,40.000,19.700,0.000,96.200,96.900,67.700,2.500,0.000,100.000,52.000,0.000,41.100,16.900,11.100,23.200,9.800,25.000,13.500,3.700,92.200,59.100,62.700,96.000,99.500,97.800,0.000,37.300,1.000,18.900,88.200,99.000,100.000,0.000,2.500,0.000,99.500,819.000,1040.000,13.400,7.200,3.300,7.000,2.500,2.800,96.200,3.900,93.800,34.600,49.500,13.500,70.900,9.400,21.100,7.900,27.700,13.600,3.000
India,Gujarat,Bharuch,"Calendar Year (Jan - Dec), 2019",69.800,71.800,36.200,35.700,1724.000,92.100,19.500,36.100,9.100,2.500,8.800,80.000,92.100,83.600,79.500,83.800,10.700,91.500,87.300,10.700,89.300,23.800,3.700,81.000,0.000,79.600,0.000,4.700,8.000,40.900,45.500,24.500,30.700,98.300,0.000,81.700,69.900,57.100,13.900,0.000,4.800,72.200,86.100,0.000,0.500,0.200,76.700,29.600,16.200,1.700,60.200,98.900,37.400,0.700,0.000,91.100,49.600,0.000,7.500,35.100,10.200,20.500,9.500,24.900,16.400,4.700,38.400,21.000,63.400,65.700,78.800,84.500,0.000,71.600,0.700,23.700,77.700,97.200,98.200,77.200,11.200,0.400,96.300,1112.000,960.000,7.700,20.300,10.100,1.100,11.200,5.000,63.600,16.800,74.000,25.500,42.400,30.300,31.500,7.600,18.000,9.500,23.700,14.400,4.000
India,Puducherry,Mahe,"Calendar Year (Jan - Dec), 2019",43.500,38.400,73.600,65.900,8288.000,100.000,27.500,39.400,13.400,1.800,39.200,95.300,95.300,95.300,100.000,100.000,17.900,100.000,100.000,8.500,91.500,38.300,14.400,36.900,,84.400,,2.600,1.200,48.200,32.600,7.300,77.800,99.400,,93.600,,,,,9.000,74.100,96.800,2.100,4.300,1.600,99.200,54.400,12.400,0.000,90.900,99.800,23.600,1.600,0.000,100.000,45.600,0.000,23.200,12.600,14.600,28.600,10.500,37.700,24.800,9.400,77.900,67.600,93.700,85.000,96.800,96.400,,38.800,0.100,16.800,99.800,98.000,99.700,25.600,0.000,0.000,94.400,1202.000,1164.000,38.500,6.800,4.900,0.600,1.000,0.700,98.500,2.800,99.600,28.800,65.600,6.200,88.200,14.600,27.100,9.200,33.300,20.200,9.300
India,Bihar,Supaul,"Calendar Year (Jan - Dec), 2019",63.200,60.700,63.700,56.200,1760.000,79.400,3.700,26.400,2.600,5.600,14.100,73.600,80.500,88.000,81.700,76.800,0.000,99.200,85.500,0.000,99.300,31.300,6.800,63.600,35.100,50.500,4.300,1.400,8.200,42.300,45.000,25.800,37.000,67.900,64.100,64.200,61.400,59.500,25.900,62.900,1.500,44.500,28.700,0.000,0.400,0.200,50.900,50.500,26.100,4.200,15.000,94.300,14.200,0.600,1.700,80.400,73.600,0.000,7.900,53.000,6.800,15.600,7.800,14.100,8.800,3.100,13.200,8.000,59.000,30.900,60.700,89.800,0.000,61.000,0.800,39.800,50.700,99.700,97.300,56.100,39.300,5.000,96.100,884.000,1126.000,14.500,12.100,5.700,0.100,11.400,17.000,55.400,55.900,42.100,9.400,68.300,30.900,16.200,6.800,12.700,5.500,11.600,6.300,2.500
India,Himachal Pradesh,Sirmaur,"Calendar Year (Jan - Dec), 2019",54.100,50.100,86.900,74.500,2586.000,88.200,16.700,56.500,9.800,2.400,11.500,93.900,93.700,97.200,97.200,96.800,92.200,100.000,100.000,0.000,100.000,40.000,1.800,58.500,0.000,75.100,0.000,6.600,9.100,28.600,24.200,18.500,67.900,97.500,75.900,85.500,0.000,0.000,0.000,78.700,25.800,76.500,95.700,0.000,0.000,0.000,75.700,44.200,24.900,0.500,46.800,98.500,26.200,1.300,0.000,87.400,70.100,1.400,22.200,27.300,4.500,9.900,4.400,20.800,14.500,4.200,76.000,54.500,91.000,85.200,88.700,98.800,0.000,50.200,1.900,25.500,84.300,95.700,99.200,46.300,3.300,2.800,100.000,925.000,923.000,9.900,3.100,1.600,0.300,4.100,1.800,92.900,5.000,84.900,23.200,61.500,16.100,55.600,4.500,10.100,4.100,19.100,10.900,4.500
India,Madhya Pradesh,Sagar,"Calendar Year (Jan - Dec), 2019",49.700,49.800,68.500,60.900,2054.000,82.500,11.600,39.600,8.600,3.200,8.500,75.900,77.000,81.600,78.800,79.200,57.100,98.500,88.300,0.000,99.000,34.700,10.800,83.300,,67.700,5.100,2.300,4.700,42.700,35.800,15.200,24.000,93.600,67.800,79.800,63.300,60.000,27.000,53.000,8.100,61.700,64.100,3.300,4.200,3.500,76.400,47.500,23.000,2.400,32.700,92.200,27.500,0.700,0.100,86.900,73.600,0.500,15.700,51.600,5.000,10.600,4.900,26.400,17.700,6.800,34.400,13.000,62.600,35.900,71.500,95.100,,49.500,1.600,26.900,68.800,86.700,98.600,55.000,11.200,7.300,94.400,939.000,937.000,8.500,8.000,3.600,0.300,10.600,6.400,59.000,21.400,69.400,20.200,52.000,22.800,32.900,3.100,7.000,2.900,25.300,16.100,6.600
India,Maharashtra,Kolhapur,"Calendar Year (Jan - Dec), 2019",42.800,50.100,71.400,69.200,2958.000,93.600,38.100,55.800,18.100,0.400,13.800,67.200,78.000,78.800,71.800,74.500,2.400,88.600,76.400,7.500,92.500,24.200,20.900,66.400,0.000,66.000,0.000,4.300,5.900,33.600,34.700,18.900,45.200,96.600,0.000,91.500,0.000,0.000,0.000,79.800,6.600,52.400,98.200,8.500,9.400,8.300,80.200,60.200,27.900,0.000,84.700,97.700,16.500,0.400,0.000,99.200,45.600,0.000,10.000,25.800,7.900,16.500,7.100,33.200,19.100,7.100,58.800,39.400,71.500,81.800,95.200,88.300,0.000,50.100,1.700,20.700,82.000,97.300,98.800,48.900,3.900,3.200,95.300,937.000,1025.000,15.100,8.100,3.500,0.000,9.600,8.800,91.900,21.000,90.700,23.700,46.000,19.200,53.800,5.800,14.200,7.200,31.000,17.000,6.600
India,Uttar Pradesh,Shahjahanpur,"Calendar Year (Jan - Dec), 2019",58.700,60.300,70.300,46.400,1394.000,68.300,8.600,42.200,4.300,4.200,5.700,76.500,84.500,88.100,87.300,80.800,48.600,97.300,89.100,2.800,97.200,35.400,6.100,75.400,36.100,76.700,0.700,3.200,8.100,44.500,34.700,17.000,27.600,64.900,55.100,63.600,67.200,42.000,30.200,65.800,26.100,74.200,43.000,0.200,0.200,0.200,63.200,10.000,27.800,5.700,40.400,79.800,14.200,2.100,1.700,63.300,47.800,0.000,20.400,49.000,3.900,6.700,2.500,14.500,11.100,3.000,24.500,5.800,61.400,35.300,62.800,95.200,9.500,60.600,5.900,34.400,69.200,100.000,84.100,56.000,5.800,7.300,98.200,1064.000,977.000,6.700,6.400,2.600,0.200,6.600,4.600,59.600,20.900,56.800,17.200,54.000,17.800,27.700,4.500,9.100,4.300,16.100,11.200,4.100
India,Madhya Pradesh,Ashoknagar,"Calendar Year (Jan - Dec), 2019",45.000,46.100,76.600,68.200,1585.000,92.100,6.200,,1.300,3.400,3.400,69.100,82.000,86.900,84.900,72.500,78.600,96.500,80.300,0.000,100.000,39.400,6.200,59.700,,74.400,,0.500,4.500,32.600,31.100,19.700,51.800,91.600,65.300,76.400,,,,,7.600,46.200,78.700,0.000,1.500,0.200,62.400,57.800,24.800,2.400,20.300,96.000,34.200,0.500,0.200,91.300,83.600,0.400,12.200,46.800,7.300,14.100,6.600,19.800,13.400,5.400,42.500,26.600,81.800,57.900,77.800,91.700,,46.300,0.800,28.600,53.700,90.100,98.600,42.500,7.400,1.400,98.100,915.000,935.000,3.100,6.500,3.100,0.500,8.400,7.700,50.600,29.700,57.000,15.400,42.100,26.100,17.600,6.200,11.400,4.200,16.300,11.200,3.900
India,Assam,Tinsukia,"Calendar Year (Jan - Dec), 2019",71.500,72.800,59.200,36.500,5163.000,83.200,26.500,58.400,25.500,1.500,17.500,75.000,78.800,92.700,90.200,82.800,39.300,97.200,95.100,6.000,82.100,38.000,2.400,66.400,0.000,59.300,2.800,2.700,9.400,32.800,32.200,21.500,51.600,92.100,0.000,77.800,0.000,0.000,0.000,50.100,2.100,72.200,64.300,0.200,0.000,0.200,72.600,16.700,17.600,1.000,40.900,99.300,60.000,3.000,0.500,82.600,66.200,0.100,43.700,51.100,10.800,19.500,8.100,19.300,12.500,5.400,43.800,19.200,70.700,63.100,73.600,93.900,0.000,72.900,13.400,25.400,66.700,96.800,95.700,71.700,4.900,2.000,100.000,884.000,1023.000,16.300,11.000,4.400,15.700,23.100,6.100,74.600,19.800,70.500,16.900,66.500,17.600,25.600,8.900,13.900,4.700,17.100,9.600,4.700
India,Gujarat,Kheda,"Calendar Year (Jan - Dec), 2019",77.600,76.100,29.800,28.700,2371.000,88.400,18.900,31.100,8.700,1.000,1.600,69.000,84.900,88.200,81.800,74.300,4.600,90.100,86.900,1.400,96.500,41.100,13.700,85.100,0.000,78.100,0.000,2.500,12.100,37.300,39.500,30.900,25.800,98.000,47.400,83.200,69.200,40.900,32.600,60.000,5.300,49.300,90.900,0.000,0.000,0.000,74.000,21.400,13.800,2.000,48.000,89.800,32.200,1.000,0.000,95.200,47.500,0.000,6.100,45.800,9.000,18.200,7.800,24.500,16.700,4.300,42.400,27.000,64.000,61.200,85.100,83.200,0.000,76.200,0.800,23.700,63.300,97.700,96.900,72.900,14.100,1.500,98.100,868.000,934.000,1.200,16.500,7.900,0.500,13.500,10.400,65.300,49.200,70.900,17.800,45.000,32.200,24.200,8.500,16.000,6.900,24.000,14.000,6.300
India,Haryana,Nuh,"Calendar Year (Jan - Dec), 2019",66.400,60.600,37.800,28.200,1031.000,77.800,4.200,15.200,3.100,7.300,11.800,53.800,63.500,68.300,66.400,57.800,49.000,87.200,65.700,0.000,97.700,21.000,1.700,76.400,29.700,59.200,3.100,3.500,7.100,44.400,37.300,14.200,55.000,84.900,66.400,66.900,67.200,61.200,24.300,,6.100,62.200,66.800,0.500,1.300,0.800,51.200,11.200,29.800,5.300,22.000,93.400,11.500,2.300,2.600,74.600,59.200,0.100,5.500,36.500,5.100,7.900,2.700,19.200,14.600,3.700,18.300,5.700,70.900,45.900,65.900,84.800,16.800,61.100,3.300,40.600,71.700,97.100,98.600,55.200,4.100,0.700,96.000,891.000,914.000,13.000,19.600,11.300,0.300,4.700,7.600,58.100,28.700,41.900,14.900,82.600,19.200,13.900,2.900,6.000,2.700,15.500,10.600,2.900
India,Gujarat,Mahesana,"Calendar Year (Jan - Dec), 2019",77.700,69.300,46.300,41.800,5103.000,91.600,28.700,35.300,14.700,3.100,0.000,79.600,91.100,85.100,80.100,81.900,2.600,92.600,85.100,15.700,84.300,16.700,5.500,86.000,0.000,83.600,0.000,1.500,12.000,31.000,41.400,28.200,32.800,96.400,0.000,83.400,62.300,69.600,27.300,60.900,9.500,76.400,92.400,0.000,0.300,0.400,71.300,26.200,20.900,0.900,63.100,91.500,40.700,2.800,0.100,97.300,27.400,0.000,3.200,36.900,12.100,21.600,8.300,27.000,17.900,6.300,58.300,44.800,59.700,56.600,79.700,73.800,0.000,69.500,3.100,22.100,72.100,97.000,97.700,62.900,14.600,0.500,97.100,742.000,913.000,0.000,18.400,7.600,0.200,7.700,4.500,44.500,32.300,75.100,24.300,42.600,24.400,32.600,9.700,19.400,9.000,22.600,12.900,5.900
India,Mizoram,Lunglei,"Calendar Year (Jan - Dec), 2019",34.200,34.900,33.000,33.000,5717.000,80.200,5.400,9.200,6.000,0.800,7.400,73.800,84.100,85.000,85.000,82.200,0.000,79.300,85.000,0.000,100.000,14.000,2.000,45.700,0.000,61.300,0.000,10.100,3.300,26.500,11.100,9.500,63.800,100.000,0.000,39.400,0.000,0.000,0.000,0.000,2.300,62.800,86.600,0.400,2.200,0.200,89.800,18.800,13.000,3.900,79.900,99.000,46.500,1.700,0.000,82.700,69.400,0.000,19.200,75.000,9.900,17.100,6.000,20.000,12.700,5.200,64.700,9.700,68.800,56.700,67.100,79.900,0.000,35.100,10.200,24.600,95.600,96.000,98.000,27.500,4.000,0.800,99.200,876.000,1004.000,9.400,15.400,12.500,0.900,62.800,3.800,91.400,4.800,91.600,20.600,48.900,6.200,46.300,7.400,13.500,4.900,13.900,7.700,3.600
India,Jharkhand,Chatra,"Calendar Year (Jan - Dec), 2019",55.700,56.000,59.500,51.800,2066.000,73.500,14.100,57.800,5.200,2.600,6.100,71.700,82.400,80.700,80.700,73.600,75.100,91.500,78.700,1.000,99.000,26.900,4.400,62.600,47.800,70.700,0.000,1.300,3.900,42.200,39.800,17.200,24.800,65.100,78.100,59.100,,,,50.300,0.600,64.000,33.100,0.000,0.000,0.200,60.700,45.900,35.700,5.500,20.400,97.800,46.500,1.000,0.300,71.500,51.800,0.500,38.700,49.700,7.300,13.100,5.400,22.100,13.300,6.700,28.200,15.400,57.100,32.400,61.200,84.900,,55.900,0.800,36.800,48.100,83.300,92.100,56.500,4.500,1.400,93.100,764.000,1136.000,6.100,10.100,4.600,5.900,6.400,11.600,66.900,31.700,57.700,10.400,57.800,32.200,27.700,4.800,10.800,5.100,16.000,8.700,5.000
India,Odisha,Khordha,"Calendar Year (Jan - Dec), 2019",71.500,68.100,74.700,42.400,5081.000,97.400,37.300,75.400,23.800,0.000,13.200,87.900,87.600,92.900,92.900,92.400,87.100,97.400,96.600,8.200,91.800,48.000,11.600,56.100,,89.000,,3.300,2.400,17.100,16.900,13.200,73.300,97.000,,93.600,,,,73.800,8.400,73.800,84.400,0.000,0.000,0.200,84.400,24.500,28.900,0.800,63.300,99.700,43.200,2.000,0.300,97.800,70.600,0.400,20.500,44.700,8.500,25.000,14.600,25.100,14.600,5.000,71.700,53.600,85.100,91.000,95.400,98.400,,67.900,5.600,22.200,73.200,94.600,99.500,73.400,9.900,2.100,100.000,810.000,1024.000,13.800,7.400,1.700,0.500,20.100,5.300,93.500,17.100,84.900,39.300,69.000,10.000,43.200,9.100,22.100,11.900,20.200,10.100,3.800
India,Maharashtra,Nandurbar,"Calendar Year (Jan - Dec), 2019",69.200,64.200,62.600,61.200,1313.000,77.900,7.900,29.000,5.600,3.400,11.000,72.400,77.900,86.500,69.100,77.000,11.800,95.900,86.500,1.400,98.600,22.100,20.000,79.300,0.000,68.200,3.300,3.700,13.500,45.800,57.200,30.700,51.900,94.600,86.600,74.200,88.400,64.700,29.100,77.200,3.600,50.300,84.200,1.200,0.700,0.400,63.500,50.700,11.800,7.000,40.300,97.600,15.300,1.200,0.100,76.300,60.700,2.000,13.100,42.600,4.800,10.500,4.600,24.600,17.800,4.700,38.300,25.300,51.000,58.200,74.400,91.000,0.000,64.100,3.400,26.600,54.100,94.600,96.200,68.200,9.800,4.700,99.200,885.000,961.000,9.600,9.700,3.700,2.800,26.700,10.600,47.500,24.000,57.700,12.900,47.000,36.100,29.900,5.500,10.400,4.300,23.500,13.800,6.400
India,Maharashtra,Nanded,"Calendar Year (Jan - Dec), 2019",63.100,57.300,68.100,67.300,2964.000,92.600,14.000,28.800,8.900,1.700,4.700,75.700,84.900,79.900,76.900,82.300,2.500,93.800,81.200,7.000,93.000,35.100,24.200,76.100,0.000,70.500,0.000,3.500,8.700,36.000,35.200,19.000,52.700,97.800,0.000,79.300,79.100,60.400,19.900,81.600,5.300,49.900,75.600,0.200,1.600,0.000,68.100,58.500,15.300,0.900,64.500,96.900,15.700,1.500,0.000,94.800,66.700,0.000,14.100,36.700,5.500,12.100,5.800,17.300,10.200,4.200,21.700,8.800,62.500,53.500,76.100,89.800,0.000,57.500,1.600,24.800,68.000,94.800,96.400,52.900,14.400,1.000,96.700,888.000,970.000,3.800,9.200,4.300,0.200,5.700,8.700,76.800,32.200,71.900,19.200,37.000,22.900,31.600,4.900,9.100,3.600,16.700,8.900,4.600
India,Odisha,Koraput,"Calendar Year (Jan - Dec), 2019",60.400,58.200,65.400,56.000,1535.000,86.300,5.000,,5.300,0.600,17.700,98.000,98.000,100.000,100.000,98.000,100.000,100.000,100.000,0.000,98.000,44.200,6.800,69.700,,89.600,9.500,3.700,6.800,43.100,33.500,15.900,85.900,90.100,82.000,83.900,53.900,57.600,65.700,,3.300,84.800,60.200,0.000,0.000,0.200,50.600,34.800,44.900,5.900,31.500,96.400,54.600,3.600,0.000,82.100,79.200,4.000,37.300,58.000,7.000,12.700,5.300,24.500,17.400,6.400,72.300,45.500,87.100,79.200,83.500,97.600,,58.200,8.400,29.700,39.400,89.500,96.200,59.300,8.300,0.400,99.700,1014.000,1079.000,17.200,6.600,2.900,11.500,32.700,8.400,67.200,35.500,40.600,9.200,56.100,27.200,17.600,5.000,8.100,2.900,21.100,13.500,6.700
India,Assam,Goalpara,"Calendar Year (Jan - Dec), 2019",66.900,64.900,66.800,55.100,4407.000,94.200,16.200,0.000,13.400,0.300,8.000,70.300,72.700,90.600,87.300,71.900,52.000,98.400,90.600,0.000,100.000,16.300,2.200,60.700,0.000,55.900,0.000,5.400,14.300,38.900,35.400,24.300,45.700,98.800,0.000,80.000,51.100,84.200,27.800,50.900,3.600,68.100,73.300,0.200,0.200,0.000,78.500,6.000,19.300,2.700,36.300,99.100,71.100,3.200,1.400,92.300,87.200,0.100,16.200,52.000,7.700,13.200,3.800,17.900,11.500,3.500,52.200,20.400,65.300,44.100,73.500,96.600,0.000,65.500,40.100,30.000,75.300,90.700,89.600,49.200,7.800,2.100,98.600,1027.000,1007.000,7.500,7.400,2.200,5.000,15.600,13.300,64.500,41.800,74.100,15.300,68.300,12.200,23.400,6.000,10.200,3.000,16.800,11.100,3.300
India,Mizoram,Champhai,"Calendar Year (Jan - Dec), 2019",31.600,25.700,50.000,49.600,4336.000,97.500,6.600,0.000,5.800,1.400,3.500,85.300,87.000,90.500,90.500,87.700,2.400,97.600,92.700,0.000,100.000,30.400,4.900,38.300,0.000,63.100,0.000,10.600,7.600,27.200,13.100,12.100,70.700,100.000,0.000,52.100,0.000,0.000,0.000,0.000,2.500,70.000,98.300,0.600,3.700,0.200,93.300,22.500,24.900,1.600,79.400,99.800,64.900,4.200,0.200,96.700,91.500,0.000,21.300,74.500,7.400,13.900,6.100,19.600,13.900,3.900,74.300,12.500,80.000,63.400,72.300,85.900,0.000,26.100,19.600,27.200,98.300,98.600,100.000,15.700,0.800,0.000,100.000,726.000,944.000,5.600,11.200,8.300,1.600,66.700,4.600,95.000,11.000,97.700,22.900,52.100,5.800,47.800,6.900,13.400,5.800,16.100,9.100,4.500
India,Haryana,Panchkula,"Calendar Year (Jan - Dec), 2019",64.800,57.100,76.600,59.000,4399.000,97.000,32.700,48.100,30.800,1.800,11.100,85.100,92.600,97.100,97.100,85.100,88.700,97.100,97.100,0.000,100.000,52.800,4.500,53.100,,71.100,,3.900,5.000,21.800,19.300,12.000,73.900,97.200,,97.300,,,,,26.800,72.300,97.000,0.300,0.500,0.300,81.200,25.200,23.900,0.000,81.100,97.600,19.900,3.500,0.200,97.000,81.000,0.100,20.000,19.500,8.000,18.100,9.000,26.200,18.000,7.000,69.500,55.000,82.600,76.900,95.300,90.300,,57.400,3.000,23.100,82.600,99.200,99.500,,3.200,0.800,100.000,854.000,936.000,10.300,7.000,2.200,0.300,0.900,1.400,96.200,7.400,84.900,39.900,67.100,14.100,60.300,6.200,17.400,10.500,24.300,14.600,6.300
India,Manipur,Chandel,"Calendar Year (Jan - Dec), 2019",37.800,27.300,56.600,23.600,10920.000,74.000,14.900,43.000,19.000,1.900,15.500,55.500,69.900,76.600,76.200,69.300,2.300,96.500,60.600,8.800,86.700,7.600,17.600,42.400,0.000,40.700,0.000,8.700,3.200,34.000,14.700,8.300,55.100,91.400,68.600,51.100,0.000,0.000,0.000,44.800,4.900,49.900,53.700,0.000,1.100,0.100,76.900,4.900,10.600,19.300,52.000,99.400,16.100,9.000,0.300,55.500,37.400,0.000,39.100,64.700,8.000,14.500,5.700,28.200,19.800,7.700,44.200,21.000,77.600,66.600,55.000,94.500,0.000,27.700,4.300,29.800,85.200,68.600,99.900,20.300,4.900,1.200,79.900,1008.000,1077.000,14.200,11.000,4.800,1.200,47.900,9.900,79.700,22.300,80.200,33.700,71.200,3.700,43.300,5.700,13.400,6.700,21.700,12.700,7.400
India,Madhya Pradesh,Shivpuri,"Calendar Year (Jan - Dec), 2019",54.600,51.100,64.300,55.500,721.000,94.000,8.900,,5.900,3.700,8.100,63.100,67.800,77.500,76.000,68.700,70.500,94.500,78.400,0.000,100.000,33.000,2.900,70.500,,69.500,,0.000,5.700,39.200,36.100,18.400,62.500,88.100,67.600,84.700,,,,,5.200,54.100,79.500,0.000,0.900,0.000,61.400,49.100,31.500,1.900,32.700,96.200,38.900,0.300,0.300,94.500,89.300,0.000,12.200,43.400,7.000,15.100,6.500,15.700,11.200,3.100,48.000,27.700,75.900,52.700,88.100,98.100,,50.700,0.300,27.800,55.500,86.800,97.200,58.400,6.800,0.600,95.400,963.000,898.000,7.200,12.700,7.700,0.200,7.500,6.700,58.700,32.500,56.700,16.400,32.600,26.700,21.200,5.900,10.000,3.500,13.700,8.900,3.500
India,Bihar,Jamui,"Calendar Year (Jan - Dec), 2019",75.900,75.200,69.600,47.700,5290.000,72.700,7.500,31.200,2.300,2.900,3.300,66.400,80.200,77.400,76.700,68.200,0.000,97.500,85.700,0.900,98.900,27.900,30.800,81.900,50.800,30.200,0.900,1.700,8.800,43.000,37.500,19.400,36.800,68.400,63.900,69.800,0.000,0.000,0.000,63.700,5.300,64.400,37.400,0.000,0.000,0.000,53.100,36.800,18.400,4.000,40.200,91.000,14.300,0.900,0.200,73.400,53.300,0.000,25.000,53.600,8.200,15.100,6.300,14.800,10.300,3.000,27.800,11.700,73.800,37.900,66.700,95.200,0.000,76.200,1.900,37.000,37.600,90.500,97.900,60.600,2.100,1.900,87.800,986.000,1090.000,3.300,9.500,5.000,0.500,2.800,15.400,63.100,51.900,48.700,12.700,61.900,31.000,20.600,5.400,11.100,5.400,12.600,7.300,4.100
India,Karnataka,Bengaluru Urban,"Calendar Year (Jan - Dec), 2019",45.100,35.500,73.200,73.000,3633.000,94.400,30.600,48.900,16.000,2.000,4.800,78.200,88.400,90.000,81.300,78.200,11.200,95.400,85.400,32.900,67.100,38.900,23.400,58.900,0.000,86.900,0.000,4.300,11.400,31.300,28.100,19.200,53.800,99.300,0.000,88.200,0.000,0.000,0.000,0.000,9.100,90.700,91.000,0.400,0.200,0.600,85.700,55.200,54.700,0.700,97.200,99.400,28.800,3.400,0.500,99.300,54.700,0.000,17.300,20.900,10.400,21.300,9.200,33.500,21.800,7.500,58.800,46.300,75.300,74.600,88.000,98.400,0.000,36.000,2.900,20.600,90.400,99.200,98.800,23.700,2.200,0.000,98.000,1163.000,1006.000,7.400,4.700,3.000,1.100,2.900,2.000,98.500,14.500,87.300,40.100,44.400,10.000,70.100,8.400,19.400,9.700,30.700,21.200,5.600
India,Madhya Pradesh,Anuppur,"Calendar Year (Jan - Dec), 2019",43.600,52.600,65.500,57.600,1230.000,85.300,13.700,,14.100,2.100,5.500,86.600,90.100,86.600,86.600,90.600,81.200,92.300,88.500,0.000,100.000,39.400,2.800,49.200,,84.100,11.800,0.900,5.300,24.000,30.700,18.400,23.400,96.500,72.200,85.800,,,,,1.200,79.000,78.400,0.000,0.500,0.000,65.000,52.200,30.700,2.800,21.700,92.900,52.800,0.700,0.000,84.800,80.900,2.100,36.200,53.800,7.300,14.000,6.300,26.400,18.800,6.500,58.800,28.800,60.200,63.600,85.600,94.800,,52.500,0.100,24.100,69.400,79.800,97.000,53.800,5.900,0.700,99.100,970.000,1008.000,6.300,8.200,3.200,3.700,16.700,4.800,56.200,18.600,72.100,15.500,48.500,26.500,28.600,6.000,10.800,4.200,24.300,14.000,8.500
India,Madhya Pradesh,Balaghat,"Calendar Year (Jan - Dec), 2019",56.700,60.600,75.200,70.100,1400.000,97.700,18.300,,14.500,1.300,11.200,75.800,82.000,78.100,80.400,89.800,78.500,94.300,91.800,0.000,100.000,24.300,5.700,56.800,,94.700,,1.000,5.400,41.900,44.900,20.500,23.000,97.300,,86.100,,,,,1.600,96.600,93.300,0.000,0.200,0.100,72.800,60.000,49.800,2.100,31.100,98.000,68.400,0.300,0.000,95.100,88.600,4.700,27.200,49.900,8.700,12.000,2.500,21.900,17.700,3.200,63.500,46.000,55.600,69.100,92.100,96.900,,61.000,0.700,23.100,79.600,83.300,98.700,,1.700,0.000,100.000,979.000,1037.000,9.700,6.500,3.700,2.800,20.200,0.600,77.300,4.400,77.400,4.300,50.500,30.200,39.200,7.100,9.700,2.300,22.300,15.400,4.600
India,Haryana,Bhiwani,"Calendar Year (Jan - Dec), 2019",67.100,66.400,72.000,67.200,1079.000,97.800,13.100,19.100,7.800,2.900,9.600,72.500,80.400,93.200,89.300,78.600,79.700,95.300,95.700,0.000,100.000,28.000,4.000,69.200,,63.600,,1.000,1.900,29.000,20.600,6.000,48.900,92.400,73.100,91.200,,,,,11.100,66.400,89.500,0.100,1.000,0.300,70.200,49.700,33.000,0.800,36.600,94.500,28.200,3.600,0.100,97.700,49.300,0.400,14.200,34.600,6.200,11.300,4.700,24.800,16.300,7.300,53.300,30.300,89.000,60.400,91.500,92.700,,66.800,2.100,24.800,89.700,97.500,100.000,54.100,5.800,0.300,93.300,899.000,985.000,8.400,9.300,4.600,0.100,1.800,3.400,95.500,15.000,78.800,28.100,56.600,19.500,47.000,5.400,10.200,4.500,18.700,12.300,3.900
India,Jharkhand,Palamu,"Calendar Year (Jan - Dec), 2019",63.300,61.000,60.100,53.100,2597.000,83.400,15.800,55.700,8.300,4.700,3.800,80.900,81.500,90.300,89.200,82.100,86.300,96.100,92.500,4.500,94.600,25.000,9.100,68.200,,63.500,3.500,0.600,3.900,43.700,37.300,18.400,26.400,68.700,77.000,70.100,,,,51.900,1.700,61.000,40.200,0.200,0.200,0.000,63.500,47.800,24.600,9.200,25.400,96.600,55.800,0.500,0.400,74.900,54.800,0.500,34.900,48.900,6.000,13.100,5.900,24.300,16.100,7.400,24.000,5.700,73.100,33.800,70.300,92.600,,61.100,0.200,34.600,46.300,94.900,95.800,59.600,4.300,0.600,91.500,1098.000,1183.000,5.400,13.800,6.300,3.100,6.000,6.100,73.800,35.400,62.500,10.800,42.200,26.700,36.500,4.900,9.400,4.100,18.300,11.000,5.000
India,Assam,Marigaon,"Calendar Year (Jan - Dec), 2019",71.800,64.200,70.600,56.700,4379.000,90.000,12.300,0.000,10.800,1.700,8.600,73.400,82.900,87.900,83.000,77.000,60.300,91.300,87.000,0.000,98.600,9.900,0.000,53.300,0.000,60.200,4.800,4.300,7.500,43.200,30.500,16.100,62.200,96.800,65.000,72.600,0.000,0.000,0.000,51.600,5.500,66.400,74.300,0.200,0.200,0.200,79.100,6.000,27.000,1.700,37.600,97.000,62.500,3.800,1.000,88.300,82.800,0.100,15.600,56.900,8.100,14.200,4.700,20.500,12.400,6.700,53.400,18.400,64.000,42.000,67.900,94.800,0.000,64.900,39.600,32.100,62.300,94.600,89.500,48.000,5.400,5.900,98.700,1070.000,1055.000,8.600,6.500,1.900,1.900,29.900,11.600,69.100,39.100,78.700,14.200,74.100,15.000,24.500,5.500,10.300,4.400,20.100,12.700,4.900
India,Maharashtra,Latur,"Calendar Year (Jan - Dec), 2019",56.500,50.700,78.200,77.200,2483.000,93.400,19.000,36.500,13.200,2.600,9.300,79.200,77.900,84.700,83.200,83.000,8.400,96.200,88.900,9.000,91.000,27.200,33.500,59.500,0.000,88.700,0.000,5.300,8.000,43.200,33.900,18.000,45.300,94.200,0.000,92.500,59.600,65.400,32.300,64.500,9.500,72.500,81.700,0.500,0.900,0.400,70.600,64.000,18.600,2.400,78.500,97.800,33.600,0.900,0.100,94.700,66.800,0.000,14.200,37.500,5.400,11.100,4.300,19.600,13.700,4.200,53.600,38.000,74.600,72.600,93.300,86.400,0.000,50.700,2.700,23.700,72.500,94.600,97.200,51.000,9.800,3.300,100.000,1265.000,979.000,14.000,4.600,3.300,0.200,3.700,14.200,81.000,31.000,83.300,17.600,51.200,24.200,40.700,5.500,10.200,3.600,18.600,11.100,4.900
India,Jammu And Kashmir,Kathua,"Calendar Year (Jan - Dec), 2019",71.800,53.600,74.900,72.700,5661.000,98.500,29.900,0.000,28.900,0.000,17.800,100.000,100.000,100.000,91.800,100.000,0.000,100.000,100.000,0.000,100.000,37.900,0.000,67.000,0.000,88.300,0.000,18.600,13.100,21.800,25.900,22.500,67.500,99.600,68.100,77.100,0.000,0.000,0.000,0.000,25.900,74.500,68.700,0.400,0.800,0.800,77.400,40.100,28.700,1.900,68.500,98.000,7.000,1.100,0.500,97.100,93.800,0.700,21.100,33.300,9.100,11.800,2.300,23.600,19.400,2.200,32.600,20.100,83.200,31.600,81.200,89.400,0.000,55.200,3.700,19.800,75.400,96.100,99.700,28.400,2.100,1.000,98.100,1100.000,894.000,24.600,4.200,3.600,0.500,2.100,0.000,85.400,1.400,87.700,38.200,96.600,5.300,64.900,7.800,12.400,3.300,18.900,15.300,1.900
India,Gujarat,Surendranagar,"Calendar Year (Jan - Dec), 2019",56.900,55.600,76.000,65.700,1721.000,83.600,12.200,24.400,5.300,4.500,0.000,62.500,68.400,75.200,75.200,67.800,1.600,91.200,78.400,5.200,93.700,31.100,0.000,81.000,0.000,79.400,0.000,5.200,8.800,39.200,41.800,27.100,30.000,96.700,67.500,73.400,62.900,63.500,22.200,79.800,10.300,75.500,94.000,0.000,0.000,0.300,66.000,47.300,25.100,2.900,56.900,97.600,50.400,3.400,0.000,85.600,45.400,0.100,1.300,47.500,11.300,19.300,7.000,14.700,9.100,3.700,39.600,25.400,84.000,57.500,78.400,90.700,0.000,55.400,4.300,23.700,63.800,96.900,99.400,60.800,8.600,2.900,98.600,992.000,957.000,0.900,8.300,4.000,0.100,4.700,6.300,52.800,19.500,75.100,20.700,32.900,24.100,23.300,8.500,16.400,7.000,17.100,9.900,3.500
India,Maharashtra,Buldhana,"Calendar Year (Jan - Dec), 2019",66.800,57.800,81.100,78.100,2641.000,92.400,17.600,28.400,15.600,1.600,3.500,85.900,78.500,89.500,89.800,91.800,6.300,100.000,90.100,2.400,97.600,32.800,22.300,79.400,0.000,88.400,0.000,4.800,14.800,45.000,47.200,31.700,64.400,97.900,0.000,84.800,71.800,56.100,32.500,67.400,14.700,67.900,91.500,0.000,1.000,0.400,78.100,56.100,33.500,2.800,69.200,97.800,37.900,2.900,1.100,93.900,70.900,0.700,14.300,42.500,5.200,9.000,2.900,20.500,14.200,3.500,61.200,45.100,73.600,72.700,86.700,95.500,0.000,58.500,2.300,24.000,68.900,89.700,97.100,0.000,8.800,6.300,100.000,1036.000,957.000,4.100,4.400,1.400,0.200,12.000,5.700,74.800,24.100,79.900,15.700,38.000,21.600,41.800,6.400,10.200,2.900,20.100,12.600,4.700
India,Jammu And Kashmir,Kupwara,"Calendar Year (Jan - Dec), 2019",81.000,73.500,64.500,56.500,5108.000,99.000,51.700,80.700,50.700,1.600,17.300,93.200,100.000,96.500,96.500,93.200,0.000,98.300,98.300,0.000,100.000,42.400,1.500,78.800,0.000,89.000,0.000,8.800,14.700,24.900,25.500,25.100,46.500,98.600,72.700,89.600,75.600,95.900,61.000,62.300,9.400,64.600,74.200,0.400,0.800,0.400,68.700,25.700,8.900,2.000,62.000,98.500,10.400,6.800,2.200,97.100,88.700,0.300,0.200,49.800,4.700,7.900,1.900,18.900,11.500,2.700,29.200,8.500,83.700,89.200,90.500,96.800,0.000,75.600,11.600,26.700,67.700,88.000,99.300,45.700,9.000,8.900,99.300,940.000,987.000,17.000,5.900,3.100,0.000,6.800,0.000,48.700,3.100,76.000,21.300,95.300,5.100,44.900,3.600,6.500,1.500,18.100,10.500,2.100
India,Madhya Pradesh,Panna,"Calendar Year (Jan - Dec), 2019",63.100,59.000,67.600,57.800,1908.000,86.000,9.900,43.600,8.700,5.000,10.000,64.500,76.200,80.600,74.500,70.100,58.400,88.400,76.400,1.500,98.500,38.300,18.100,74.500,,77.000,10.900,2.400,7.900,45.100,39.200,23.200,38.100,87.500,77.600,74.600,,,,61.500,7.000,58.200,38.700,0.000,0.500,0.000,63.700,47.000,21.700,3.600,22.100,83.400,12.600,0.700,0.800,84.000,76.600,0.100,14.100,55.500,7.700,12.500,4.400,14.400,9.400,3.800,29.900,15.900,61.500,30.900,73.500,90.700,,58.800,1.300,27.500,43.800,85.500,95.800,63.400,7.800,2.100,87.900,889.000,956.000,9.400,9.400,4.200,0.300,13.600,8.000,46.000,22.800,55.700,15.700,56.300,26.800,24.000,4.700,8.600,3.300,16.100,10.400,4.300
India,Assam,Cachar,"Calendar Year (Jan - Dec), 2019",57.600,57.400,48.000,38.200,3799.000,80.200,12.500,0.000,13.200,1.000,2.900,70.400,82.100,82.500,63.800,74.400,39.900,88.300,76.900,0.000,98.600,9.200,3.700,61.800,0.000,67.300,1.800,3.300,12.500,28.700,38.200,30.700,29.800,96.000,50.800,61.400,0.000,0.000,0.000,50.400,6.100,82.200,72.400,0.000,0.200,0.200,80.500,6.900,23.600,2.100,43.000,98.600,57.900,1.000,0.600,79.200,74.900,0.100,14.600,51.000,7.300,14.400,4.500,15.400,9.100,2.900,35.600,12.000,52.000,32.700,57.300,90.000,0.000,58.200,22.900,30.900,57.600,43.800,81.700,44.000,4.200,2.100,98.200,991.000,1012.000,2.700,15.600,6.900,2.500,33.200,8.500,57.800,29.900,77.200,9.100,79.100,19.700,25.800,6.400,13.100,6.100,17.000,9.700,3.700
India,Madhya Pradesh,Singrauli,"Calendar Year (Jan - Dec), 2019",60.100,54.100,58.100,50.000,474.000,77.500,4.300,,2.200,4.200,6.700,76.900,78.300,78.700,78.700,78.700,65.400,96.200,79.600,1.500,96.300,18.400,0.000,56.600,,81.800,12.500,0.900,6.600,37.300,36.000,25.200,34.000,91.900,75.500,66.700,,,,,1.200,77.900,84.900,0.300,0.600,0.000,60.900,42.100,38.900,9.200,31.700,93.000,58.500,1.800,0.000,69.900,62.500,1.600,25.500,46.000,7.700,13.700,4.500,25.900,18.500,7.000,58.800,21.700,72.900,58.100,72.200,92.100,,54.400,0.200,29.500,52.600,77.900,92.700,,3.800,0.000,97.300,884.000,915.000,6.400,12.500,5.200,1.200,5.800,4.400,54.700,24.700,60.700,11.900,50.700,25.600,29.900,5.900,10.600,4.200,18.900,13.600,5.100
India,Madhya Pradesh,Chhatarpur,"Calendar Year (Jan - Dec), 2019",67.100,63.500,72.900,60.600,1505.000,84.400,11.000,60.300,5.000,5.400,7.400,72.900,80.400,93.200,91.700,79.600,68.100,98.200,87.100,0.000,98.200,34.700,19.000,87.200,,65.700,8.500,1.400,5.800,45.100,34.600,17.500,28.500,86.400,78.400,79.800,,,,51.300,8.900,53.600,57.600,3.400,3.900,3.200,65.100,48.800,17.800,2.200,30.100,86.600,17.100,0.300,0.100,85.200,73.100,0.200,17.500,60.500,6.200,12.700,5.700,17.500,12.900,3.400,27.100,15.600,65.800,36.900,72.200,92.300,,63.400,0.400,29.600,55.500,86.500,96.800,68.300,6.200,4.900,91.200,925.000,929.000,6.800,6.400,3.900,0.500,10.800,6.600,63.000,39.200,60.500,13.900,46.800,25.200,24.700,4.500,9.000,4.100,17.200,12.400,3.300
India,Bihar,Sheikhpura,"Calendar Year (Jan - Dec), 2019",73.900,69.500,78.800,50.300,1842.000,91.800,14.600,43.500,8.800,5.700,5.000,82.800,86.600,90.000,87.200,85.600,1.200,99.200,88.700,0.600,99.400,31.400,9.500,80.100,0.000,42.800,0.000,5.600,7.700,53.600,37.600,16.300,25.200,82.900,81.700,78.700,75.000,59.300,52.800,69.000,4.800,58.600,47.800,0.500,0.500,0.300,58.500,37.200,26.200,3.700,40.300,90.300,9.700,0.600,2.300,89.200,69.700,0.200,23.200,45.000,5.800,11.100,4.400,16.100,11.100,3.900,24.100,6.700,68.800,28.400,77.100,95.800,7.500,69.700,1.500,37.500,54.200,98.400,97.300,64.200,9.100,6.800,87.700,888.000,1074.000,5.500,3.200,1.500,0.200,2.100,10.200,68.100,46.100,55.000,13.300,67.700,24.100,28.300,5.700,9.900,3.400,16.300,9.200,4.200
India,Ladakh,Leh Ladakh,"Calendar Year (Jan - Dec), 2019",96.800,93.500,55.600,54.200,4043.000,98.400,43.100,0.000,44.300,0.000,23.300,88.900,100.000,90.600,88.900,88.900,13.200,98.200,88.900,0.000,100.000,53.800,1.600,95.500,0.000,89.200,0.000,12.700,7.600,24.300,19.000,17.200,45.900,98.700,63.200,78.600,74.900,74.600,57.200,60.000,9.300,62.000,77.700,0.000,0.200,0.200,66.300,19.300,15.800,2.000,93.500,99.100,16.200,10.000,7.200,96.400,95.700,0.400,40.600,39.500,4.200,6.400,1.600,14.700,9.200,0.800,9.500,2.600,80.900,69.600,80.800,94.900,0.000,94.600,6.600,21.000,42.400,87.100,99.800,79.000,10.900,7.800,96.500,949.000,967.000,29.200,7.100,3.200,6.100,4.400,0.000,83.000,2.500,76.400,30.200,84.600,5.300,49.800,4.600,6.100,0.700,12.800,8.700,0.700
India,Chhattisgarh,Dantewada,"Calendar Year (Jan - Dec), 2019",75.700,76.000,58.800,54.400,710.000,88.700,5.100,,3.900,2.100,19.600,77.600,73.700,90.000,89.100,85.800,47.500,95.100,83.800,0.000,98.300,27.800,6.400,89.900,,91.800,12.100,9.800,9.600,45.600,45.800,19.400,34.500,95.400,86.100,84.900,,,,,6.300,98.800,60.700,0.500,0.900,0.500,51.000,26.600,46.800,2.500,34.600,98.300,82.200,6.800,0.200,90.500,84.100,4.800,49.800,55.700,7.400,10.700,2.500,23.700,18.500,3.700,27.500,12.600,65.300,68.200,84.900,96.600,,76.700,6.100,27.900,60.500,95.100,95.900,63.000,2.400,1.000,98.700,1296.000,1098.000,19.600,7.100,3.600,21.400,38.100,6.700,56.700,16.300,49.300,6.800,71.600,25.900,24.200,5.800,8.100,1.800,19.100,14.800,2.600
India,Karnataka,Haveri,"Calendar Year (Jan - Dec), 2019",51.500,50.800,44.600,44.600,11573.000,95.800,23.900,49.300,20.200,3.400,7.600,95.700,93.400,97.200,94.100,95.700,5.200,98.600,97.200,1.600,98.500,36.600,13.800,66.900,0.000,78.400,0.000,0.000,3.900,29.900,35.000,17.700,45.800,98.600,80.000,85.400,68.700,53.800,28.000,68.000,1.000,55.800,89.600,0.000,0.200,0.200,72.600,42.600,20.800,2.000,60.700,87.900,28.800,0.700,0.000,97.200,82.600,0.000,12.100,33.100,6.400,15.200,7.000,24.400,14.400,6.900,30.500,16.800,73.300,58.700,92.400,88.000,0.000,50.400,0.300,25.400,68.900,99.100,99.100,59.400,8.900,1.700,98.800,805.000,978.000,7.400,8.400,3.500,1.000,9.200,4.200,75.800,16.500,71.500,29.100,42.100,19.900,40.000,4.800,12.700,6.400,21.400,11.100,4.700
India,Rajasthan,Bikaner,"Calendar Year (Jan - Dec), 2019",63.600,58.900,79.500,67.500,2492.000,92.700,8.100,35.500,6.300,3.900,9.700,75.600,81.300,84.000,85.100,80.400,58.600,94.800,85.100,4.400,95.600,23.800,5.800,82.400,,56.300,0.000,3.400,12.600,22.800,28.500,25.600,48.000,89.900,61.200,80.800,,,,83.400,19.900,42.500,77.300,0.200,0.000,0.200,64.600,43.400,23.600,2.900,51.400,95.700,87.400,1.700,0.100,90.000,81.800,0.100,8.800,38.000,4.800,8.500,2.800,11.800,8.400,1.400,29.800,11.600,80.500,50.500,81.200,91.600,11.800,59.400,1.700,30.200,79.800,94.900,96.100,46.400,3.600,2.200,98.700,907.000,968.000,10.200,4.600,2.700,0.400,3.400,6.500,90.200,33.300,62.500,14.400,65.100,17.800,30.200,3.900,7.300,2.700,12.000,6.200,2.200
India,Telangana,Bhadradri Kothagudem,"Calendar Year (Jan - Dec), 2019",79.300,68.700,75.000,74.000,3255.000,94.200,58.000,73.100,48.600,1.000,8.800,80.400,87.000,93.700,93.700,86.700,8.000,98.000,96.100,1.800,98.200,41.400,9.200,69.300,0.000,73.200,0.000,3.700,9.000,28.400,25.300,21.800,40.200,90.000,0.000,85.400,0.000,0.000,0.000,82.400,1.400,51.300,75.300,0.000,3.400,3.200,62.700,68.200,18.300,2.300,89.200,97.700,59.400,0.300,0.300,97.400,53.900,2.200,38.800,28.400,6.800,18.400,10.000,30.100,19.500,6.100,62.500,42.300,92.800,70.100,87.100,91.200,0.000,69.300,0.900,19.500,75.300,99.100,99.400,50.600,9.200,1.000,98.600,817.000,1082.000,12.400,3.800,2.100,2.900,4.700,13.000,92.900,20.800,68.700,31.000,48.700,14.900,41.800,9.100,18.300,7.500,29.600,16.800,6.600
India,Uttar Pradesh,Firozabad,"Calendar Year (Jan - Dec), 2019",61.800,57.100,66.900,34.600,1791.000,83.300,10.700,38.500,2.700,4.800,8.300,67.100,72.900,79.400,75.100,72.100,19.700,94.900,79.700,2.600,91.500,28.500,10.900,73.900,,52.900,1.500,4.800,3.800,46.900,25.600,9.500,28.400,65.400,57.200,72.000,70.200,44.400,16.000,72.500,14.700,47.100,34.500,0.200,0.200,0.000,72.500,15.000,18.300,4.200,53.500,88.000,13.400,1.200,0.400,80.100,56.400,0.000,17.700,45.600,5.500,9.400,3.200,20.500,15.200,4.700,14.900,4.600,58.300,39.300,73.700,84.700,,57.700,2.300,31.900,69.000,99.400,96.300,45.800,7.000,3.900,92.700,871.000,950.000,6.800,9.200,3.200,0.300,5.200,3.600,70.000,24.800,71.400,24.300,49.100,18.800,42.400,4.500,7.500,2.500,18.100,11.900,5.000
India,Tamil Nadu,Tiruvannamalai,"Calendar Year (Jan - Dec), 2019",49.300,56.600,71.900,68.700,2724.000,99.100,27.700,70.100,21.500,3.200,2.500,97.100,92.600,97.100,97.100,97.100,76.200,97.100,97.100,0.000,100.000,36.500,24.800,64.700,,64.300,,3.300,4.000,30.600,25.000,14.800,61.500,97.600,,98.600,,,,,1.000,76.900,91.600,4.300,8.000,0.600,75.500,64.500,28.000,0.000,70.700,90.300,69.600,3.100,0.200,99.100,85.800,0.000,24.200,17.200,8.000,21.800,12.100,25.800,16.500,6.200,84.500,63.500,81.200,97.700,98.100,94.300,,56.300,0.000,20.900,61.700,98.500,99.000,,6.000,2.600,100.000,848.000,1109.000,3.600,5.100,3.300,0.200,4.800,8.500,98.700,11.600,79.800,37.800,50.300,12.600,50.200,6.700,18.800,10.100,19.200,12.300,3.900
India,Rajasthan,Jhunjhunu,"Calendar Year (Jan - Dec), 2019",57.000,55.400,77.800,69.100,2435.000,98.600,13.700,30.400,5.900,2.100,11.400,88.700,88.000,96.000,94.300,90.200,52.400,98.500,94.600,1.600,98.400,34.800,6.100,77.200,,62.900,,5.900,9.100,20.900,19.600,13.900,43.300,93.200,83.500,86.600,,,,,14.400,52.300,77.600,0.200,0.700,0.200,66.800,48.300,26.800,1.500,55.500,94.900,86.100,0.500,0.200,97.100,64.800,1.000,12.400,39.900,3.600,8.200,3.700,25.600,18.000,5.600,38.800,16.500,80.100,49.200,84.600,91.600,,55.500,4.000,24.800,79.000,98.400,99.000,50.700,3.700,3.100,98.900,946.000,1063.000,10.700,7.100,3.700,0.700,5.900,0.800,93.600,18.100,74.400,19.000,58.900,20.000,45.200,2.900,6.700,2.900,20.700,12.500,5.000
India,Uttarakhand,Nainital,"Calendar Year (Jan - Dec), 2019",38.000,34.500,74.700,64.400,3599.000,83.900,30.100,69.000,23.000,1.400,19.000,74.100,73.500,87.700,83.500,84.800,20.300,97.400,84.400,1.700,94.500,31.000,51.200,59.800,,45.800,0.000,7.500,5.900,23.200,14.800,14.000,24.000,91.700,41.200,76.300,,,,62.000,29.700,59.700,79.900,0.200,0.000,0.000,80.300,26.700,15.100,4.900,71.600,97.400,60.800,1.800,0.100,81.200,56.400,1.100,29.500,34.800,6.300,14.600,6.700,30.400,19.800,7.800,45.700,29.400,70.000,59.700,75.900,88.800,,34.600,3.800,25.800,82.400,93.000,99.100,31.200,5.000,2.400,97.800,1136.000,1014.000,19.200,6.500,2.000,0.400,5.200,2.000,90.700,11.300,83.900,33.300,72.900,12.700,55.200,4.600,11.500,6.000,24.000,14.300,5.900
India,Telangana,Nalgonda,"Calendar Year (Jan - Dec), 2019",60.600,54.300,78.500,77.200,4320.000,99.000,65.700,90.000,50.400,1.000,6.200,78.300,79.900,91.200,91.200,81.200,2.900,94.100,94.100,3.000,97.000,32.500,11.500,74.500,0.000,72.600,0.000,1.700,14.500,31.700,28.000,29.800,48.500,80.400,0.000,95.300,0.000,0.000,0.000,76.700,0.700,62.800,79.300,0.200,4.600,1.400,59.800,75.100,23.600,1.700,94.600,87.500,64.800,0.400,0.000,98.300,57.400,0.000,51.400,24.300,6.400,17.000,8.300,25.700,15.600,5.900,66.800,40.100,90.500,65.700,92.200,91.800,0.000,54.200,0.500,23.900,76.400,99.200,99.900,58.300,4.600,5.200,98.700,883.000,1017.000,7.100,2.000,1.200,7.400,4.000,6.000,96.900,28.200,62.600,28.500,50.600,15.500,40.900,5.900,13.800,6.500,19.600,10.400,4.800
India,West Bengal,24 Paraganas North,"Calendar Year (Jan - Dec), 2019",68.400,65.300,78.800,61.000,2809.000,98.300,47.500,91.500,35.500,0.000,22.200,92.800,97.100,97.700,97.700,92.800,2.200,97.700,95.000,9.300,90.700,61.600,26.300,57.900,0.000,78.100,0.000,6.500,5.000,32.400,23.600,13.300,63.200,99.600,0.000,92.400,0.000,0.000,0.000,0.000,8.800,66.500,87.600,0.200,0.200,0.200,82.400,22.200,21.900,0.500,58.900,98.900,30.700,3.700,1.800,97.500,74.400,0.000,17.600,49.800,12.900,23.200,9.500,17.100,11.700,3.200,73.300,35.700,72.700,89.900,87.800,97.700,0.000,65.400,24.300,20.600,80.400,99.500,99.500,62.300,2.000,2.000,98.700,889.000,1013.000,25.500,4.400,1.500,0.400,7.000,11.500,89.600,33.600,85.500,26.400,82.600,6.500,40.700,9.700,18.800,8.400,19.000,11.100,5.000
India,Uttar Pradesh,Gorakhpur,"Calendar Year (Jan - Dec), 2019",55.800,52.900,63.800,48.900,2533.000,84.100,15.200,57.900,5.700,1.700,1.600,67.700,69.300,78.300,76.000,74.900,58.300,97.200,85.500,4.800,93.600,23.900,10.700,67.400,16.800,72.600,,1.300,12.000,29.600,33.700,23.300,38.800,90.300,71.200,73.900,,,,73.100,20.100,84.700,51.500,1.300,1.800,0.900,67.600,19.000,30.600,4.300,66.800,98.400,17.900,0.800,1.400,91.600,72.500,0.000,18.900,44.600,6.300,11.700,5.100,20.700,13.400,6.100,29.300,17.000,63.900,56.300,79.100,96.300,,53.400,6.900,30.500,69.600,99.800,94.900,41.400,3.400,3.900,98.600,943.000,1089.000,2.300,14.700,4.300,0.100,5.400,2.400,78.300,14.600,68.800,21.100,63.900,18.000,42.800,6.900,13.800,6.200,16.800,10.200,4.600
India,Uttar Pradesh,Etah,"Calendar Year (Jan - Dec), 2019",60.900,55.400,73.100,39.700,1929.000,80.800,7.500,23.300,2.800,4.100,4.200,55.500,71.900,75.000,69.000,60.500,19.100,98.100,88.900,1.100,90.200,37.100,11.800,77.400,26.100,69.600,0.000,3.700,8.400,48.800,30.600,15.000,29.800,57.600,56.500,61.600,52.600,48.200,29.100,46.500,24.200,56.500,49.100,0.300,0.700,0.000,68.000,7.800,13.400,5.200,39.600,74.800,12.800,1.800,0.900,76.700,50.500,0.000,15.100,46.000,4.800,7.600,2.600,19.200,14.200,4.400,20.000,4.700,54.100,33.600,60.200,92.300,,56.000,3.300,33.200,62.700,99.800,88.000,44.600,9.400,9.100,96.200,1004.000,1047.000,5.000,7.000,2.000,0.600,5.000,4.300,64.500,20.100,67.800,20.400,50.700,18.700,38.800,3.700,6.200,2.100,16.400,11.200,3.600
India,Uttar Pradesh,Saharanpur,"Calendar Year (Jan - Dec), 2019",46.900,41.400,73.700,48.900,4537.000,86.900,15.400,37.600,9.100,4.700,5.400,89.200,93.400,92.900,92.000,91.000,56.900,97.300,93.700,4.500,93.700,35.700,7.800,68.100,,82.700,3.700,1.900,12.900,28.800,26.700,22.000,26.700,85.400,67.400,79.100,69.800,67.100,23.300,62.400,32.800,69.600,60.200,0.100,0.200,0.200,69.300,9.500,18.700,5.300,56.600,96.200,11.800,0.800,0.700,81.700,53.500,0.300,14.100,30.700,8.700,11.600,2.500,24.300,18.200,5.700,25.700,7.500,78.700,52.400,83.600,97.400,6.300,41.800,4.500,28.500,83.800,99.700,98.300,30.100,6.100,3.900,96.800,1022.000,984.000,5.600,4.300,1.600,0.500,2.400,1.300,76.700,7.000,71.200,16.400,79.100,12.800,38.200,4.800,8.800,3.200,23.000,15.500,6.500
India,Uttarakhand,Pithoragarh,"Calendar Year (Jan - Dec), 2019",30.200,25.500,71.200,63.600,3726.000,83.200,17.000,,18.400,1.200,19.300,96.000,97.000,100.000,100.000,96.000,43.400,100.000,100.000,2.200,97.800,27.500,23.000,36.200,,69.600,3.700,4.400,6.900,25.600,20.600,12.400,54.100,96.400,61.800,82.700,,,,,16.900,59.000,79.500,0.000,0.500,0.000,79.700,42.500,28.300,1.900,45.900,97.700,72.800,2.300,0.500,84.900,80.000,0.700,33.200,38.500,4.500,10.600,5.000,32.900,21.600,10.300,52.600,24.300,68.700,58.700,82.000,94.000,,25.200,0.500,22.200,84.500,90.900,99.600,34.500,4.800,0.500,97.400,911.000,1043.000,16.900,11.300,4.500,0.300,4.300,3.700,94.600,16.200,87.600,21.800,65.300,11.500,55.500,3.500,6.500,2.400,23.300,14.800,6.700
India,Uttar Pradesh,Mahoba,"Calendar Year (Jan - Dec), 2019",53.500,49.400,61.600,52.000,1213.000,97.000,9.600,62.800,4.700,4.200,7.300,70.700,73.900,78.400,78.400,78.800,54.300,90.800,78.200,0.000,100.000,35.000,3.200,70.100,14.100,88.800,,5.000,11.700,42.300,33.400,25.000,20.100,97.400,67.800,80.800,65.400,57.700,49.700,75.300,15.300,80.500,54.200,0.700,6.000,1.800,65.200,32.100,45.100,1.900,28.200,93.800,16.200,0.700,0.500,96.300,87.600,0.000,12.200,63.300,3.100,6.300,2.400,15.700,11.800,2.700,27.700,13.700,76.000,46.200,86.300,92.500,,49.500,1.000,28.400,69.000,94.300,95.900,45.200,6.600,4.000,98.400,1056.000,972.000,7.500,16.600,6.600,0.200,13.200,4.000,77.900,20.800,65.600,10.600,53.900,28.000,30.700,3.400,5.900,1.900,15.000,10.900,3.200
India,Uttar Pradesh,Meerut,"Calendar Year (Jan - Dec), 2019",45.100,45.500,72.400,48.800,1726.000,88.800,19.900,29.900,13.700,5.400,6.800,82.500,92.200,91.600,91.600,83.300,79.500,97.800,92.400,1.300,89.800,36.700,13.800,55.200,40.100,79.300,0.000,1.300,2.100,32.100,23.700,10.200,27.200,80.200,55.400,81.200,,,,69.300,29.100,82.800,59.000,0.000,0.200,0.000,74.000,14.200,28.200,8.300,68.500,96.200,18.400,1.800,1.100,80.600,25.700,0.100,13.700,24.400,7.300,16.000,7.900,26.200,17.400,7.600,35.500,13.800,73.400,49.900,81.200,92.500,14.100,45.500,2.200,30.300,82.700,99.700,98.600,44.900,2.800,2.000,95.700,926.000,967.000,8.700,5.600,2.700,0.200,2.600,2.400,83.600,7.600,79.000,38.500,53.100,12.800,47.300,5.800,14.400,7.800,20.000,12.600,5.500
India,Uttarakhand,Almora,"Calendar Year (Jan - Dec), 2019",31.800,33.400,78.600,70.500,3162.000,85.400,16.300,,13.700,2.300,20.100,85.100,96.300,85.100,85.100,85.100,19.600,96.300,96.300,0.000,100.000,36.600,40.400,57.700,,51.600,6.700,4.400,6.100,26.000,22.900,17.000,30.200,91.100,63.000,79.600,,,,55.200,22.100,68.900,68.500,0.700,0.000,0.400,72.300,37.900,13.400,6.200,35.900,88.100,66.000,1.600,0.500,80.100,69.400,1.800,31.800,44.300,6.900,14.000,5.900,33.200,19.600,12.200,38.600,20.900,52.300,44.300,78.100,87.700,,34.000,4.800,23.200,89.200,93.300,99.900,14.500,6.200,4.000,99.400,1444.000,1331.000,18.100,6.400,2.600,0.100,5.500,1.700,88.600,1.500,86.300,19.500,58.100,15.600,48.000,5.300,9.500,3.700,24.600,13.600,8.200
India,West Bengal,24 Paraganas South,"Calendar Year (Jan - Dec), 2019",57.300,61.600,82.900,67.900,2142.000,93.200,26.600,72.300,21.800,0.000,27.200,91.700,96.300,94.900,95.000,95.100,1.700,100.000,94.800,0.000,100.000,37.400,21.400,70.400,0.000,58.000,0.000,7.000,11.800,36.700,32.200,21.200,46.200,97.600,73.500,70.800,0.000,0.000,0.000,60.900,5.400,54.500,84.100,0.000,0.000,0.200,80.900,21.900,17.700,2.200,36.200,94.100,36.700,2.800,1.100,91.000,77.700,0.100,16.500,49.800,9.800,21.300,10.100,19.100,13.000,4.300,67.200,32.700,77.100,87.500,67.000,96.400,0.000,62.100,34.800,25.500,70.100,100.000,99.200,47.400,4.500,1.600,98.600,1099.000,1055.000,27.600,3.700,1.700,0.400,6.300,13.100,80.300,41.900,85.600,21.200,86.000,9.900,34.900,7.200,16.500,8.200,21.500,13.500,5.600
India,Uttar Pradesh,Hapur,"Calendar Year (Jan - Dec), 2019",55.700,50.600,70.300,47.600,1297.000,85.600,16.500,28.900,7.000,5.000,12.600,84.400,89.100,94.300,94.300,88.300,83.600,97.200,92.400,2.000,93.500,41.600,9.800,69.400,,82.100,0.000,5.100,9.200,30.200,26.900,18.500,38.400,75.100,61.100,83.300,,,,74.800,26.500,85.100,56.200,0.100,0.400,0.300,71.800,15.300,31.400,3.400,68.000,96.000,14.900,2.100,0.700,83.300,34.700,0.100,15.400,30.800,4.900,9.600,4.100,25.700,20.100,5.100,29.000,12.600,80.100,53.300,83.000,96.200,6.700,51.700,2.400,31.400,85.600,99.900,98.800,30.800,3.900,2.000,98.900,785.000,917.000,10.900,4.800,2.200,0.100,2.400,0.800,88.600,7.100,73.700,32.400,70.700,9.400,43.500,4.100,7.700,3.300,22.900,15.600,6.300
India,Telangana,Wanaparthy,"Calendar Year (Jan - Dec), 2019",65.200,58.700,77.300,75.700,2989.000,96.600,50.900,68.300,35.800,4.600,1.800,87.000,94.700,91.900,86.900,87.000,0.000,97.300,97.300,0.000,100.000,30.400,9.500,75.300,0.000,71.400,0.000,4.900,4.400,40.400,33.200,15.100,43.500,90.500,75.200,83.600,0.000,0.000,0.000,82.300,0.300,36.600,75.700,0.300,3.300,2.200,49.300,74.400,22.300,1.100,88.900,93.500,70.100,0.200,0.000,99.000,51.400,0.000,48.700,27.500,7.400,16.500,7.700,25.500,16.100,5.800,64.300,38.800,91.400,62.800,87.600,92.600,0.000,58.500,0.300,24.800,75.900,99.400,99.200,63.500,5.000,1.700,100.000,987.000,1018.000,7.500,3.600,2.100,8.700,8.900,4.700,95.500,32.600,52.100,23.500,37.100,24.600,37.000,5.900,13.900,7.000,22.500,13.500,4.800
India,Tamil Nadu,The Nilgiris,"Calendar Year (Jan - Dec), 2019",38.411,44.444,77.309,74.041,3554.408,100.000,42.746,57.466,33.719,0.067,20.189,90.336,97.812,99.705,95.532,92.243,82.168,100.000,96.313,8.656,91.344,39.127,30.565,45.466,,69.711,,8.269,7.432,26.502,22.948,16.748,66.041,98.689,,91.313,,,,,1.109,88.895,96.579,12.098,22.687,1.195,85.148,68.080,35.600,0.000,82.251,98.421,73.776,4.526,0.095,100.000,62.091,0.000,25.734,21.494,8.172,15.183,6.072,32.922,21.978,9.678,93.681,76.379,79.616,92.370,91.702,93.981,,44.628,0.190,19.679,83.327,96.588,98.643,2.645,1.386,0.064,99.431,1030.550,1091.284,18.414,6.161,1.621,1.069,6.733,4.801,96.856,11.551,89.110,40.045,61.920,10.764,63.369,5.473,13.885,6.697,33.941,19.850,10.744
India,Telangana,Medak,"Calendar Year (Jan - Dec), 2019",57.700,54.400,57.400,55.700,6139.000,92.900,51.300,76.100,37.600,0.900,10.300,69.300,91.100,87.600,85.400,72.000,21.000,93.200,82.700,0.000,100.000,41.000,14.200,70.000,0.000,85.200,0.000,1.100,3.500,36.400,42.000,21.300,32.900,85.300,70.800,89.800,70.500,41.600,37.500,60.100,0.700,51.400,58.300,0.400,4.000,2.700,52.300,53.900,9.100,1.100,80.100,97.100,61.200,0.000,0.000,98.900,62.200,0.300,54.000,26.200,6.900,19.500,10.900,28.900,15.700,8.400,41.800,23.400,78.900,68.500,80.800,81.300,0.000,54.800,0.300,23.400,78.200,99.900,99.400,0.000,13.300,1.200,97.700,848.000,1051.000,12.300,7.400,3.800,23.800,6.400,6.500,89.300,31.800,57.700,23.300,31.900,25.400,39.300,5.700,14.000,7.000,26.700,13.700,6.600
India,West Bengal,Maldah,"Calendar Year (Jan - Dec), 2019",68.500,73.600,75.300,54.700,1961.000,88.900,22.200,89.000,16.100,0.800,25.800,87.200,93.100,94.100,92.200,90.200,0.000,100.000,93.800,0.000,100.000,45.700,13.400,71.000,0.000,55.700,6.000,3.300,6.300,40.500,35.300,20.000,52.500,95.900,59.800,67.900,0.000,0.000,0.000,65.000,8.200,46.500,72.400,0.000,0.200,0.200,71.300,23.300,18.900,1.800,29.600,97.800,29.000,2.500,0.300,87.700,76.600,0.000,15.100,45.200,10.100,20.200,9.600,17.800,10.600,4.100,58.800,27.800,77.800,82.800,61.600,93.100,0.000,73.800,19.200,30.200,62.000,99.000,98.100,67.600,5.500,2.300,99.700,942.000,1062.000,24.200,9.200,3.400,0.300,8.400,18.900,83.600,49.100,72.300,22.000,80.600,15.700,30.000,8.000,16.700,7.800,19.300,11.400,5.500
India,Tamil Nadu,Tuticorin,"Calendar Year (Jan - Dec), 2019",44.300,55.900,67.600,63.800,3180.000,100.000,52.000,70.900,38.900,0.000,16.300,100.000,100.000,100.000,100.000,100.000,85.200,100.000,100.000,6.800,93.200,59.100,17.500,55.600,,63.000,,6.700,7.700,20.300,21.000,18.400,53.000,99.500,,97.200,,,,,3.900,90.800,91.900,1.700,3.900,0.400,86.600,52.400,28.800,0.000,90.700,89.000,57.800,6.600,0.400,100.000,59.100,0.000,21.600,18.500,9.800,25.400,13.800,28.200,17.300,7.500,86.100,70.400,59.200,80.700,94.800,89.100,,56.300,0.300,20.900,79.400,97.000,100.000,,4.800,0.700,100.000,734.000,1111.000,19.900,8.100,3.000,0.300,1.400,0.900,99.400,8.900,88.500,43.400,57.900,11.900,59.500,8.400,22.000,11.500,24.500,15.500,5.200
India,Tripura,Dhalai,"Calendar Year (Jan - Dec), 2019",65.400,70.000,80.900,53.300,4010.000,87.700,10.100,0.000,10.100,0.300,14.900,73.700,76.700,89.000,86.200,73.700,68.400,97.600,90.200,0.000,100.000,29.100,11.900,81.200,0.000,56.200,0.000,13.100,7.700,45.700,27.600,15.900,44.000,94.200,61.100,73.100,0.000,0.000,0.000,68.800,2.300,50.800,81.000,0.400,0.600,0.500,74.800,8.600,3.900,0.500,34.000,98.700,44.200,0.300,0.100,87.300,84.500,0.000,40.200,61.300,7.800,17.000,8.400,17.400,11.500,4.000,26.000,8.800,58.100,52.000,72.400,97.800,0.000,69.700,39.000,27.200,67.600,70.300,97.700,75.400,4.900,1.500,90.700,1160.000,1034.000,14.300,4.000,1.800,7.500,55.200,26.900,63.200,38.900,71.600,19.100,67.700,15.900,13.900,8.500,14.500,5.700,14.500,9.000,3.500
India,Tamil Nadu,Kallakurichi,"Calendar Year (Jan - Dec), 2019",67.200,62.500,71.600,68.600,3255.000,100.000,28.000,56.300,23.300,2.900,12.700,88.500,81.600,97.100,97.100,88.500,55.600,100.000,97.100,8.900,91.100,29.000,29.000,73.400,,73.200,,0.000,3.400,23.900,20.500,12.400,59.600,100.000,,94.000,,,,67.000,1.300,75.800,93.000,8.800,14.700,3.700,73.600,62.600,24.600,0.500,68.600,88.100,77.600,3.200,0.200,99.100,84.300,0.200,38.100,25.100,6.700,19.900,11.700,26.100,16.600,7.100,72.700,44.800,80.100,94.900,88.100,95.400,,62.600,0.700,24.800,53.800,98.400,99.700,,5.600,1.400,96.000,916.000,1120.000,19.800,7.400,1.800,0.200,8.800,7.900,98.300,19.000,75.400,37.000,45.000,17.200,45.700,6.600,17.700,9.200,19.000,10.000,4.200
India,Rajasthan,Jaisalmer,"Calendar Year (Jan - Dec), 2019",53.800,44.400,83.000,68.200,2110.000,93.600,9.300,23.900,8.900,4.500,6.400,72.000,74.700,78.300,78.300,76.100,46.200,89.800,80.300,2.100,96.800,18.800,1.500,58.600,,70.700,3.700,2.700,13.800,25.500,31.700,25.000,36.400,91.300,63.200,79.000,70.600,61.700,25.300,71.300,12.500,54.400,83.100,0.000,0.000,0.000,61.700,49.300,25.500,3.800,30.900,93.000,93.700,1.500,0.900,90.000,81.100,0.300,10.500,44.900,5.000,8.800,3.200,15.800,12.700,2.100,37.500,13.100,64.600,47.600,80.100,96.200,,44.700,3.300,32.900,75.700,95.200,97.300,35.500,7.700,3.100,98.400,818.000,987.000,6.100,5.600,2.800,0.100,5.000,1.000,82.800,28.900,62.200,11.200,62.300,16.300,18.700,2.700,4.900,2.000,9.700,6.700,1.700
India,Arunachal Pradesh,Papum Pare,"Calendar Year (Jan - Dec), 2019",44.400,38.400,47.700,41.000,17185.000,86.500,16.500,28.800,17.400,1.600,24.400,60.700,74.300,76.300,64.300,63.900,11.500,88.100,77.300,2.900,94.600,37.400,12.900,53.400,,75.500,,9.100,5.000,29.700,15.600,9.000,52.900,75.400,75.800,58.100,,,,44.000,4.800,73.100,21.600,1.200,2.600,2.000,77.600,15.700,20.700,1.100,81.300,100.000,26.900,5.600,0.900,88.000,77.300,0.000,42.700,43.700,5.300,12.800,6.500,32.700,21.200,9.200,24.800,13.300,38.400,39.300,53.200,74.000,,39.400,10.600,30.500,75.700,92.900,98.700,18.600,4.600,1.900,91.400,1065.000,1039.000,24.900,20.300,8.800,16.100,16.100,6.000,95.400,25.400,77.000,31.100,68.000,5.300,50.500,4.800,9.500,3.000,20.600,13.600,3.500
India,Assam,Charaideo,"Calendar Year (Jan - Dec), 2019",76.100,72.300,67.000,43.900,4858.000,90.500,20.000,62.500,16.700,0.000,10.500,74.000,81.500,90.100,79.600,82.000,35.900,96.200,90.000,7.600,87.700,27.800,1.700,69.700,0.000,56.200,7.000,4.000,7.300,39.000,34.800,23.500,58.300,94.400,0.000,72.800,72.700,68.600,11.800,58.700,4.400,69.500,50.600,0.000,0.200,0.000,75.000,20.100,22.000,2.200,27.300,99.700,64.900,4.000,0.100,88.200,76.700,0.100,50.400,57.900,8.800,14.900,5.000,17.900,12.600,3.000,51.700,19.400,74.100,64.500,70.500,95.900,0.000,72.600,14.400,25.800,75.900,96.400,91.700,61.600,9.800,2.200,98.700,1040.000,1027.000,9.900,8.300,3.700,17.700,25.400,3.800,68.700,22.600,71.900,10.300,53.500,24.700,26.200,7.100,11.900,4.100,18.200,9.300,5.200
India,Uttar Pradesh,Baghpat,"Calendar Year (Jan - Dec), 2019",56.500,53.300,71.700,45.200,2001.000,82.300,12.600,23.700,8.800,5.300,10.600,83.900,93.000,91.500,91.500,86.400,81.200,92.800,87.700,0.000,92.900,30.500,3.800,60.200,,73.500,0.000,1.700,3.900,25.500,26.000,10.300,18.300,75.700,58.800,82.300,,,,,22.500,75.000,65.400,0.000,0.200,0.000,71.600,15.600,19.800,3.600,51.500,96.600,12.500,2.300,0.400,80.900,44.000,0.000,12.900,31.800,6.000,12.700,6.400,25.500,18.000,6.000,33.800,8.600,79.400,42.400,79.100,93.100,,52.600,3.600,29.800,87.000,99.900,98.500,70.700,4.000,0.600,96.100,818.000,938.000,9.100,5.200,2.100,0.300,4.700,2.700,81.400,8.100,76.300,34.500,54.700,14.900,44.000,5.800,11.800,5.700,21.400,13.300,6.000
India,Himachal Pradesh,Chamba,"Calendar Year (Jan - Dec), 2019",47.400,43.700,81.800,65.200,4252.000,74.100,10.500,0.000,8.800,1.900,18.100,100.000,100.000,100.000,100.000,100.000,100.000,100.000,100.000,0.000,100.000,52.900,14.000,46.500,0.000,77.800,1.900,9.000,5.800,42.600,26.000,15.400,43.600,96.700,61.500,70.800,0.000,0.000,0.000,0.000,19.300,71.700,97.500,0.000,0.200,0.000,70.100,24.400,31.800,4.000,35.000,99.100,26.800,0.200,0.000,72.000,64.900,18.400,40.500,40.300,6.100,11.500,5.000,23.200,19.300,2.800,65.400,37.400,75.100,62.700,72.900,94.000,0.000,43.900,0.900,25.100,86.500,85.500,99.100,38.300,2.000,1.600,98.700,1001.000,1073.000,19.900,6.200,2.900,0.600,2.500,2.000,87.300,3.800,84.100,23.200,61.100,14.600,50.900,5.400,10.600,4.400,17.800,11.900,3.500
India,Jharkhand,Saraikela Kharsawan,"Calendar Year (Jan - Dec), 2019",74.900,70.200,66.900,52.400,1770.000,89.100,12.400,39.600,7.500,1.600,11.600,80.900,85.300,92.900,92.900,82.800,87.800,100.000,94.800,0.000,100.000,44.300,6.600,76.100,,89.000,2.800,9.000,23.000,40.000,48.700,32.900,18.900,87.000,74.300,73.900,72.300,71.300,51.500,78.300,8.300,73.700,40.100,0.000,0.200,0.000,64.400,33.400,49.600,7.800,31.500,96.800,63.100,2.800,1.700,81.800,62.200,0.100,37.300,42.600,9.700,15.500,5.000,17.200,12.400,4.200,42.600,24.700,85.100,54.400,77.200,92.300,,71.200,3.100,26.200,60.900,85.700,93.500,42.800,9.200,3.200,98.800,919.000,996.000,13.800,7.200,3.600,11.300,11.200,10.300,74.700,19.200,64.000,6.400,63.900,20.300,36.000,7.100,11.100,3.600,15.600,9.700,4.800
India,Tamil Nadu,Mayiladuthurai,"Calendar Year (Jan - Dec), 2019",58.800,62.600,65.900,61.900,4655.000,100.000,49.400,74.200,38.700,0.000,15.500,93.800,94.600,96.400,96.400,93.800,73.600,100.000,96.400,13.600,86.400,50.100,34.600,60.900,,63.400,,0.800,4.700,32.300,24.300,12.500,56.100,99.100,,92.400,,,,80.800,1.800,70.400,87.600,11.000,15.700,2.200,79.200,53.900,20.900,0.400,59.000,93.300,70.900,5.800,0.200,99.700,69.000,0.000,34.300,24.900,6.700,19.900,11.300,32.100,19.900,9.400,85.600,61.300,89.400,93.100,91.900,93.000,,63.200,0.100,20.800,69.600,100.000,99.000,44.800,5.700,2.500,100.000,799.000,1148.000,14.400,8.500,2.300,0.300,10.400,5.200,96.200,6.300,87.800,31.900,45.600,19.400,53.700,6.500,19.400,11.400,24.500,13.300,7.100
India,Uttar Pradesh,Fatehpur,"Calendar Year (Jan - Dec), 2019",60.500,63.000,66.200,58.000,2145.000,85.600,7.000,26.700,3.900,3.700,3.000,55.700,63.500,76.000,69.800,61.800,20.200,90.000,71.500,6.000,91.300,29.300,12.600,78.100,,76.300,3.600,3.600,9.100,51.100,38.000,17.800,13.900,84.300,48.000,65.500,,,,43.100,38.900,73.900,35.300,1.100,1.900,1.500,63.400,8.400,35.600,7.200,38.900,76.200,16.800,0.700,0.900,81.400,64.600,0.000,18.500,60.800,4.200,8.800,4.200,18.000,13.300,3.400,17.700,6.800,56.300,38.100,66.800,90.200,,63.700,6.600,29.000,63.100,98.800,76.800,49.000,2.900,1.900,96.800,890.000,1035.000,3.500,9.700,2.700,0.800,20.800,3.300,70.400,10.400,62.300,15.800,63.700,24.700,37.300,2.500,5.700,2.500,17.000,10.500,4.300
India,Mizoram,Saitual,"Calendar Year (Jan - Dec), 2019",31.546,28.968,34.530,34.021,7324.353,97.663,12.919,18.847,10.376,1.128,10.867,74.986,81.161,84.443,80.077,77.331,10.149,88.869,84.623,3.438,96.562,29.418,6.974,41.411,0.000,67.466,0.000,11.528,4.762,26.163,11.190,9.481,64.042,99.618,0.000,41.786,0.000,0.000,0.000,31.270,2.010,56.030,91.697,2.833,7.567,0.963,95.751,14.002,17.860,0.892,88.131,99.473,49.947,3.437,0.091,97.081,83.220,0.000,23.760,71.329,7.291,15.759,6.483,27.254,17.125,5.485,65.693,12.282,81.525,66.178,72.899,83.939,0.000,29.096,14.207,26.054,97.099,98.436,99.836,25.341,4.238,0.437,96.241,898.447,1002.938,12.312,18.172,11.405,1.273,60.163,3.184,93.747,6.751,98.354,26.604,48.777,4.711,54.827,6.846,14.380,6.345,20.076,11.824,3.520
India,Rajasthan,Chittorgarh,"Calendar Year (Jan - Dec), 2019",46.600,45.100,66.900,49.600,3139.000,97.300,15.400,50.300,11.300,1.700,5.000,87.800,89.900,96.800,98.300,89.100,86.600,100.000,97.100,1.200,98.800,55.500,4.400,72.400,,62.700,,1.000,4.900,31.400,25.900,14.600,51.100,95.500,77.200,94.700,,,,,9.600,72.400,73.300,0.200,0.200,0.300,55.300,33.500,33.500,0.800,31.300,97.300,90.600,1.600,1.100,96.800,85.300,0.100,10.500,44.400,8.000,12.300,4.000,21.100,14.900,5.100,30.200,13.700,85.500,75.000,91.200,97.200,,45.400,2.100,26.100,63.800,97.600,99.000,38.400,5.200,1.300,97.200,861.000,1037.000,5.200,8.100,3.200,0.500,3.700,3.500,67.500,42.600,56.100,15.300,68.000,20.200,24.800,5.600,9.100,2.900,18.300,11.900,4.300
India,Assam,Karimganj,"Calendar Year (Jan - Dec), 2019",60.600,52.000,64.300,54.900,4287.000,78.300,7.000,51.400,5.200,2.300,4.700,75.100,75.900,84.000,80.200,84.200,47.300,95.500,85.500,0.000,95.000,22.700,7.100,64.100,35.400,74.200,0.000,1.000,30.500,29.100,52.900,48.000,40.300,98.200,53.100,70.200,45.800,68.400,55.600,59.600,9.500,84.500,72.600,0.000,0.000,0.500,82.100,6.100,31.000,2.400,39.600,98.700,64.400,2.300,1.900,76.400,69.800,0.500,7.000,54.200,8.500,15.200,4.500,17.200,11.000,2.700,39.900,11.400,54.800,42.800,63.900,94.200,0.000,52.500,34.000,32.300,61.500,62.300,87.100,41.900,7.600,2.300,99.500,885.000,1000.000,5.300,8.600,4.200,1.400,43.000,9.900,59.800,27.700,80.700,6.600,75.800,17.800,19.600,6.300,11.500,4.300,16.500,9.000,2.600
India,Delhi,New Delhi,"Calendar Year (Jan - Dec), 2019",52.000,56.000,77.000,59.900,2527.000,92.800,23.400,39.800,19.100,0.000,15.100,82.200,87.500,95.000,87.100,82.200,40.300,100.000,93.400,4.200,95.800,37.000,22.900,72.900,,55.400,,3.700,2.900,27.400,20.700,6.800,48.600,94.900,71.600,85.600,,,,82.300,30.800,66.700,84.800,0.700,1.500,1.200,85.900,17.800,16.400,1.400,98.300,98.100,25.200,7.300,0.000,91.800,63.400,0.300,28.200,29.000,4.800,12.700,6.800,33.800,21.800,10.800,69.700,51.700,83.200,80.100,86.400,93.800,,56.100,2.600,25.300,69.400,99.100,100.000,,6.300,5.200,96.800,898.000,859.000,15.600,5.300,1.800,0.000,2.400,5.200,97.200,10.200,81.800,41.800,58.300,12.800,57.900,4.000,12.000,6.000,25.800,14.800,7.000
India,Uttar Pradesh,Agra,"Calendar Year (Jan - Dec), 2019",61.400,59.400,67.700,47.100,1879.000,90.100,18.800,31.600,9.900,3.300,10.700,74.100,78.200,92.200,91.300,75.800,45.600,99.100,96.400,5.700,87.500,48.400,9.600,73.000,,71.900,1.900,3.400,4.600,35.900,26.200,16.400,19.500,76.100,43.100,75.200,71.000,38.500,26.800,80.700,18.700,53.600,50.100,0.300,0.300,0.400,69.400,20.000,12.800,1.400,67.500,93.100,9.400,2.400,1.400,89.100,43.000,0.100,20.900,46.100,4.300,8.200,3.500,20.900,16.400,4.100,20.900,11.300,62.100,42.700,77.200,91.100,10.100,59.400,4.200,30.500,70.800,99.800,99.100,61.800,6.800,4.500,85.900,902.000,952.000,10.600,9.000,4.000,0.600,8.900,3.500,76.500,17.900,63.100,25.200,58.600,15.400,36.100,3.700,7.200,3.200,16.800,10.300,5.200
India,Jharkhand,Gumla,"Calendar Year (Jan - Dec), 2019",61.300,59.500,52.700,45.000,1124.000,90.200,7.700,,6.800,1.800,10.100,85.300,86.200,95.300,95.300,86.400,90.800,97.800,95.300,1.100,98.900,40.500,0.000,65.800,,84.400,11.300,4.100,8.700,40.200,38.700,20.100,21.800,77.700,73.800,78.400,,,,71.400,4.000,61.600,34.700,0.200,0.400,0.200,65.100,30.700,38.800,6.700,19.100,97.700,51.700,2.100,1.900,83.800,80.300,0.100,53.100,55.500,8.300,11.600,2.600,19.900,14.800,4.600,47.800,22.700,81.500,49.300,82.400,96.100,,59.900,2.800,30.700,50.100,75.200,89.100,44.700,5.100,3.000,97.900,1028.000,1024.000,10.700,14.900,7.900,16.100,14.800,7.200,75.600,20.900,63.700,5.600,70.800,25.200,33.300,6.300,9.000,2.400,15.100,11.000,3.400
India,Madhya Pradesh,Narsinghpur,"Calendar Year (Jan - Dec), 2019",48.500,46.900,78.900,70.400,1662.000,93.000,19.100,55.500,14.000,3.400,19.900,82.700,81.300,88.400,81.600,87.900,68.000,87.200,88.200,0.000,100.000,40.300,9.500,73.400,,74.100,,1.000,5.100,32.000,28.100,19.600,39.300,98.100,70.600,87.400,,,,,4.300,69.400,79.400,0.000,0.400,0.000,73.800,63.400,24.400,1.900,36.700,98.400,49.400,0.800,0.400,91.400,76.200,0.100,15.700,55.200,6.300,13.500,6.600,24.400,16.900,5.600,53.100,28.700,88.000,74.200,91.400,93.600,,46.600,1.000,24.300,77.000,99.800,99.000,53.000,4.000,2.400,98.100,947.000,950.000,18.100,3.500,1.800,0.300,27.200,6.500,58.400,19.600,69.200,20.100,28.100,25.100,31.400,4.900,9.900,4.100,23.200,12.600,6.900
India,Jammu And Kashmir,Samba,"Calendar Year (Jan - Dec), 2019",73.200,62.400,62.800,50.400,4149.000,99.000,37.500,0.000,35.900,1.500,6.200,90.900,97.800,94.000,91.900,90.900,0.000,98.000,94.000,0.000,100.000,21.900,2.000,69.000,0.000,72.600,0.000,12.100,9.800,24.500,15.500,20.400,61.600,97.100,47.300,87.600,0.000,0.000,0.000,69.800,14.100,63.600,81.800,0.200,0.900,0.400,76.600,21.000,7.200,1.200,73.000,98.700,19.000,6.400,1.300,97.900,91.300,0.300,28.100,38.900,5.700,11.200,4.400,21.500,12.400,5.100,46.500,24.400,86.600,96.200,92.300,84.500,0.000,63.600,6.900,24.500,78.800,95.400,99.800,41.100,4.700,3.200,100.000,888.000,960.000,7.900,9.500,4.200,0.700,3.000,1.300,85.500,6.300,84.800,36.500,88.600,3.600,60.600,4.800,10.300,4.000,21.100,11.600,4.000
India,Odisha,Rayagada,"Calendar Year (Jan - Dec), 2019",73.700,69.100,72.700,45.300,1972.000,72.100,8.500,,10.700,1.400,25.200,92.700,92.700,93.700,92.800,93.700,92.800,93.900,93.700,1.300,98.700,53.100,8.900,70.500,,90.400,8.600,0.600,3.600,43.600,39.800,16.100,74.500,75.600,86.700,70.400,,,,65.100,1.900,77.300,68.800,0.200,0.200,0.200,50.800,30.600,30.100,3.500,30.200,96.500,45.500,2.200,0.700,68.900,63.500,1.500,32.500,47.000,6.900,16.000,8.400,25.100,15.200,8.100,64.300,43.000,74.100,85.300,69.700,94.100,,68.800,6.700,30.900,50.500,91.300,96.600,77.300,5.100,1.100,99.600,951.000,1110.000,24.700,6.100,2.600,4.900,29.100,9.200,63.500,33.200,42.000,14.800,57.300,26.700,19.100,6.600,12.800,5.400,19.500,9.500,7.200
India,Haryana,Charki Dadri,"Calendar Year (Jan - Dec), 2019",71.100,72.600,69.400,61.300,1607.000,99.700,14.200,18.100,11.500,1.700,13.100,84.200,89.300,92.600,92.600,86.100,85.100,92.400,94.800,0.000,100.000,34.600,11.600,67.200,,68.300,,1.800,2.600,23.900,16.900,10.600,55.300,92.200,63.000,91.900,,,,,11.800,65.600,93.900,0.000,0.000,0.000,69.600,42.600,30.600,0.700,36.200,95.500,29.700,4.000,0.000,98.900,55.900,0.600,12.000,38.300,6.700,13.400,6.400,22.900,16.900,4.200,48.900,30.900,82.600,53.400,93.900,87.700,,73.100,1.600,23.400,90.400,97.300,99.500,62.400,4.100,0.300,95.300,1007.000,964.000,11.500,11.100,5.200,0.100,1.900,3.100,96.300,11.800,83.600,28.800,57.000,17.000,54.500,5.200,10.300,4.700,20.600,13.700,4.700
India,Gujarat,Bhavnagar,"Calendar Year (Jan - Dec), 2019",52.000,49.400,45.700,40.500,1933.000,96.000,23.700,31.500,18.000,3.300,9.400,74.300,94.000,85.200,84.600,76.000,0.000,90.600,83.500,5.900,94.200,14.600,5.300,71.500,0.000,82.500,0.000,1.800,6.300,32.600,39.500,29.600,33.900,96.500,0.000,90.400,47.200,65.400,35.100,61.500,6.500,56.200,86.300,0.000,0.000,0.200,72.000,29.700,12.600,2.500,59.800,87.200,32.200,3.000,0.000,94.200,44.300,0.100,4.500,50.900,6.800,17.100,8.800,18.000,11.000,3.400,45.200,28.600,76.600,70.900,87.000,90.500,0.000,49.100,1.200,24.100,72.900,95.100,96.900,56.200,11.100,1.800,94.800,1192.000,942.000,11.200,15.500,6.900,0.300,9.700,1.500,64.500,18.000,74.200,29.400,26.600,20.800,26.300,8.800,16.400,6.400,20.100,9.800,4.100
India,Telangana,Ranga Reddy,"Calendar Year (Jan - Dec), 2019",58.000,53.200,72.600,69.700,3499.000,92.700,57.800,75.700,42.900,1.100,7.600,85.800,91.900,89.200,87.800,85.800,0.000,94.100,87.600,7.200,92.800,30.500,19.800,75.800,0.000,67.800,0.000,4.000,5.100,37.800,29.500,13.900,40.300,93.400,0.000,90.000,0.000,0.000,0.000,72.200,0.700,53.400,72.800,0.100,0.500,1.000,68.600,67.600,18.700,1.200,97.000,98.200,58.300,0.300,0.100,97.200,48.200,0.100,46.800,18.900,6.300,19.600,11.000,35.000,21.300,9.300,48.200,26.600,95.500,75.100,89.800,90.300,0.000,53.600,0.700,24.100,81.100,99.400,99.700,44.800,5.300,1.100,95.300,964.000,1022.000,7.200,4.800,2.200,6.700,4.500,5.200,95.300,29.000,72.100,40.600,47.900,14.900,51.400,5.200,15.300,8.300,28.500,14.800,7.900
India,Tamil Nadu,Dindigul,"Calendar Year (Jan - Dec), 2019",41.401,42.601,74.200,71.400,2828.115,98.600,33.301,55.000,28.101,0.800,20.099,92.595,96.395,95.595,89.795,92.595,72.496,97.595,95.995,1.500,98.495,53.897,37.999,50.200,,83.999,,2.200,8.200,27.100,28.400,21.100,55.200,97.900,36.398,96.200,,,,,1.100,84.800,97.000,2.100,5.800,0.700,77.800,62.200,29.800,1.400,76.301,81.601,71.899,6.900,0.300,97.000,74.599,0.000,26.000,27.700,11.900,25.100,12.000,34.200,24.300,6.800,85.701,63.601,71.900,96.200,95.300,87.400,21.699,42.901,0.800,24.400,61.001,99.500,98.800,34.600,2.300,0.400,99.100,816.010,1066.003,20.700,6.300,2.800,0.100,6.500,8.600,98.900,20.499,78.200,38.500,71.599,12.900,50.100,8.200,22.100,12.100,25.700,16.600,5.700
India,Tamil Nadu,Namakkal,"Calendar Year (Jan - Dec), 2019",50.300,51.900,65.200,62.300,3435.000,100.000,53.700,66.500,45.100,0.600,7.100,83.900,84.400,96.200,87.300,87.600,73.800,92.500,96.200,9.000,91.000,52.100,,67.900,,66.200,,6.300,4.300,25.200,15.700,10.300,53.900,97.600,,89.900,,,,,1.900,85.500,93.600,1.000,1.700,0.000,73.500,55.300,32.900,0.000,89.700,95.700,68.800,4.100,0.600,100.000,59.800,0.000,27.100,19.800,9.500,24.000,12.400,31.500,20.800,8.000,87.500,71.000,76.200,97.800,94.800,96.300,,51.900,0.000,17.300,75.200,99.500,99.200,,4.000,0.000,100.000,1130.000,1142.000,12.900,6.500,2.300,0.100,6.600,6.500,97.800,14.200,87.700,43.200,58.300,9.400,55.700,8.000,19.700,9.900,25.600,14.100,7.300
India,Telangana,Nagarkurnool,"Calendar Year (Jan - Dec), 2019",62.100,54.000,77.300,76.500,2975.000,94.500,53.000,73.700,39.500,1.900,4.400,81.100,98.300,88.800,86.700,81.100,1.700,91.900,90.100,1.900,98.100,37.000,18.900,75.100,0.000,64.700,0.000,2.500,7.000,35.100,30.900,27.300,41.000,91.400,75.000,91.000,0.000,0.000,0.000,86.600,0.600,58.300,84.800,0.200,2.000,2.600,51.100,73.200,27.100,2.000,87.300,92.000,68.600,0.800,0.200,98.000,56.200,0.000,55.500,30.800,7.000,14.500,6.800,27.300,17.000,6.300,65.900,41.100,92.400,75.100,90.300,88.500,0.000,53.500,0.600,23.800,73.200,99.600,99.900,0.000,3.600,2.900,97.000,771.000,1066.000,5.400,3.900,1.700,11.800,6.200,5.300,96.600,32.100,57.100,22.800,46.700,19.100,36.000,4.500,12.500,6.400,24.600,12.900,6.500
India,Ladakh,Kargil,"Calendar Year (Jan - Dec), 2019",97.100,92.000,46.900,41.600,3569.000,95.600,32.000,0.000,34.200,0.400,18.200,87.500,100.000,100.000,100.000,87.500,7.700,100.000,97.400,0.000,100.000,31.000,0.000,87.900,0.000,85.000,0.000,14.000,10.500,36.500,21.800,17.700,71.000,98.500,80.400,74.700,0.000,0.000,0.000,53.900,8.600,55.400,71.600,0.400,0.400,0.200,69.600,14.100,9.100,2.600,58.100,98.600,13.600,5.700,5.100,93.700,93.700,0.300,6.800,31.900,4.600,10.200,3.400,20.100,13.200,3.800,19.600,12.500,91.000,88.000,78.300,93.500,0.000,92.800,6.600,24.500,42.300,90.200,99.100,76.700,6.200,2.800,99.100,1336.000,975.000,18.500,8.800,4.900,1.400,1.900,0.000,74.400,2.500,77.200,26.300,88.000,3.500,50.300,3.200,7.300,2.800,18.700,12.000,2.700
India,Madhya Pradesh,Chhindwara,"Calendar Year (Jan - Dec), 2019",45.300,41.700,80.200,74.200,718.000,92.300,17.100,65.100,10.100,2.600,6.900,65.300,75.700,80.600,71.700,77.600,67.400,95.700,85.900,0.000,100.000,27.300,12.900,50.500,,79.500,,0.300,4.500,23.900,32.800,18.100,44.100,95.900,81.800,89.700,,,,,4.600,60.100,92.300,0.000,0.200,0.200,73.100,65.400,35.100,0.800,43.600,98.500,48.500,2.100,0.000,92.200,78.100,0.700,21.800,49.000,5.500,14.100,7.600,22.600,14.400,6.000,53.700,34.300,82.100,67.000,90.200,97.000,,41.800,0.800,22.500,77.100,89.100,98.900,36.800,4.000,0.900,98.300,1078.000,1032.000,5.800,3.600,2.300,2.300,21.100,3.300,69.600,11.600,72.700,18.600,21.900,28.500,40.200,5.800,11.100,4.600,21.700,10.900,6.200
India,West Bengal,Hooghly,"Calendar Year (Jan - Dec), 2019",75.100,75.100,74.900,61.300,4558.000,97.400,49.700,84.900,36.800,0.000,26.400,95.400,95.200,95.400,93.300,100.000,2.200,100.000,97.900,2.200,97.800,43.400,15.100,67.900,0.000,73.300,0.000,5.200,5.000,28.900,33.400,20.000,69.500,98.200,0.000,76.700,0.000,0.000,0.000,62.800,7.800,59.700,83.200,0.400,0.300,0.600,81.000,36.000,13.300,0.400,54.600,90.500,26.500,1.700,0.500,97.000,67.900,0.300,22.300,53.500,9.700,22.300,11.400,26.700,17.700,4.600,68.100,42.300,76.000,72.200,56.700,92.200,0.000,75.100,13.600,19.900,76.200,98.100,98.400,0.000,11.200,0.800,98.600,1025.000,1082.000,25.300,7.000,2.500,1.500,8.100,13.200,86.500,40.800,77.400,34.600,71.900,14.100,37.000,8.800,19.700,9.500,24.100,12.200,5.400
India,Tamil Nadu,Nagapattinam,"Calendar Year (Jan - Dec), 2019",58.800,62.600,65.900,61.900,4655.000,100.000,49.400,74.200,38.700,0.000,15.500,93.800,94.600,96.400,96.400,93.800,73.600,100.000,96.400,13.600,86.400,50.100,34.600,60.900,,63.400,,0.800,4.700,32.300,24.300,12.500,56.100,99.100,,92.400,,,,80.800,1.800,70.400,87.600,11.000,15.700,2.200,79.200,53.900,20.900,0.400,59.000,93.300,70.900,5.800,0.200,99.700,69.000,0.000,34.300,24.900,6.700,19.900,11.300,32.100,19.900,9.400,85.600,61.300,89.400,93.100,91.900,93.000,,63.200,0.100,20.800,69.600,100.000,99.000,44.800,5.700,2.500,100.000,799.000,1148.000,14.400,8.500,2.300,0.300,10.400,5.200,96.200,6.300,87.800,31.900,45.600,19.400,53.700,6.500,19.400,11.400,24.500,13.300,7.100
India,Madhya Pradesh,Dhar,"Calendar Year (Jan - Dec), 2019",63.900,50.200,77.700,75.500,1250.000,96.100,13.200,,5.100,2.100,5.600,75.400,82.300,90.300,86.300,87.000,60.900,94.300,88.000,0.000,100.000,33.800,13.500,65.000,,81.100,,5.200,11.100,28.800,35.900,29.500,38.200,93.900,,93.800,,,,,6.100,84.400,76.700,0.700,0.700,1.000,59.500,60.900,24.500,1.100,44.800,97.400,30.300,2.400,1.200,95.500,83.400,0.300,25.700,44.100,6.500,10.500,3.400,19.800,14.900,3.800,59.300,33.200,81.700,76.500,91.400,93.100,,49.500,3.900,26.900,61.900,89.200,97.600,68.600,5.500,2.900,84.900,1056.000,991.000,4.600,4.800,2.400,3.900,7.400,7.700,57.900,26.500,55.600,10.100,49.400,17.100,23.800,5.400,9.700,3.100,19.900,13.900,4.300
India,Telangana,Siddipet,"Calendar Year (Jan - Dec), 2019",76.600,56.700,59.800,59.400,5528.000,90.500,69.000,81.200,56.000,0.000,13.600,63.100,81.500,84.200,81.200,65.100,13.400,93.000,88.600,4.700,95.300,40.000,14.700,63.500,0.000,80.200,0.000,1.500,4.700,28.100,29.600,19.300,34.900,90.000,0.000,85.900,0.000,0.000,0.000,71.100,1.300,46.700,71.800,1.000,5.100,3.500,60.800,54.500,11.600,0.400,93.200,98.500,60.900,0.700,0.000,99.700,47.300,0.900,50.300,23.200,7.900,20.000,10.400,36.900,19.000,9.200,60.600,41.500,86.100,62.600,74.100,89.800,0.000,56.900,1.300,22.000,84.100,97.200,99.500,0.000,8.300,3.100,98.900,976.000,1062.000,14.100,9.600,3.700,8.300,5.200,1.000,88.400,19.000,71.000,26.800,42.800,17.900,51.300,4.000,14.700,8.400,26.600,11.500,6.600
India,West Bengal,Medinipur East,"Calendar Year (Jan - Dec), 2019",73.800,70.400,59.300,48.100,4390.000,94.600,36.100,76.000,29.300,0.000,21.500,88.400,74.300,91.700,90.000,90.600,9.500,100.000,91.700,0.000,98.000,52.500,23.300,67.500,0.000,82.800,0.000,3.100,3.000,25.800,30.600,15.500,59.400,99.300,0.000,58.100,0.000,0.000,0.000,72.500,3.500,50.000,86.200,0.200,0.000,0.500,83.000,16.400,20.600,4.600,17.000,90.000,21.500,1.200,0.100,91.500,71.500,0.000,14.800,40.100,10.800,24.000,11.900,21.300,11.900,4.400,51.600,32.900,69.300,56.800,48.500,87.100,0.000,70.500,26.200,23.900,69.800,87.800,99.000,66.400,8.900,3.800,98.800,777.000,1031.000,20.900,12.300,4.100,2.000,12.900,22.000,78.400,57.600,77.000,27.400,66.200,16.500,30.900,8.800,21.300,11.000,18.100,9.600,4.700
India,Chhattisgarh,Gaurella Pendra Marwahi,"Calendar Year (Jan - Dec), 2019",63.900,58.500,58.500,50.300,2344.000,85.600,19.000,57.200,9.900,2.600,15.700,52.500,69.500,77.500,73.300,65.800,38.900,94.000,80.100,11.000,89.100,36.700,3.000,78.100,,62.700,11.800,4.400,10.900,25.700,28.000,24.000,33.600,94.200,,78.600,,,,72.100,5.500,56.000,63.500,0.300,0.300,0.200,71.000,33.700,19.900,8.100,42.200,98.600,60.400,3.000,0.300,79.400,55.800,0.100,33.900,40.000,6.500,12.700,5.300,28.600,19.200,8.100,30.000,9.200,52.500,46.900,75.700,84.600,,59.300,2.500,24.800,80.500,93.600,98.600,41.400,5.100,0.800,92.900,1070.000,1033.000,15.200,10.400,4.000,2.600,11.500,5.200,70.700,11.200,72.800,17.100,50.300,27.200,37.400,4.300,10.000,4.800,24.400,14.500,7.300
India,West Bengal,Murshidabad,"Calendar Year (Jan - Dec), 2019",73.000,77.600,85.400,64.900,2662.000,92.300,29.500,92.400,21.300,2.800,8.400,90.000,89.700,95.400,94.200,94.700,1.400,97.700,96.100,0.000,100.000,30.900,17.200,72.100,0.000,67.700,0.000,3.600,3.700,39.800,32.400,16.300,57.900,99.400,39.000,67.600,90.600,71.500,35.900,83.000,7.600,60.900,74.100,0.300,0.300,0.200,74.700,39.600,6.400,5.300,30.700,92.500,28.400,1.000,0.300,87.000,71.500,0.100,10.800,43.700,11.100,19.500,8.100,16.300,10.900,3.200,52.800,30.600,73.900,66.900,49.800,91.100,0.000,78.000,14.500,29.300,69.700,99.100,96.700,66.700,7.800,2.400,97.300,1054.000,1103.000,7.800,3.500,1.800,0.900,5.100,20.600,85.700,55.400,67.600,25.200,75.000,19.900,24.200,8.900,18.400,8.800,18.700,10.000,5.300
India,Tamil Nadu,Chennai,"Calendar Year (Jan - Dec), 2019",56.107,52.261,66.558,64.439,3853.353,100.000,48.695,62.388,40.932,0.927,15.877,92.375,95.918,97.404,96.350,94.371,49.286,99.316,96.120,23.351,76.649,46.641,12.092,57.204,,58.817,,7.297,6.711,19.945,21.435,17.789,69.179,97.887,,96.044,,,,11.819,1.859,79.094,97.405,6.675,8.883,1.731,90.091,56.763,22.089,0.000,95.915,93.513,58.176,4.655,0.060,100.000,63.390,0.299,19.492,11.650,9.370,22.575,10.207,32.922,20.583,8.045,82.783,68.403,78.862,87.686,93.315,90.333,,52.422,0.162,18.854,85.993,99.033,99.833,,4.233,1.719,96.628,888.993,1021.776,18.025,7.421,2.844,0.165,1.261,3.528,99.548,5.018,91.360,43.696,56.497,8.523,70.836,9.353,25.833,13.675,27.887,15.070,6.810
India,Bihar,Sheohar,"Calendar Year (Jan - Dec), 2019",64.300,61.600,65.600,49.700,2090.000,77.000,5.300,39.200,2.000,4.700,2.900,62.900,73.500,75.000,75.000,69.000,3.800,92.800,81.300,1.300,98.700,19.900,3.300,73.100,0.000,59.200,0.000,3.400,21.400,34.400,42.200,35.400,27.300,82.500,83.500,58.700,57.000,49.800,33.300,73.300,4.300,58.700,49.100,0.000,0.000,0.300,56.200,38.200,24.700,6.400,31.300,95.600,18.100,1.100,1.700,74.300,63.800,0.000,14.900,56.600,8.700,13.900,4.600,20.800,14.600,4.500,11.300,5.000,62.800,25.300,61.100,94.000,0.000,63.400,1.600,36.200,57.900,100.000,97.600,37.300,8.700,5.200,93.200,1017.000,1066.000,3.500,10.400,5.300,0.300,4.500,3.300,57.300,34.600,52.500,7.600,69.100,20.000,21.000,4.200,7.500,3.100,15.500,10.100,3.700
India,Uttar Pradesh,Etawah,"Calendar Year (Jan - Dec), 2019",65.600,57.400,71.000,48.900,1692.000,88.000,11.200,45.100,6.300,2.600,7.100,77.700,87.200,88.000,88.000,82.200,32.200,100.000,92.700,2.600,97.400,31.100,12.900,74.000,,73.900,0.000,2.600,6.200,38.800,24.300,13.900,30.400,74.300,57.600,79.500,62.800,39.600,44.500,68.800,26.900,65.400,49.000,0.000,0.200,0.200,74.600,14.400,27.500,3.100,48.600,77.200,17.900,1.100,1.400,85.200,70.100,0.100,16.900,45.500,5.200,10.200,4.100,19.700,15.400,3.400,28.700,13.100,67.900,43.700,79.300,93.600,,57.600,4.800,29.400,78.100,99.500,95.700,51.900,5.800,4.800,94.600,799.000,968.000,6.200,8.300,2.400,0.100,5.200,2.200,76.500,16.300,77.400,23.700,45.000,16.000,45.700,4.900,8.900,3.600,16.700,11.800,3.900
India,Gujarat,Porbandar,"Calendar Year (Jan - Dec), 2019",52.400,47.600,75.500,68.500,685.000,96.000,19.200,33.700,10.000,2.100,13.300,82.900,82.200,91.000,91.000,82.900,2.500,96.600,96.600,2.600,97.400,36.700,5.700,77.900,0.000,96.900,0.000,3.900,14.200,18.200,25.500,21.800,55.100,99.100,72.700,95.600,0.000,0.000,0.000,67.200,17.100,81.000,94.400,0.200,0.400,0.400,74.900,34.500,59.100,0.000,76.900,99.000,42.100,11.300,0.300,100.000,61.200,0.000,6.000,59.700,11.600,19.500,7.200,16.200,11.400,2.600,56.500,37.000,93.500,92.100,97.600,96.400,0.000,47.400,5.100,20.800,85.700,96.200,99.800,54.900,5.600,0.800,99.500,1045.000,1000.000,14.500,7.700,3.200,0.300,16.700,1.900,71.700,10.000,84.300,27.800,39.800,15.800,35.900,9.200,16.400,5.600,15.800,8.700,3.000
India,Punjab,Malerkotla,"Calendar Year (Jan - Dec), 2019",62.700,52.600,57.000,48.200,5693.000,97.700,36.200,45.300,34.000,2.000,3.400,89.600,92.600,93.700,91.300,95.800,71.500,95.700,95.900,5.400,94.600,27.700,14.500,66.900,,64.900,,2.700,3.800,23.400,18.100,10.400,65.300,98.400,,87.900,,,,52.000,17.900,82.800,86.200,0.700,2.600,0.500,73.500,23.300,19.400,4.500,69.800,95.300,18.700,4.300,0.000,94.700,58.800,0.000,22.000,12.700,5.400,12.600,6.500,41.800,26.200,13.400,48.600,35.500,66.500,47.700,86.600,85.900,,52.700,2.700,21.200,92.400,99.700,99.600,49.400,6.400,6.600,96.500,798.000,937.000,7.800,12.300,3.400,0.300,0.600,1.400,89.800,8.000,78.300,37.600,70.300,14.100,54.400,3.300,11.200,7.000,32.900,19.100,9.500
India,Maharashtra,Nagpur,"Calendar Year (Jan - Dec), 2019",57.900,53.600,84.100,81.200,3249.000,96.600,33.700,41.400,28.900,0.900,4.600,89.400,87.400,95.100,88.300,94.700,9.600,100.000,94.500,20.700,79.300,39.000,33.100,70.500,0.000,95.600,0.000,10.100,20.000,27.600,33.900,34.000,68.400,97.700,0.000,90.800,0.000,0.000,0.000,65.000,14.000,62.400,92.400,0.300,0.800,0.700,86.500,61.000,39.500,0.000,96.000,97.600,25.600,3.500,0.400,100.000,61.900,0.600,17.800,40.200,7.000,12.800,4.300,18.300,13.200,2.400,57.100,42.000,78.100,71.400,91.400,92.800,0.000,54.000,1.700,20.900,88.900,99.500,99.500,0.000,4.000,3.900,96.600,926.000,971.000,4.600,4.200,2.600,0.400,5.000,0.900,88.500,7.100,94.600,13.400,46.100,17.100,67.600,6.000,10.700,3.900,21.300,13.200,3.600
India,Mizoram,Serchhip,"Calendar Year (Jan - Dec), 2019",30.127,31.929,40.223,39.640,6364.686,96.540,13.504,0.157,12.634,1.295,12.295,84.526,92.639,84.901,84.427,85.800,0.081,89.876,86.018,0.000,100.000,28.400,1.624,43.079,0.000,65.724,0.000,8.789,4.488,31.550,14.297,8.544,59.290,100.000,60.605,43.243,0.000,0.000,0.000,41.352,1.833,60.197,93.444,1.450,7.753,0.769,96.560,15.891,17.480,0.691,81.685,98.742,58.786,2.639,0.007,95.986,90.363,0.000,22.304,74.225,7.257,13.864,5.624,17.806,12.550,3.165,72.902,11.978,77.532,60.345,85.397,85.038,0.000,31.566,19.344,28.861,98.157,97.700,99.300,42.179,3.133,0.299,99.322,1068.217,980.162,11.833,15.730,11.692,0.450,62.839,3.068,93.231,7.289,99.493,23.904,47.587,5.902,43.316,7.003,14.161,5.785,11.794,7.748,2.587
India,Karnataka,Tumakuru,"Calendar Year (Jan - Dec), 2019",47.900,49.300,77.000,75.800,4533.000,93.100,52.100,64.800,45.800,0.000,12.200,97.700,93.500,100.000,97.400,100.000,2.700,100.000,97.700,0.000,100.000,42.800,2.000,67.600,0.000,96.800,0.000,6.100,3.100,40.300,26.700,10.900,33.000,98.700,0.000,90.200,0.000,0.000,0.000,0.000,4.400,76.100,92.800,0.200,0.500,0.200,72.300,60.900,59.400,0.000,85.300,94.700,31.000,5.100,0.600,100.000,66.900,0.000,18.800,26.700,7.400,19.900,11.000,34.000,22.300,9.400,61.800,27.900,68.600,80.400,95.200,92.700,0.000,48.900,2.400,21.200,86.100,96.200,99.600,0.000,4.500,1.600,99.300,1133.000,1085.000,15.500,5.300,4.400,0.800,9.800,4.700,94.500,24.800,81.900,30.400,48.100,15.200,58.900,5.600,15.400,8.100,27.400,16.300,6.500
India,Meghalaya,West Garo Hills,"Calendar Year (Jan - Dec), 2019",62.000,55.300,44.100,39.900,3235.000,87.500,8.400,0.000,8.200,0.300,14.600,77.100,78.600,84.800,78.500,84.100,5.000,100.000,87.400,0.000,100.000,5.300,20.200,30.200,0.000,68.200,2.100,5.200,4.700,39.500,26.300,14.900,47.200,92.900,0.000,67.200,0.000,0.000,0.000,78.200,4.100,58.100,65.800,0.200,0.000,0.000,88.700,6.700,32.000,3.200,47.600,88.500,77.900,9.500,1.600,89.600,85.100,0.000,38.800,58.300,15.900,24.600,7.900,24.700,17.200,3.400,48.200,14.900,65.100,48.000,70.900,91.300,0.000,57.200,17.400,30.800,86.300,83.700,94.700,26.700,7.800,3.500,97.600,1396.000,1025.000,17.200,19.700,9.200,2.100,17.600,1.000,79.600,10.400,89.000,7.200,74.000,7.700,45.100,7.600,12.100,3.300,17.400,11.500,2.700
India,Uttar Pradesh,Moradabad,"Calendar Year (Jan - Dec), 2019",43.400,44.900,69.800,47.700,5877.000,85.600,22.500,43.000,13.100,4.300,9.100,84.500,90.600,90.200,85.900,84.500,61.200,97.200,89.100,1.300,96.100,18.000,10.100,67.600,,74.100,3.400,2.300,9.800,34.700,27.000,19.100,17.000,74.400,56.000,74.700,72.900,60.300,31.500,71.000,30.700,77.400,58.900,0.800,0.800,0.400,67.600,10.200,20.900,5.300,58.300,95.100,17.100,0.500,0.700,80.300,40.000,0.000,13.800,32.600,8.100,12.900,3.800,25.600,18.300,6.200,17.200,2.900,73.700,33.200,76.100,95.100,24.800,45.500,5.500,29.400,79.000,99.800,96.000,33.600,7.000,2.200,97.600,1022.000,1002.000,12.900,6.900,2.900,0.300,3.600,1.500,78.500,9.600,66.700,17.000,69.700,13.400,42.600,5.200,9.500,3.900,21.300,13.600,6.400
India,Gujarat,Valsad,"Calendar Year (Jan - Dec), 2019",85.800,75.700,76.100,61.900,958.000,98.500,16.900,23.600,10.500,1.700,14.500,91.100,92.500,92.500,89.400,95.300,5.200,98.500,93.900,8.300,91.700,30.700,20.300,87.600,0.000,95.700,0.000,0.300,9.100,37.800,34.800,23.200,29.100,96.800,49.900,93.200,0.000,0.000,0.000,96.200,11.900,70.500,98.000,0.400,0.100,0.100,79.000,45.400,52.700,2.000,73.100,95.700,40.600,2.000,0.300,96.500,44.700,0.000,17.900,32.300,6.800,17.200,9.500,29.300,20.100,7.200,76.500,59.100,88.300,92.500,95.000,97.500,0.000,75.800,0.700,25.200,85.300,98.000,98.600,71.000,4.900,0.600,100.000,1020.000,1009.000,16.000,9.300,5.500,1.500,5.300,6.500,84.900,19.400,82.900,21.300,53.300,23.800,45.600,7.300,13.600,5.400,23.800,15.500,5.100
India,Karnataka,Yadgir,"Calendar Year (Jan - Dec), 2019",61.800,57.300,64.000,63.700,4386.000,93.000,14.300,45.000,7.200,3.500,12.400,82.600,84.600,91.000,90.100,85.300,1.600,97.200,89.300,2.400,97.600,24.600,6.200,76.000,0.000,77.300,0.000,2.300,7.200,57.600,45.200,17.700,47.100,92.700,54.700,72.200,0.000,0.000,0.000,80.800,1.100,65.000,74.200,0.100,0.000,0.200,51.900,57.600,23.100,2.900,48.800,76.300,16.700,1.700,0.300,93.300,73.400,0.100,19.400,31.800,6.500,13.100,5.900,18.000,11.200,4.500,29.600,10.800,57.400,63.600,73.300,79.400,0.000,57.100,2.100,29.200,37.400,95.200,99.000,61.100,5.100,0.600,97.900,922.000,1020.000,13.400,7.500,5.900,1.100,14.600,6.900,67.900,33.200,48.100,18.800,32.400,26.000,26.400,3.600,7.700,3.600,17.500,10.600,4.500
India,Chhattisgarh,Janjgir-Champa,"Calendar Year (Jan - Dec), 2019",67.900,66.300,74.800,66.300,2597.000,91.600,22.800,66.600,13.100,1.500,5.000,85.500,86.800,89.500,92.600,90.700,30.900,94.100,92.900,5.300,94.700,50.500,7.000,74.100,,86.600,8.300,6.600,12.000,32.500,30.200,24.600,31.400,96.000,75.700,82.600,,,,87.800,7.800,70.200,76.200,0.000,0.000,0.200,67.700,47.600,16.500,8.400,24.800,99.400,74.000,2.100,1.000,86.200,64.700,0.400,31.300,40.400,5.100,11.200,5.000,28.300,18.100,9.100,34.200,21.500,63.100,62.800,85.900,90.900,,66.600,2.100,25.300,78.800,97.200,99.500,60.000,6.200,2.100,97.600,795.000,999.000,4.800,6.300,1.900,1.300,14.800,3.500,78.400,10.200,74.900,12.800,52.700,21.500,37.300,4.100,9.000,4.100,21.600,15.100,5.100
India,Maharashtra,Amravati,"Calendar Year (Jan - Dec), 2019",64.800,53.400,79.200,77.700,3557.000,89.700,30.200,58.900,22.700,2.200,11.300,92.500,92.500,95.900,89.100,92.500,2.100,100.000,95.900,0.000,100.000,40.200,24.400,74.400,0.000,85.000,0.000,2.200,10.700,29.000,38.000,26.200,54.700,97.100,80.500,79.400,68.100,61.500,20.500,78.500,14.400,52.800,89.500,0.000,0.500,0.000,86.200,56.400,20.000,1.800,71.700,98.500,31.900,1.300,0.300,91.300,65.400,1.300,18.400,40.800,7.100,13.100,4.900,18.700,12.000,4.100,38.100,23.700,89.100,71.700,80.200,93.800,0.000,53.600,3.700,21.100,75.700,95.800,99.100,43.300,11.600,5.200,99.100,1090.000,994.000,13.400,4.600,2.500,0.900,9.000,3.600,83.000,9.800,87.800,20.300,34.600,20.500,55.000,5.100,10.300,4.500,19.800,10.900,4.800
India,Tamil Nadu,Tenkasi,"Calendar Year (Jan - Dec), 2019",54.345,51.074,69.767,64.391,3279.481,100.000,60.076,68.044,51.309,1.182,0.245,93.401,95.568,95.568,93.401,93.401,72.494,97.735,97.735,9.164,90.836,41.568,12.772,49.986,,68.910,,3.745,3.169,29.263,22.674,12.096,50.932,99.992,,93.063,,,,,2.718,77.602,98.204,5.442,18.673,0.203,84.433,55.355,23.580,0.000,87.942,89.886,61.247,5.024,0.302,100.000,47.380,0.197,17.364,16.333,7.633,22.346,13.406,25.540,15.527,6.416,87.380,65.574,84.116,84.935,92.929,90.774,,51.573,0.005,22.082,79.794,98.083,99.508,,2.732,0.011,98.030,935.917,1109.030,8.868,7.115,3.689,0.005,0.711,4.248,97.233,10.673,85.644,40.249,58.786,13.476,54.280,6.726,21.015,12.386,22.136,12.841,5.791
India,Sikkim,West District,"Calendar Year (Jan - Dec), 2019",45.700,42.700,88.200,70.800,5361.000,99.300,28.000,0.000,25.400,0.000,29.000,96.900,93.200,98.500,95.300,98.500,0.000,96.900,98.500,0.000,100.000,59.200,28.200,67.100,0.000,72.200,0.000,6.500,12.200,25.200,19.300,21.100,56.200,97.600,0.000,67.800,0.000,0.000,0.000,0.000,9.200,69.100,83.100,0.500,0.500,0.700,81.800,8.000,19.800,0.000,69.800,98.100,19.900,11.000,1.800,99.300,89.900,3.000,50.900,44.900,7.000,13.600,6.100,45.100,30.400,13.700,48.600,17.300,75.800,70.400,63.600,95.900,0.000,42.600,33.000,19.200,88.900,89.900,98.800,0.000,3.300,2.100,96.400,685.000,959.000,28.400,4.300,1.100,20.500,8.900,2.500,92.400,14.100,85.700,24.500,83.400,3.000,43.900,3.500,7.400,3.700,32.700,23.000,8.900
India,Karnataka,Kolar,"Calendar Year (Jan - Dec), 2019",46.900,43.600,72.700,71.900,3188.000,99.300,42.100,66.100,35.000,0.900,20.100,86.300,86.300,89.000,86.900,90.600,6.400,100.000,86.300,9.200,90.800,40.100,17.000,57.900,0.000,87.500,0.000,5.300,5.800,31.100,15.700,15.500,42.600,99.600,0.000,95.000,0.000,0.000,0.000,0.000,0.800,71.700,92.800,0.400,5.000,0.200,71.600,65.400,44.500,0.000,89.900,94.700,33.900,4.200,0.500,99.600,76.100,0.000,12.800,19.200,6.100,15.100,8.100,27.900,17.900,8.700,60.200,39.500,78.000,90.900,95.700,97.100,0.000,43.800,0.500,21.800,89.200,98.500,99.500,37.900,3.600,1.500,99.100,919.000,1030.000,21.700,5.100,3.500,0.300,13.000,9.000,93.700,26.700,78.300,27.900,47.500,17.800,55.000,4.400,12.500,7.500,24.300,13.200,9.000
India,Chhattisgarh,Surguja,"Calendar Year (Jan - Dec), 2019",54.300,58.300,55.200,49.100,1455.000,89.400,10.200,49.000,5.900,3.200,10.400,84.600,89.000,89.500,86.100,87.900,61.300,96.400,96.900,2.800,97.200,27.500,2.800,51.400,,86.300,5.800,1.300,7.600,29.400,30.600,17.500,32.300,97.200,87.200,79.100,,,,,2.400,82.700,81.600,0.000,0.000,0.200,66.300,38.500,30.800,4.300,24.500,99.400,65.100,2.200,0.300,85.300,73.300,0.200,40.600,49.300,5.000,12.500,7.100,37.500,23.600,12.500,54.500,38.200,70.400,57.700,83.400,95.400,,58.800,1.100,27.500,75.800,96.400,99.300,46.400,2.600,0.300,97.700,1139.000,1036.000,9.900,15.000,5.400,12.100,24.000,6.400,63.000,18.100,71.000,15.300,51.500,26.800,37.700,4.300,9.000,4.200,28.500,16.700,9.800
India,Madhya Pradesh,Katni,"Calendar Year (Jan - Dec), 2019",61.000,58.700,72.400,64.100,1019.000,93.300,5.100,,1.900,3.000,6.900,86.000,77.900,90.500,90.500,93.000,75.900,95.800,97.500,0.000,100.000,35.000,6.300,78.700,,69.700,,1.700,10.600,49.500,44.000,21.800,56.500,96.800,76.300,83.700,,,,45.600,6.300,55.600,60.300,0.400,0.000,0.000,71.400,50.800,27.300,3.800,29.500,85.300,18.100,1.000,0.500,91.800,84.400,1.100,18.800,57.400,9.800,16.000,5.300,20.800,16.500,3.200,52.800,25.300,73.600,52.900,82.200,95.800,,59.200,2.200,25.300,53.500,94.000,97.900,44.500,9.100,4.300,98.900,958.000,979.000,8.200,6.000,3.200,0.400,11.700,1.700,55.500,17.200,67.200,16.400,57.700,18.100,32.500,5.100,9.300,4.100,18.500,13.100,4.100
India,Bihar,Bhojpur,"Calendar Year (Jan - Dec), 2019",72.700,73.600,63.900,47.900,2214.000,87.500,12.600,37.400,5.200,4.200,8.400,61.900,80.600,80.600,80.900,64.100,3.600,98.400,85.700,0.800,97.800,24.100,16.200,67.700,0.000,39.900,0.000,2.200,13.000,40.700,44.000,31.300,25.500,70.700,33.800,62.400,61.700,49.200,45.300,81.900,4.100,45.000,44.600,0.300,0.500,0.300,67.900,37.700,17.500,2.300,42.900,92.200,9.600,2.200,0.700,86.900,61.800,0.600,17.800,43.700,9.600,17.000,6.500,14.500,10.300,1.800,15.500,6.200,42.700,33.500,56.100,93.800,0.000,73.900,2.200,34.200,45.900,99.700,97.900,68.300,11.800,1.400,93.300,872.000,1003.000,7.700,11.800,5.100,0.500,2.400,5.300,60.800,31.200,64.100,20.800,51.400,23.100,34.600,6.800,14.000,6.600,13.900,8.300,2.700
India,Gujarat,Morbi,"Calendar Year (Jan - Dec), 2019",62.000,50.700,73.300,58.700,1370.000,96.400,20.200,28.700,5.500,1.700,9.900,64.200,73.500,83.100,81.900,67.100,3.900,95.900,79.700,21.700,78.300,25.400,0.000,75.300,0.000,82.600,0.000,4.000,12.500,32.900,32.300,25.200,47.100,96.100,75.100,87.800,0.000,0.000,0.000,0.000,16.900,82.000,100.000,0.000,0.200,0.000,70.500,26.700,44.400,2.400,73.600,98.100,34.400,9.700,0.200,94.800,30.100,0.200,1.900,54.700,10.400,18.700,7.500,15.100,9.000,3.300,55.800,43.000,89.800,75.100,89.900,90.000,0.000,50.700,5.000,22.600,80.100,98.300,99.900,50.100,3.700,0.900,96.700,858.000,981.000,10.200,10.200,5.700,0.200,7.300,3.400,66.200,8.900,82.400,24.600,38.800,21.200,35.400,9.700,17.800,7.100,18.400,9.300,4.200
India,Karnataka,Bagalkote,"Calendar Year (Jan - Dec), 2019",50.700,48.000,65.300,65.300,4576.000,91.400,31.000,60.000,14.200,2.000,5.100,78.600,79.500,92.000,84.700,84.000,0.000,95.500,93.100,1.200,98.800,24.000,7.100,63.800,0.000,73.000,0.000,2.400,4.400,48.300,42.300,16.900,30.200,97.800,50.400,86.700,0.000,0.000,0.000,79.100,1.200,51.100,76.800,0.200,0.600,0.200,67.300,59.200,15.800,2.800,56.600,81.300,22.300,2.200,0.300,95.200,57.100,0.000,14.800,33.700,6.000,12.800,5.900,21.000,13.200,4.900,32.300,21.200,78.200,76.200,89.000,94.200,0.000,47.900,2.200,26.500,51.300,99.200,98.900,49.500,4.300,3.100,98.700,879.000,1007.000,6.100,5.800,4.000,0.600,10.700,6.900,65.900,38.700,69.700,28.600,40.500,17.100,37.700,5.400,11.800,5.400,19.100,11.100,3.800
India,Jammu And Kashmir,Reasi,"Calendar Year (Jan - Dec), 2019",74.600,62.900,56.900,51.700,4046.000,73.300,23.000,0.000,33.100,1.700,17.300,79.100,86.600,86.600,88.400,80.800,0.000,90.500,86.600,0.000,100.000,28.900,0.000,69.700,0.000,71.200,0.000,16.300,5.300,17.700,11.700,13.000,55.600,78.000,58.900,63.600,0.000,0.000,0.000,0.000,12.300,56.000,66.900,0.000,0.000,0.000,66.900,21.800,8.000,4.800,35.200,92.300,11.200,4.800,2.500,69.300,66.600,0.300,10.300,41.700,3.800,7.100,1.900,17.600,13.300,1.100,32.600,21.800,83.400,75.900,64.700,86.500,0.000,65.100,9.600,30.700,62.700,76.500,99.900,40.300,0.900,0.900,92.900,1000.000,967.000,17.200,7.500,4.100,0.100,4.000,2.200,59.700,9.600,68.200,22.700,75.900,4.300,41.900,4.200,7.100,1.600,15.400,11.000,1.200
India,Bihar,Bhagalpur,"Calendar Year (Jan - Dec), 2019",73.900,73.000,57.400,46.800,2975.000,77.500,11.500,33.600,5.900,3.400,5.400,66.800,81.000,91.100,89.200,73.400,15.600,96.000,91.800,8.300,84.700,51.900,17.400,78.700,0.000,46.200,1.900,2.800,8.300,40.000,40.400,21.200,33.400,74.100,52.600,60.500,76.200,73.700,23.600,69.500,9.100,39.900,26.400,1.200,1.600,1.300,65.100,31.900,31.200,6.300,49.200,85.200,16.300,0.000,1.600,77.200,52.100,0.000,21.200,47.300,8.500,16.300,7.300,14.700,8.800,3.100,28.000,16.800,53.300,27.600,54.000,89.900,19.900,73.700,3.400,35.100,60.900,98.000,94.500,63.700,10.900,1.100,85.400,879.000,986.000,8.100,12.800,6.500,0.200,2.400,14.300,75.600,42.400,65.600,19.400,70.100,22.900,35.100,7.500,15.600,7.100,13.300,7.000,3.200
India,Chhattisgarh,Sukma,"Calendar Year (Jan - Dec), 2019",77.900,78.400,53.700,51.400,473.000,84.800,3.200,,3.800,1.800,21.500,73.300,76.800,80.100,78.500,80.100,51.600,95.000,76.800,0.000,100.000,10.500,1.500,91.400,,80.400,13.500,6.500,9.900,41.800,37.400,21.200,38.000,91.900,85.800,79.900,,,,57.100,8.200,94.500,53.200,0.200,0.200,0.200,45.900,25.600,45.500,6.400,14.400,99.000,78.100,6.600,0.000,81.200,80.800,3.600,54.200,61.700,4.500,6.500,1.500,18.100,15.800,1.800,27.600,19.800,58.900,74.000,80.600,96.300,,79.000,4.200,29.600,35.500,96.000,98.300,65.800,4.900,1.800,98.400,925.000,1078.000,20.900,7.600,4.000,32.200,44.500,2.700,48.300,18.900,39.800,3.800,68.600,34.500,15.900,4.300,6.000,1.300,14.500,10.500,2.700
India,Maharashtra,Raigad,"Calendar Year (Jan - Dec), 2019",61.100,54.200,73.600,70.900,1676.000,97.600,26.100,38.900,18.000,1.300,3.600,92.300,88.300,94.600,91.900,92.300,12.800,97.800,97.800,7.400,92.600,37.100,16.700,67.000,0.000,73.800,0.000,2.100,8.300,35.800,34.100,19.100,52.400,99.700,0.000,92.900,0.000,0.000,0.000,82.400,11.600,64.700,95.300,0.600,1.000,0.400,73.700,55.100,22.400,1.100,83.300,80.300,26.300,1.500,0.200,96.600,54.800,0.000,18.700,31.800,6.500,13.500,6.100,0.000,18.300,5.400,61.600,42.600,83.800,83.100,93.000,96.600,0.000,53.800,2.200,21.300,74.800,87.800,97.900,65.700,3.800,2.600,98.400,871.000,1003.000,5.900,6.100,3.400,0.400,16.200,7.500,89.600,16.000,79.200,23.100,59.300,21.800,45.000,5.100,11.500,5.400,24.800,14.800,6.100
India,Maharashtra,Chandrapur,"Calendar Year (Jan - Dec), 2019",61.700,55.500,80.100,78.100,2109.000,96.500,20.800,41.700,17.300,1.700,8.800,95.000,87.600,100.000,93.300,97.500,5.200,100.000,97.500,9.700,87.200,46.600,17.400,76.600,0.000,86.800,0.000,7.600,21.800,37.300,46.600,38.500,65.500,98.100,0.000,97.000,0.000,0.000,0.000,72.700,11.900,57.400,92.400,0.200,1.000,0.600,78.900,60.100,39.100,0.400,85.100,97.400,28.900,3.100,0.300,99.600,85.200,1.600,20.800,49.100,6.300,11.300,3.800,20.600,14.000,4.100,69.200,53.300,76.600,68.500,92.300,94.000,0.000,55.900,1.000,19.600,77.300,96.500,98.900,0.000,5.700,7.300,100.000,1025.000,974.000,6.800,4.500,2.700,0.500,11.300,3.100,84.100,9.000,87.800,9.400,43.500,26.500,57.500,5.200,8.800,2.400,20.700,12.400,4.800
India,Madhya Pradesh,Ujjain,"Calendar Year (Jan - Dec), 2019",62.900,54.500,75.400,72.900,2650.000,90.300,14.800,53.300,8.800,1.600,13.700,93.700,96.400,97.100,91.700,93.700,74.000,100.000,95.600,3.200,96.800,47.800,16.900,81.600,,88.500,,2.800,12.600,34.700,36.200,29.800,39.300,96.400,,84.000,,,,70.700,11.800,80.400,86.300,0.200,0.700,0.400,68.900,56.100,18.300,0.900,60.700,98.700,35.700,0.900,0.100,97.100,83.000,0.400,15.700,38.100,6.000,10.800,4.000,25.000,17.300,6.100,64.800,39.500,67.000,60.300,84.500,94.800,,54.800,3.100,23.700,72.800,94.700,99.300,47.000,7.400,7.700,97.300,958.000,957.000,11.200,6.400,4.200,0.800,4.700,5.100,74.400,33.400,64.300,15.200,23.800,21.100,29.000,4.300,8.200,2.800,23.300,14.500,6.100
India,Nagaland,Mon,"Calendar Year (Jan - Dec), 2019",46.000,30.200,68.700,55.600,2965.000,30.900,1.400,0.000,2.300,2.600,1.700,62.400,69.400,79.100,70.900,72.200,2.800,87.100,83.400,0.000,97.000,30.600,4.500,39.400,0.000,46.200,0.500,3.200,0.500,35.500,23.300,7.800,53.100,71.400,48.400,22.400,0.000,0.000,0.000,0.000,2.200,79.800,50.900,0.300,0.300,0.000,79.400,12.600,11.200,9.500,13.000,99.500,39.300,31.800,1.100,21.400,20.200,0.000,23.700,52.400,7.400,13.000,5.500,35.700,25.300,10.000,10.600,6.400,44.600,9.700,25.600,78.000,0.000,30.400,7.200,23.500,86.400,86.700,96.400,27.000,4.700,1.600,95.800,775.000,1006.000,5.800,3.700,0.600,0.200,6.900,2.800,66.500,3.000,78.200,9.400,73.800,8.700,24.300,5.200,9.000,3.700,20.400,13.100,7.100
India,Haryana,Hisar,"Calendar Year (Jan - Dec), 2019",63.600,63.800,74.400,64.600,975.000,98.800,18.200,23.700,12.800,3.400,3.000,85.500,90.600,95.400,95.400,87.000,97.100,100.000,97.100,4.700,94.200,38.900,3.300,70.500,,64.000,,1.800,5.100,27.800,21.400,16.400,47.100,98.800,66.100,93.600,,,,,13.100,69.600,82.600,0.000,0.000,0.200,69.300,42.900,24.400,0.900,44.800,95.800,27.900,4.900,0.500,98.200,46.100,0.300,14.200,34.500,8.200,16.700,7.900,28.600,17.300,9.000,54.400,34.400,91.200,69.900,93.300,97.800,,64.000,2.600,25.800,89.100,99.300,99.700,58.700,4.700,2.200,99.400,856.000,939.000,2.600,8.900,3.100,0.200,1.800,3.600,96.400,8.900,77.700,30.200,56.400,18.500,43.900,7.100,12.600,5.000,19.400,9.500,6.600
India,Odisha,Bhadrak,"Calendar Year (Jan - Dec), 2019",69.900,64.000,72.000,50.400,5596.000,97.200,28.700,83.900,13.800,1.300,22.600,83.700,88.700,97.200,97.200,85.400,85.800,95.400,97.200,0.000,100.000,49.800,18.600,68.700,,89.700,,4.500,7.500,32.300,28.900,15.800,56.600,91.000,86.500,94.400,71.500,68.000,43.500,62.900,3.900,67.800,69.000,0.400,1.500,0.000,81.200,28.500,14.300,2.300,22.900,98.800,44.900,1.100,0.300,96.100,74.000,0.000,18.000,59.800,7.000,17.500,9.200,26.100,17.000,5.900,53.700,27.100,75.900,74.900,89.000,94.200,,63.800,15.400,26.800,62.000,100.000,97.800,70.400,13.800,7.900,99.600,980.000,1150.000,23.100,11.800,5.300,0.300,34.100,7.200,86.900,10.400,80.100,18.300,58.800,24.700,37.000,6.500,13.700,5.800,21.700,12.500,5.100
India,Kerala,Ernakulam,"Calendar Year (Jan - Dec), 2019",30.100,31.700,69.700,61.500,4940.000,100.000,51.100,50.000,56.600,1.000,11.900,82.600,96.900,91.400,91.400,82.600,8.900,97.900,92.700,6.700,93.400,15.100,37.700,36.400,0.000,88.200,0.000,5.400,7.400,22.000,19.400,17.100,71.000,98.000,0.000,94.200,0.000,0.000,0.000,89.600,6.100,79.900,98.700,2.000,2.900,0.700,97.200,51.900,12.900,0.500,88.400,99.300,46.200,1.500,0.000,99.100,23.200,0.000,25.000,15.300,9.500,25.500,11.500,30.200,18.100,5.500,82.800,70.600,92.600,82.200,96.100,96.500,0.000,32.100,0.300,18.800,99.300,98.200,100.000,0.000,1.800,2.400,90.900,1034.000,1046.000,11.300,10.700,6.800,0.500,1.400,0.000,94.500,2.900,99.300,39.600,74.200,8.000,83.800,9.300,25.800,11.800,29.600,15.700,5.000
India,Jharkhand,Pakur,"Calendar Year (Jan - Dec), 2019",78.000,79.700,55.400,45.400,1644.000,74.200,5.400,45.900,3.900,2.400,8.400,69.400,69.500,84.100,84.100,73.400,77.400,95.400,84.000,0.000,97.900,29.400,2.100,72.100,,56.600,2.600,1.900,5.900,51.300,51.400,23.600,25.400,80.400,73.100,60.000,,,,65.900,2.900,36.500,39.100,0.000,0.000,0.000,53.100,32.500,22.300,9.900,16.900,97.000,52.500,0.700,0.500,64.600,57.600,0.200,34.500,50.800,10.400,19.700,8.700,20.200,13.800,5.400,16.500,3.300,71.600,26.600,61.600,91.900,,80.400,6.400,36.300,38.300,88.600,91.700,67.500,4.300,1.200,91.000,925.000,1074.000,8.100,12.000,6.000,5.100,5.800,14.400,66.400,43.400,41.400,8.000,49.700,34.400,13.600,7.900,13.300,5.100,17.100,10.100,5.700
India,Madhya Pradesh,Jhabua,"Calendar Year (Jan - Dec), 2019",63.700,58.800,76.000,71.600,1132.000,94.200,7.000,44.100,4.600,7.100,16.300,88.900,92.200,94.600,94.600,93.100,85.500,98.700,93.600,0.000,100.000,45.300,0.700,80.100,,71.000,,1.100,5.600,49.300,41.700,17.900,36.500,90.300,67.300,87.700,,,,,5.400,84.200,75.400,0.700,1.600,1.100,45.900,58.800,38.200,1.700,17.500,96.100,43.700,1.000,0.000,92.900,86.100,0.200,22.000,35.200,6.600,11.200,4.500,23.700,18.200,5.000,50.300,38.600,92.900,63.600,86.500,96.000,13.600,58.700,1.800,38.900,57.600,85.200,98.900,60.300,2.500,1.300,97.700,1156.000,1061.000,15.700,5.800,2.400,1.100,4.200,6.700,50.400,36.500,37.100,11.600,44.500,29.200,16.000,5.700,9.300,3.300,23.500,16.900,5.500
India,Chhattisgarh,Mahasamund,"Calendar Year (Jan - Dec), 2019",63.000,63.000,71.400,64.200,2077.000,96.300,10.200,31.700,5.200,1.100,16.900,82.100,86.300,87.400,86.500,86.200,22.900,98.200,92.200,1.800,98.300,30.100,6.100,75.800,,88.500,,3.400,3.600,36.800,25.800,14.000,41.700,98.500,82.100,87.200,,,,61.100,2.600,82.600,75.600,0.200,0.500,0.400,68.600,51.000,22.600,4.000,30.400,98.900,76.200,2.500,0.000,92.900,72.600,0.900,30.300,43.200,4.400,8.500,3.400,21.400,14.300,5.300,35.100,18.900,69.400,65.800,89.100,92.300,,63.400,2.700,24.000,84.200,98.800,98.400,56.500,5.100,2.400,98.900,1077.000,1057.000,15.700,5.500,2.600,3.700,23.700,1.200,61.400,9.500,70.600,12.600,63.100,21.300,31.200,4.100,7.600,3.000,17.900,11.700,4.300
India,Meghalaya,South West Garo Hills,"Calendar Year (Jan - Dec), 2019",67.300,62.500,36.700,32.300,2666.000,88.300,2.400,0.000,2.900,0.300,32.100,85.400,90.100,90.900,89.500,91.100,13.400,98.600,92.100,0.000,100.000,25.700,7.800,35.500,0.000,53.000,3.700,3.300,7.100,32.200,26.400,19.900,54.500,87.700,0.000,55.100,85.900,89.500,46.400,70.700,6.200,82.900,71.400,0.000,0.000,0.000,81.700,3.500,24.200,4.900,33.900,74.500,75.100,5.500,1.000,83.700,83.700,0.000,30.600,52.400,12.400,16.700,4.300,20.000,14.500,2.700,28.300,11.000,57.000,28.500,60.600,80.700,0.000,63.600,14.900,30.300,71.400,58.600,95.500,37.800,7.900,7.500,99.000,1036.000,995.000,30.000,30.400,16.700,1.200,11.100,6.300,66.800,15.300,82.600,9.000,71.500,8.500,33.000,8.900,12.900,3.500,13.600,8.000,2.100
India,Punjab,Tarn Taran,"Calendar Year (Jan - Dec), 2019",71.000,61.700,73.700,60.700,3104.000,95.400,36.700,58.200,22.100,2.200,5.100,81.800,87.600,92.600,90.700,83.500,57.700,96.400,89.400,0.000,96.400,32.000,3.100,70.500,,71.300,,4.500,3.600,23.800,14.400,11.300,40.600,99.100,43.700,83.300,,,,,23.700,80.600,96.400,0.000,0.300,0.700,68.600,32.600,19.200,0.900,66.200,97.300,25.000,2.300,0.000,96.000,53.200,0.500,23.400,6.800,4.600,10.300,5.300,36.100,22.900,10.700,55.600,41.100,66.400,60.300,85.500,92.700,6.100,61.900,1.200,25.800,82.000,95.600,99.700,,0.900,0.300,99.000,890.000,978.000,5.600,8.000,4.100,0.500,0.100,5.200,92.000,10.700,66.000,39.000,81.800,12.500,40.400,5.000,12.200,6.800,31.100,18.800,9.300
India,Manipur,Churachandpur,"Calendar Year (Jan - Dec), 2019",28.700,32.000,61.800,22.600,10646.000,80.000,9.600,23.600,8.500,3.600,23.700,64.900,78.900,76.500,68.200,77.400,11.700,88.900,71.900,5.600,91.700,20.500,22.700,41.100,0.000,36.400,0.700,4.500,5.800,25.100,9.800,12.100,58.500,87.400,76.900,56.800,0.000,0.000,0.000,41.500,5.500,48.100,52.500,0.500,0.600,0.400,84.000,5.600,5.000,7.100,62.300,99.100,18.200,6.300,0.200,72.900,50.400,0.000,38.100,73.800,7.100,15.200,6.900,25.200,17.000,5.800,28.500,11.900,69.000,61.300,58.200,79.500,0.000,31.000,4.100,34.100,81.200,62.500,94.000,51.800,4.000,1.300,78.100,1057.000,1144.000,23.600,8.700,4.200,1.200,62.100,7.500,87.400,10.500,84.200,28.000,54.700,7.100,36.600,7.000,13.500,5.600,16.300,9.700,4.600
India,Bihar,Vaishali,"Calendar Year (Jan - Dec), 2019",69.600,63.100,45.800,41.000,2571.000,84.800,9.500,39.900,3.400,4.600,12.100,71.000,84.200,85.000,72.700,74.800,5.300,97.400,82.300,1.000,98.100,13.200,24.900,77.100,0.000,55.800,2.100,3.800,6.500,38.300,38.400,19.600,27.600,81.500,47.000,64.300,69.900,54.900,18.200,61.400,1.900,47.400,44.100,0.400,0.200,0.800,64.500,36.500,18.500,6.500,40.900,86.200,13.500,0.900,0.700,81.600,63.100,0.000,19.200,46.300,8.100,17.100,7.000,19.600,10.200,3.700,14.800,6.800,46.700,24.500,57.400,80.800,0.000,62.900,0.800,34.700,52.600,99.200,96.500,66.800,15.000,3.900,88.500,1118.000,1069.000,11.700,16.700,8.300,0.400,3.900,8.100,68.200,44.900,62.400,16.900,61.800,26.100,34.000,6.500,13.600,5.300,17.400,6.000,3.500
India,Bihar,Patna,"Calendar Year (Jan - Dec), 2019",62.800,67.100,49.300,42.300,2863.000,81.400,22.000,47.000,7.900,8.000,9.000,56.600,72.500,83.900,78.700,67.000,11.000,98.400,78.600,5.100,94.900,20.900,18.200,65.400,0.000,58.400,0.000,1.400,10.600,34.500,39.600,27.500,34.100,73.600,22.300,63.100,67.800,43.800,20.700,68.800,4.900,46.400,39.900,0.600,1.600,0.100,69.500,31.400,18.600,3.300,64.600,92.900,10.200,1.900,0.500,89.100,51.000,0.100,21.000,39.900,10.000,19.900,8.800,14.800,10.000,2.400,20.700,15.700,51.700,17.900,59.000,83.000,6.000,67.300,2.900,32.700,61.000,98.800,99.000,63.700,9.300,0.700,88.800,1002.000,950.000,8.300,15.000,4.600,0.400,2.100,10.100,74.300,26.600,67.600,21.500,66.900,22.600,43.600,7.600,17.100,7.800,16.100,8.100,2.500
India,Bihar,Kaimur (Bhabua),"Calendar Year (Jan - Dec), 2019",70.800,70.300,78.600,59.700,1671.000,86.000,7.400,31.900,1.600,6.500,13.100,88.900,90.400,91.400,87.400,89.900,14.000,98.200,93.500,1.100,98.900,32.100,6.100,71.400,0.000,67.500,1.600,2.500,15.900,44.100,47.200,27.300,48.500,77.900,45.100,77.000,0.000,0.000,0.000,77.500,7.300,62.600,41.300,0.000,0.000,0.000,62.300,44.000,45.100,5.200,29.000,93.700,18.100,0.400,1.700,83.300,63.200,0.100,14.100,50.800,6.100,10.300,3.400,15.000,10.400,3.700,11.200,3.600,62.400,25.600,81.600,93.500,0.000,70.600,3.500,35.800,59.100,98.000,96.700,62.400,3.100,4.200,97.200,944.000,1018.000,13.400,3.700,1.700,0.500,2.800,2.600,58.900,27.100,66.000,11.800,62.600,25.600,29.500,4.400,6.900,2.000,12.300,7.900,3.300
India,Sikkim,North District,"Calendar Year (Jan - Dec), 2019",45.600,36.700,75.700,61.000,7390.000,98.500,27.300,0.000,26.000,0.000,25.300,90.800,90.600,100.000,95.300,90.800,0.000,100.000,96.900,0.000,100.000,31.100,24.900,53.500,0.000,89.300,0.000,14.100,2.900,31.800,15.300,4.500,26.100,98.100,0.000,72.000,0.000,0.000,0.000,0.000,9.800,50.400,76.300,0.400,1.200,0.000,78.500,19.000,28.600,1.500,65.900,99.000,24.500,7.500,5.400,97.300,91.100,0.600,43.500,35.400,8.400,16.000,6.500,47.700,25.100,19.500,74.000,61.900,66.200,59.400,71.300,92.500,0.000,37.000,17.500,21.000,83.800,94.700,98.900,26.900,7.200,0.700,95.500,693.000,997.000,25.300,12.800,6.900,22.700,9.900,3.800,75.300,16.000,81.400,44.100,73.000,3.400,37.700,6.500,11.600,4.700,39.000,22.300,13.100
India,Odisha,Ganjam,"Calendar Year (Jan - Dec), 2019",58.400,56.700,59.200,46.700,3823.000,92.400,22.600,63.300,13.100,0.700,20.300,88.500,92.300,90.600,90.600,88.500,81.800,96.000,92.300,1.900,96.100,58.400,11.500,61.300,,88.400,,4.900,1.500,23.900,18.900,10.200,71.900,97.000,64.500,91.100,57.000,66.700,43.500,66.600,6.400,80.100,72.800,0.300,0.300,0.700,68.600,33.900,32.300,1.900,63.700,98.900,51.900,1.100,0.100,93.000,72.300,0.000,23.500,45.100,9.100,21.800,11.400,29.700,16.600,9.100,67.000,42.200,77.600,82.700,89.300,96.800,,56.900,3.900,24.600,72.900,89.600,99.300,52.900,10.600,0.400,99.100,855.000,1165.000,22.300,16.900,5.800,0.200,17.900,11.400,83.100,22.300,69.500,36.900,68.300,11.200,32.600,6.600,15.300,8.300,23.400,12.400,7.100
India,Chhattisgarh,Kanker,"Calendar Year (Jan - Dec), 2019",69.200,65.200,74.700,69.600,1509.000,92.800,11.000,,7.000,0.500,8.400,89.500,97.000,91.800,89.500,92.300,44.000,94.600,91.800,0.000,100.000,42.500,1.800,62.300,,91.000,,2.600,15.700,24.800,36.100,24.500,28.800,98.500,92.700,88.100,,,,,0.900,85.200,89.700,0.200,0.200,0.200,70.200,53.400,41.400,1.700,25.900,97.300,84.800,2.500,0.600,94.100,83.900,3.200,31.900,39.400,4.300,8.800,3.500,30.200,20.800,8.600,56.200,42.900,78.100,77.900,87.400,93.300,,66.300,2.200,21.800,80.500,98.700,99.400,33.400,3.200,2.800,99.300,1131.000,1030.000,8.000,3.000,0.700,5.200,16.500,0.800,80.600,5.400,77.200,6.800,63.800,25.500,40.300,3.400,7.400,3.500,27.000,17.200,9.100
India,Himachal Pradesh,Una,"Calendar Year (Jan - Dec), 2019",63.000,60.800,53.300,45.900,4903.000,89.900,39.100,58.100,33.200,0.000,9.100,75.300,93.800,88.200,88.000,77.600,72.200,100.000,90.500,3.400,96.600,37.000,4.400,58.700,0.000,79.100,0.000,2.800,5.900,24.700,25.800,13.100,16.400,95.500,0.000,87.100,0.000,0.000,0.000,85.200,14.600,71.400,92.900,0.900,0.500,1.700,86.100,26.300,14.800,2.500,46.200,98.600,22.600,2.400,0.000,89.700,52.200,0.200,23.900,31.000,8.100,20.400,11.200,27.200,18.400,5.200,46.500,36.000,70.700,71.700,84.900,86.700,0.000,60.800,2.300,21.800,81.400,98.800,98.500,60.400,9.200,0.400,99.400,873.000,1026.000,8.800,15.800,5.000,0.200,0.800,2.100,93.700,1.600,92.500,41.200,58.200,16.300,66.800,8.300,20.100,10.300,27.100,11.700,6.400
India,Mizoram,Saiha,"Calendar Year (Jan - Dec), 2019",46.000,44.200,22.600,21.700,7521.000,80.500,9.500,0.000,10.600,2.700,7.800,60.300,84.800,60.300,58.200,61.500,1.900,69.900,65.500,0.000,98.500,20.400,4.000,46.400,0.000,67.400,8.500,11.100,3.400,43.800,17.600,7.700,46.400,97.500,72.100,22.800,30.900,74.700,48.200,39.600,2.500,43.900,75.300,1.800,4.900,0.700,92.200,7.900,22.200,10.000,83.700,98.700,44.200,4.300,0.200,73.800,70.300,0.000,21.000,73.700,6.000,9.300,3.200,22.900,16.200,5.200,51.400,10.000,60.700,35.500,59.600,72.600,0.000,45.100,6.900,31.700,91.500,95.200,99.700,30.000,7.600,0.600,96.900,1171.000,994.000,7.900,22.500,15.200,0.600,70.000,4.700,83.000,11.800,95.100,18.900,42.500,9.300,50.200,4.700,9.500,4.100,13.000,8.400,3.100
India,The Dadra And Nagar Haveli And Daman And Diu,Dadra And Nagar Haveli,"Calendar Year (Jan - Dec), 2019",64.300,64.400,72.800,64.300,502.000,98.100,21.900,45.000,16.700,2.100,9.600,100.000,98.500,100.000,96.900,100.000,3.800,100.000,100.000,2.700,97.300,49.200,1.600,74.800,0.000,87.700,0.000,1.500,3.300,42.400,42.100,20.900,26.600,98.300,88.800,91.900,0.000,0.000,0.000,87.200,12.400,71.200,96.100,0.200,0.300,0.200,70.800,45.000,26.400,1.800,74.300,85.000,58.800,2.600,1.100,96.300,75.800,0.200,26.100,39.800,7.900,16.400,7.900,13.500,8.400,3.300,65.100,40.000,82.000,90.900,92.200,85.800,0.000,64.500,3.000,26.800,63.100,94.800,99.700,62.100,2.100,0.300,99.700,822.000,817.000,9.200,9.000,3.400,1.400,3.300,5.500,96.300,30.000,72.800,23.000,43.700,27.000,31.500,7.100,13.400,5.300,13.300,6.800,3.900
India,Telangana,Narayanpet,"Calendar Year (Jan - Dec), 2019",61.200,54.700,72.000,70.100,2369.000,97.600,43.400,72.200,25.900,2.000,5.800,89.400,98.100,96.500,89.300,89.400,0.000,98.200,96.500,1.500,90.700,41.600,20.200,82.600,0.000,70.800,0.000,4.100,8.700,42.600,33.000,17.800,42.900,91.900,74.000,85.500,0.000,0.000,0.000,81.200,0.400,48.300,72.600,0.000,2.200,1.400,54.800,68.000,31.400,1.000,85.900,94.100,70.300,0.300,0.000,98.100,59.200,0.000,42.900,25.300,6.400,14.200,7.000,26.500,16.500,6.500,69.100,45.500,86.200,62.600,84.900,90.200,0.000,55.100,0.100,27.800,73.700,99.600,99.400,44.900,4.000,2.400,98.700,789.000,1035.000,5.400,2.700,1.700,8.000,7.500,9.200,95.600,23.400,59.600,24.000,40.300,24.000,40.400,4.900,10.800,4.700,24.200,14.000,5.600
India,West Bengal,Howrah,"Calendar Year (Jan - Dec), 2019",67.100,65.300,84.500,68.400,2166.000,96.900,42.800,69.000,30.900,0.000,22.800,87.800,90.800,93.400,80.200,90.600,3.900,96.200,89.800,12.600,87.400,28.300,19.000,67.700,0.000,70.100,0.000,4.600,10.500,27.500,27.300,21.300,58.400,97.800,0.000,79.800,0.000,0.000,0.000,53.800,9.500,56.600,85.400,0.000,0.300,0.100,82.000,31.600,20.500,1.400,61.900,97.400,20.100,1.900,0.400,95.500,60.800,0.000,19.400,44.700,10.800,20.300,8.300,26.800,18.700,6.000,69.200,33.100,84.800,82.700,70.700,97.800,0.000,65.600,23.800,21.200,72.900,99.500,99.000,0.000,6.600,5.600,96.500,1062.000,1011.000,20.600,3.200,1.600,0.700,6.000,9.400,94.100,30.400,80.500,22.800,76.600,10.300,40.100,9.500,16.900,6.200,24.000,13.600,6.800
India,Uttarakhand,Haridwar,"Calendar Year (Jan - Dec), 2019",31.500,43.800,63.600,50.900,3786.000,83.200,22.100,37.300,17.000,3.900,14.500,76.500,93.700,86.200,80.700,84.100,23.200,92.600,89.400,9.100,87.600,36.100,40.300,63.100,,50.800,1.800,4.000,6.400,31.100,27.000,16.400,30.600,88.000,42.400,76.600,,,,77.800,30.600,52.200,67.100,0.500,1.300,0.900,73.900,12.800,11.400,4.800,61.500,89.800,46.600,1.700,0.500,79.800,37.900,0.100,17.600,31.800,4.500,12.300,6.900,33.900,22.500,9.500,38.200,21.800,57.400,48.500,74.200,89.700,,42.800,3.800,31.000,69.800,99.600,99.700,63.600,6.400,3.900,93.200,985.000,946.000,15.500,11.800,4.100,0.400,5.700,2.300,85.400,9.900,73.700,29.800,74.300,15.900,40.300,2.600,9.900,5.500,26.200,15.000,6.900
India,Uttar Pradesh,Chitrakoot,"Calendar Year (Jan - Dec), 2019",51.900,46.600,57.100,49.000,2331.000,78.400,5.300,51.200,3.000,2.800,8.900,63.700,68.900,76.800,72.800,68.000,54.500,84.800,80.700,4.800,92.300,32.400,7.600,55.300,,80.600,5.400,6.700,12.000,47.500,41.800,24.800,26.900,83.300,41.600,49.600,,,,43.100,8.800,69.000,35.900,0.400,1.400,1.300,63.800,32.800,25.900,6.000,31.200,75.800,17.400,1.300,0.400,81.100,75.000,0.100,13.600,59.600,3.800,9.100,2.400,16.400,10.300,3.000,13.400,7.200,53.700,30.300,50.300,79.900,,46.700,3.200,31.300,56.700,97.000,92.000,43.900,3.200,1.900,93.900,889.000,950.000,8.400,12.700,4.700,0.500,12.700,3.500,55.800,21.800,56.200,14.500,62.400,24.100,30.200,1.600,5.100,1.300,15.100,8.400,3.100
India,Uttar Pradesh,Pratapgarh,"Calendar Year (Jan - Dec), 2019",51.600,48.900,51.900,33.600,3814.000,93.100,11.800,28.300,6.100,2.300,5.900,75.000,92.100,82.800,80.600,78.200,42.800,89.100,87.600,1.300,96.100,22.400,8.700,58.000,,69.300,0.000,1.300,2.500,35.500,27.700,10.000,13.200,85.700,51.900,67.300,,,,74.900,6.700,59.200,45.200,0.000,0.000,0.200,67.200,24.200,16.300,4.500,37.100,95.700,14.900,0.800,0.100,90.800,62.600,0.000,9.000,41.400,8.200,19.100,10.500,22.300,13.200,6.100,22.800,8.200,57.200,30.600,71.100,93.400,0.000,49.900,1.900,29.000,52.000,97.800,92.500,27.100,2.800,1.600,94.100,1034.000,1229.000,4.200,21.900,8.700,0.500,11.900,0.700,69.100,11.000,74.800,25.000,36.000,19.600,49.700,6.900,14.100,6.700,17.600,10.200,4.900
India,Telangana,Peddapalli,"Calendar Year (Jan - Dec), 2019",78.300,64.600,66.100,64.800,3850.000,96.200,71.600,88.800,58.200,0.700,14.000,73.100,79.400,97.000,94.500,76.100,0.000,100.000,97.000,0.000,100.000,34.900,12.500,69.600,0.000,66.300,0.000,1.600,15.600,27.500,33.100,28.800,26.300,87.900,0.000,89.800,0.000,0.000,0.000,72.300,0.300,44.500,69.800,0.300,4.900,3.500,61.300,60.000,16.900,0.000,96.600,97.800,59.100,0.100,0.300,96.500,45.800,3.300,47.500,21.600,7.300,16.800,7.700,34.700,21.800,8.200,61.000,41.900,83.500,77.900,87.600,87.000,0.000,64.600,0.500,18.100,77.800,98.000,99.500,0.000,11.600,2.000,92.900,913.000,1028.000,13.800,8.300,3.100,4.200,4.600,4.600,93.200,13.600,73.700,26.100,47.800,16.500,46.600,4.200,13.700,7.500,27.700,13.400,6.400
India,Tamil Nadu,Tiruchirappalli,"Calendar Year (Jan - Dec), 2019",64.700,62.400,68.100,61.500,2593.000,99.000,41.000,66.400,29.000,1.000,8.100,97.100,89.400,97.100,97.100,97.100,67.300,100.000,97.100,0.000,100.000,43.600,15.800,82.300,,63.800,,3.100,8.600,27.600,27.400,20.900,50.900,98.400,,94.600,,,,62.500,2.600,87.800,94.900,5.400,11.200,2.200,80.700,49.600,28.000,0.400,71.200,94.200,67.800,6.800,0.600,98.600,65.300,0.000,25.700,19.800,10.400,26.500,14.900,28.900,18.400,6.000,86.100,66.200,86.100,90.500,97.600,92.200,,62.500,1.100,21.500,67.100,98.100,99.000,,5.200,1.400,98.800,919.000,1123.000,12.400,11.100,4.400,0.400,3.500,4.500,96.500,13.500,83.600,33.500,62.500,16.700,57.100,8.600,22.700,12.600,21.400,12.000,5.400
India,Uttar Pradesh,Balrampur,"Calendar Year (Jan - Dec), 2019",54.700,53.700,49.000,39.400,1810.000,67.400,5.300,32.400,2.700,3.200,7.400,57.400,67.900,67.500,64.200,64.700,34.000,86.400,74.500,0.800,88.100,30.800,9.900,75.400,41.300,76.200,2.300,3.900,14.300,41.200,37.200,24.900,14.100,81.200,70.600,61.300,68.100,70.300,37.200,64.300,14.300,75.100,20.400,0.500,3.000,1.600,53.100,6.600,31.000,6.100,39.600,96.900,13.000,2.600,3.400,69.700,58.000,0.000,10.700,59.800,4.200,8.700,3.600,25.300,16.600,7.000,23.900,12.400,55.200,41.000,62.100,91.400,,54.800,11.100,38.900,59.700,99.800,78.400,38.100,5.100,5.400,95.700,1034.000,1075.000,6.900,22.300,7.800,0.400,23.600,4.100,53.000,35.000,43.200,14.800,72.200,22.200,16.800,3.300,8.200,4.000,23.200,13.700,7.100
India,Himachal Pradesh,Solan,"Calendar Year (Jan - Dec), 2019",44.300,47.500,84.600,65.500,5401.000,86.800,25.200,39.700,24.000,3.300,15.400,92.600,100.000,95.000,97.600,92.600,95.000,97.600,95.000,3.000,97.000,60.100,7.500,50.400,0.000,78.500,0.000,5.700,5.600,32.300,26.700,20.900,56.900,99.500,0.000,88.700,0.000,0.000,0.000,79.100,19.000,71.600,96.300,0.700,1.300,0.300,82.400,41.700,21.800,2.100,62.500,99.100,41.900,0.600,0.000,90.200,68.000,1.700,27.400,29.000,6.200,13.400,5.900,22.300,14.000,6.500,74.600,51.200,87.100,88.200,85.900,95.200,0.000,48.400,0.900,22.300,81.800,96.500,99.200,30.500,3.000,4.000,98.600,882.000,947.000,19.000,2.900,1.800,0.500,2.900,5.800,94.400,13.300,91.000,29.700,61.800,11.900,62.300,5.100,10.800,4.300,21.700,12.500,5.400
India,Nagaland,Zunheboto,"Calendar Year (Jan - Dec), 2019",38.000,31.100,68.800,56.500,7554.000,40.500,7.600,0.000,19.400,5.300,15.500,60.700,75.100,72.100,72.300,67.100,11.100,82.200,76.400,1.500,98.500,28.900,0.000,34.900,0.000,32.300,0.000,1.500,10.300,44.000,44.500,26.900,38.400,51.600,0.000,24.700,0.000,0.000,0.000,0.000,1.900,70.400,51.000,0.400,0.200,0.700,87.400,19.300,14.800,6.300,18.600,99.100,18.100,28.200,0.200,35.000,32.200,0.000,21.300,48.900,5.200,9.900,4.600,41.200,29.200,11.800,5.500,2.300,46.500,11.200,24.900,81.300,28.300,30.600,5.500,22.200,88.900,91.000,99.400,40.800,1.800,0.000,90.700,1207.000,1132.000,20.800,2.800,0.700,0.200,8.000,3.500,86.800,4.000,87.100,8.900,74.900,5.600,40.200,5.700,11.100,5.300,33.200,22.500,10.500
India,Jammu And Kashmir,Budgam,"Calendar Year (Jan - Dec), 2019",83.700,73.900,59.900,57.700,5525.000,98.500,42.200,0.000,43.000,0.000,8.400,92.500,95.500,95.700,95.700,92.500,11.700,100.000,95.700,0.000,100.000,50.400,0.000,85.000,0.000,93.500,0.000,11.100,9.100,26.800,20.600,18.900,67.400,98.800,71.600,86.300,0.000,0.000,0.000,62.100,12.500,55.400,76.400,0.200,0.200,0.000,62.500,19.000,13.700,2.000,71.100,98.900,5.200,7.400,9.800,96.500,94.300,0.000,0.200,42.900,3.100,6.900,2.800,18.600,11.000,3.700,25.400,12.400,83.300,66.500,88.700,97.500,0.000,75.000,8.400,22.300,77.000,95.800,99.500,57.000,6.300,5.100,93.400,843.000,937.000,14.200,4.200,2.100,0.000,5.400,1.000,75.300,1.500,74.100,25.300,86.400,4.700,48.200,2.900,7.300,2.800,19.900,10.900,4.500
India,Himachal Pradesh,Kinnaur,"Calendar Year (Jan - Dec), 2019",52.400,51.700,83.400,76.700,3884.000,84.100,18.600,0.000,19.600,2.500,4.300,91.700,91.700,94.100,94.100,94.100,94.100,97.700,96.400,0.000,100.000,37.100,8.600,75.600,0.000,82.400,0.000,9.000,4.300,32.200,18.900,11.300,59.500,96.700,0.000,85.600,0.000,0.000,0.000,0.000,21.000,67.700,96.800,0.200,0.800,0.000,73.800,26.700,19.300,1.800,70.400,99.500,35.900,8.800,0.400,82.700,76.400,14.400,50.600,44.100,4.000,7.300,2.300,22.800,15.100,5.600,68.700,45.200,77.800,75.300,83.400,91.300,0.000,52.200,4.800,19.100,80.100,96.900,99.600,0.000,7.400,0.800,97.500,691.000,967.000,6.800,4.100,1.800,0.900,2.000,9.300,95.900,27.900,89.100,26.400,59.500,9.900,56.100,3.500,7.900,3.300,18.500,11.300,3.800
India,Rajasthan,Baran,"Calendar Year (Jan - Dec), 2019",61.300,60.100,78.900,71.800,1590.000,97.800,6.700,35.700,5.000,2.200,12.100,89.300,93.400,95.300,95.300,90.500,80.300,100.000,96.500,0.000,100.000,46.100,6.800,65.100,41.600,73.900,,3.200,9.000,46.000,40.200,21.300,63.000,91.200,78.200,94.700,,,,67.900,13.000,66.100,60.000,0.000,0.200,0.000,61.700,51.300,23.000,0.800,39.600,94.100,89.500,1.000,2.800,97.300,91.400,0.000,16.200,57.000,4.800,7.600,2.500,15.600,10.600,3.400,36.900,11.200,88.200,79.300,92.400,95.100,,60.100,3.000,28.400,59.000,96.100,98.300,59.300,5.400,8.100,100.000,1077.000,1019.000,11.100,4.000,2.900,0.800,19.300,3.000,74.700,26.800,57.900,10.100,53.000,20.500,24.400,4.500,7.200,2.100,12.600,7.600,2.900
India,Puducherry,Pondicherry,"Calendar Year (Jan - Dec), 2019",60.500,56.800,66.500,62.100,3317.000,100.000,32.100,33.500,32.000,0.600,25.200,80.100,87.600,90.700,86.500,86.100,4.500,95.500,95.500,2.200,97.900,57.700,20.900,66.300,,82.600,,3.400,3.700,17.000,13.100,11.600,52.500,99.600,,95.000,,,,62.400,5.200,60.300,91.300,5.000,9.200,1.900,83.800,53.300,24.600,0.500,95.000,93.800,31.300,1.900,0.500,99.500,81.900,0.300,27.300,14.000,6.600,21.000,11.800,31.100,20.000,6.100,85.300,64.100,82.200,87.000,92.100,91.800,,57.500,0.500,20.100,84.600,100.000,100.000,,4.500,5.600,98.900,963.000,1106.000,25.500,11.400,3.100,0.300,2.100,5.300,99.200,5.700,90.100,48.500,51.100,8.100,67.200,7.000,19.100,9.100,22.700,11.500,3.500
India,Meghalaya,East Khasi Hills,"Calendar Year (Jan - Dec), 2019",40.000,48.200,12.100,10.600,3258.000,68.700,13.900,48.300,13.700,4.200,32.500,49.100,69.400,59.200,46.800,53.200,5.200,84.200,56.600,9.900,87.500,10.900,41.300,39.000,0.000,54.400,3.700,4.500,4.900,44.600,23.800,11.200,86.300,77.400,25.100,41.600,71.300,74.300,31.200,72.700,1.600,0.000,55.300,1.300,1.300,0.800,88.700,4.300,22.700,6.200,47.400,93.300,47.100,2.400,0.200,63.400,48.400,0.000,24.000,51.900,3.600,9.400,3.400,25.000,14.500,4.300,40.100,27.100,56.700,57.500,33.600,80.200,41.300,48.500,1.800,34.300,80.900,90.000,96.600,43.700,11.500,5.100,87.800,851.000,1049.000,34.800,33.000,25.200,1.200,29.800,8.200,70.700,14.600,93.700,15.600,49.300,11.600,43.500,2.700,9.100,3.500,24.500,11.200,5.600
India,Bihar,Samastipur,"Calendar Year (Jan - Dec), 2019",65.900,60.500,63.700,53.800,2268.000,83.700,6.200,47.200,1.000,5.300,17.500,71.400,85.500,89.500,88.500,74.600,0.000,99.000,89.400,1.700,98.300,30.500,3.400,67.200,41.100,64.100,9.000,1.700,7.900,44.000,42.800,21.300,27.000,88.500,63.500,51.500,56.300,60.200,30.300,78.700,4.400,59.400,39.200,0.600,0.600,0.400,60.900,41.100,20.600,2.900,36.100,91.900,19.000,0.600,1.700,83.400,71.900,0.100,10.500,51.700,7.900,15.900,7.000,16.400,9.400,4.400,20.800,8.900,53.400,23.500,52.100,90.400,0.000,59.900,3.000,37.800,48.800,98.600,95.700,69.700,10.600,4.500,90.400,890.000,1071.000,17.700,11.100,5.500,0.100,3.500,14.900,58.700,49.800,54.300,15.200,54.300,26.700,26.500,8.000,14.300,5.600,15.800,7.100,4.200
India,Rajasthan,Bhilwara,"Calendar Year (Jan - Dec), 2019",52.600,50.400,71.100,58.900,1248.000,96.000,5.900,36.400,3.600,1.300,6.400,83.200,87.800,89.100,88.100,89.900,78.600,94.600,89.100,0.000,100.000,17.600,10.300,62.700,,70.200,,2.700,8.500,22.600,23.500,17.400,45.900,92.400,80.800,94.100,,,,,12.200,83.900,83.400,0.000,0.000,0.000,57.100,41.800,25.400,1.000,26.500,96.200,89.100,2.200,0.400,95.000,87.400,0.100,11.500,41.900,6.200,10.700,4.100,15.700,11.300,3.700,30.400,11.900,78.000,64.700,95.700,97.100,,50.700,1.600,29.200,62.300,93.100,99.300,42.800,3.900,2.000,99.400,802.000,1069.000,5.800,7.200,4.600,0.400,4.200,5.400,76.000,41.800,56.400,12.400,70.400,16.300,25.300,3.900,6.700,2.400,15.400,10.700,3.500
India,Madhya Pradesh,Rajgarh,"Calendar Year (Jan - Dec), 2019",51.900,52.300,69.200,59.700,2152.000,88.200,11.000,42.300,7.500,3.100,3.800,71.900,83.800,88.700,83.600,71.900,65.300,90.300,85.800,0.000,98.100,29.100,17.100,77.500,,72.700,,4.100,9.000,27.600,26.800,22.400,31.000,90.500,93.000,78.100,66.000,46.000,22.700,56.700,11.700,62.100,66.600,0.400,0.900,0.400,58.900,42.700,15.400,1.700,24.800,95.500,27.100,1.100,0.200,91.700,80.000,0.100,10.400,48.800,4.500,8.400,3.200,24.000,15.300,7.100,43.500,28.500,75.100,55.200,73.300,93.700,,52.600,2.500,26.500,47.800,74.200,97.800,46.400,9.200,2.500,98.300,971.000,969.000,5.200,8.700,3.800,0.500,7.500,5.400,50.900,46.000,52.100,14.100,32.200,28.000,21.300,3.600,7.600,3.100,24.400,14.700,6.700
India,Jammu And Kashmir,Jammu,"Calendar Year (Jan - Dec), 2019",72.400,66.600,67.900,57.100,4714.000,97.000,43.300,0.000,41.800,0.000,10.800,84.100,100.000,95.500,88.500,84.100,0.000,95.500,90.800,0.000,100.000,16.500,6.600,68.400,0.000,85.600,0.000,7.300,10.400,27.000,17.600,18.000,51.400,96.100,0.000,86.000,0.000,0.000,0.000,0.000,17.300,73.100,80.800,0.000,0.000,0.000,84.000,19.700,6.800,0.500,87.900,98.900,23.300,6.900,1.800,96.500,88.700,0.800,25.500,25.700,3.500,8.600,3.600,22.600,13.300,3.900,51.400,27.300,93.200,95.400,92.200,92.000,0.000,68.200,9.700,22.200,81.200,99.900,100.000,41.700,2.700,3.600,99.000,892.000,939.000,12.900,6.700,2.900,0.300,0.800,0.000,95.300,5.300,91.500,38.300,90.000,4.200,70.800,3.600,9.900,4.200,20.500,10.400,3.600
India,Madhya Pradesh,Betul,"Calendar Year (Jan - Dec), 2019",56.600,56.200,77.200,70.700,454.000,83.500,10.800,,7.800,2.500,6.900,80.900,83.600,88.100,86.400,91.000,86.400,94.900,91.600,0.000,100.000,46.200,10.100,57.800,,93.100,29.000,0.000,4.500,30.800,31.400,21.700,59.800,94.700,65.100,86.200,,,,67.800,5.700,59.500,80.100,0.200,0.400,0.200,71.200,58.700,34.100,4.600,36.000,98.200,51.300,0.800,0.000,87.600,80.800,1.500,20.500,45.700,7.200,14.700,6.800,21.600,15.600,4.700,78.300,57.800,76.900,74.000,85.400,95.900,,55.800,1.200,24.300,59.800,87.100,98.100,65.800,5.300,0.300,96.900,1049.000,993.000,9.900,4.600,2.200,3.100,11.900,2.400,62.500,11.200,72.700,17.700,36.600,24.700,38.700,7.200,13.600,5.200,17.800,11.500,3.900
India,Jharkhand,Godda,"Calendar Year (Jan - Dec), 2019",62.000,66.300,65.000,50.600,1463.000,83.300,4.700,37.700,3.500,3.100,8.300,63.900,71.000,86.400,82.600,69.800,56.200,90.700,86.800,0.000,100.000,24.400,7.700,75.100,,62.900,5.500,4.700,11.200,39.400,40.700,24.500,17.200,82.400,71.100,66.800,43.700,59.900,18.100,49.000,3.400,56.700,30.100,0.000,0.500,0.500,52.700,38.000,34.300,13.800,19.700,98.900,45.900,2.200,0.500,70.200,63.600,0.300,34.200,45.100,7.100,16.100,8.700,20.200,14.000,4.900,16.700,10.400,63.100,39.200,67.900,95.700,,66.300,3.200,33.800,54.900,91.400,93.500,65.200,6.800,4.200,93.400,881.000,1012.000,7.600,11.300,3.200,3.300,2.700,16.100,64.800,48.500,46.600,10.700,59.400,23.600,19.600,6.700,13.200,5.900,18.600,12.400,5.100
India,Manipur,Senapati,"Calendar Year (Jan - Dec), 2019",23.800,27.400,65.200,17.500,12254.000,65.000,8.800,50.500,11.000,2.500,21.700,65.000,79.900,77.100,77.200,70.900,14.900,87.200,75.200,1.600,98.400,12.700,26.300,48.500,69.300,37.300,0.000,6.700,5.500,27.300,12.900,10.700,57.600,94.500,63.800,36.000,0.000,0.000,0.000,39.600,3.200,44.900,75.400,0.700,1.500,0.000,79.600,2.800,6.400,19.300,50.000,98.800,15.400,4.300,0.800,45.800,36.100,0.100,35.100,63.700,5.900,10.900,4.300,28.200,18.000,9.500,28.400,15.600,73.900,64.900,37.000,85.200,0.000,27.900,6.100,33.000,84.400,64.400,98.800,18.300,4.400,2.300,77.100,938.000,1053.000,21.900,8.500,4.100,1.200,46.100,6.300,84.400,15.500,81.900,24.900,69.200,5.300,39.600,4.600,9.800,4.800,18.700,10.800,7.100
India,Karnataka,Gadag,"Calendar Year (Jan - Dec), 2019",54.100,50.500,58.300,57.700,5726.000,98.200,33.500,51.300,27.800,2.600,5.000,74.300,81.400,82.100,79.800,86.300,0.000,93.000,85.500,1.100,98.900,45.100,16.300,70.300,0.000,72.000,0.000,1.500,4.500,45.200,39.800,18.200,41.800,99.700,0.000,83.400,70.100,79.800,36.900,71.200,2.700,70.000,87.100,0.000,0.200,0.500,73.300,48.800,25.400,3.600,56.300,77.100,28.300,2.500,0.500,96.200,67.500,0.000,13.700,35.600,5.400,13.200,6.900,23.900,14.700,7.100,33.500,17.400,52.600,68.700,84.700,93.300,0.000,50.500,3.000,24.100,55.200,95.500,98.600,51.100,10.400,2.300,97.000,911.000,1060.000,9.500,7.000,3.800,0.500,8.500,2.000,68.300,27.700,70.700,30.600,41.400,18.900,45.100,4.900,12.100,5.900,22.100,12.100,6.800
India,Haryana,Rohtak,"Calendar Year (Jan - Dec), 2019",63.100,65.300,74.400,63.000,1957.000,96.700,19.900,37.100,10.800,1.900,7.100,77.400,88.100,84.400,84.500,84.700,78.100,88.200,83.100,3.500,96.500,22.100,5.100,76.200,,71.400,,4.100,2.900,28.900,22.100,12.500,49.200,97.000,93.800,96.100,,,,,16.000,71.000,88.800,0.200,0.400,1.100,79.600,34.200,19.500,0.000,67.300,95.000,24.800,7.800,0.000,97.400,62.100,0.400,17.600,30.500,7.000,14.800,6.600,24.500,15.800,6.500,56.400,34.500,86.400,72.300,96.200,96.900,,64.800,2.800,23.700,90.000,98.500,99.700,77.100,3.800,1.900,96.800,880.000,942.000,6.000,8.500,3.700,0.300,2.800,1.700,98.300,12.400,85.800,35.900,58.600,15.900,55.900,6.600,14.300,5.800,20.700,10.600,5.600
India,Haryana,Panipat,"Calendar Year (Jan - Dec), 2019",66.300,66.900,70.100,55.400,1717.000,96.300,20.300,32.400,11.300,1.600,9.100,80.600,79.400,87.000,87.000,82.100,77.100,96.800,90.500,3.400,96.600,24.400,2.800,73.400,,52.200,,2.400,2.800,25.100,18.900,9.900,30.000,96.400,63.300,93.200,57.200,45.800,23.700,73.800,21.900,62.900,79.200,0.500,1.000,0.300,78.300,22.800,17.300,0.900,73.000,97.200,26.500,5.000,1.100,97.100,52.600,0.500,17.600,27.300,5.100,14.000,8.300,25.600,15.000,8.400,41.100,23.200,81.400,49.200,92.800,85.100,,66.800,2.500,26.000,79.300,99.900,99.600,69.000,8.200,4.700,93.200,938.000,917.000,10.300,7.300,2.800,0.500,4.600,5.700,94.000,11.900,83.800,37.800,51.600,13.700,52.100,4.900,12.000,5.800,21.600,11.300,4.100
India,Chhattisgarh,Kondagaon,"Calendar Year (Jan - Dec), 2019",79.700,79.700,68.200,60.500,2137.000,83.700,3.600,,2.800,0.300,9.600,70.100,64.400,83.700,81.800,77.200,23.800,96.900,86.700,0.000,100.000,32.100,3.600,76.600,,84.700,16.200,5.500,8.800,37.600,42.200,22.800,35.600,93.300,85.300,77.300,70.200,88.800,63.000,61.600,4.800,91.000,57.800,0.200,0.000,0.300,57.500,38.900,28.900,5.500,12.400,99.000,80.600,1.900,0.300,78.700,74.300,7.800,41.400,48.300,4.100,9.200,4.400,21.600,14.600,5.900,39.500,17.300,69.400,64.100,79.400,95.400,,79.500,5.100,25.700,79.500,98.800,97.800,87.600,10.900,4.400,97.600,1111.000,1033.000,9.300,3.700,2.300,18.300,28.600,3.000,57.800,11.800,54.700,6.100,59.100,31.300,24.700,4.500,7.600,2.900,21.200,12.200,6.500
India,Mizoram,Mamit,"Calendar Year (Jan - Dec), 2019",42.400,34.900,41.600,41.300,4150.000,81.100,3.500,0.000,3.500,1.200,4.000,85.900,85.700,95.200,91.100,87.400,2.500,98.500,95.200,0.000,100.000,19.200,1.300,45.500,0.000,60.800,0.000,5.900,3.800,26.400,13.900,7.400,56.800,99.100,0.000,44.900,0.000,0.000,0.000,0.000,0.200,62.600,88.400,2.400,4.900,0.800,90.700,17.700,15.800,7.100,73.300,99.400,61.700,4.000,0.200,75.000,71.800,0.000,26.200,80.600,8.000,13.400,4.600,21.000,16.500,3.100,68.800,4.500,64.500,52.500,63.900,80.700,0.000,35.100,19.200,30.700,92.700,97.300,97.900,29.900,0.600,0.000,98.900,794.000,991.000,6.800,17.000,14.000,0.400,70.200,10.300,89.000,16.800,89.600,21.800,53.100,4.100,40.000,5.700,11.400,5.000,14.300,10.100,2.400
India,Haryana,Yamunanagar,"Calendar Year (Jan - Dec), 2019",60.400,56.600,79.100,58.000,1872.000,86.000,28.000,33.800,26.600,1.000,14.300,82.900,85.600,90.400,87.600,84.400,80.900,95.800,94.100,1.800,95.100,40.800,19.000,72.900,,67.400,,6.400,4.300,27.700,23.100,12.100,31.700,98.100,62.700,85.600,,,,66.800,30.300,73.600,89.900,0.700,2.500,0.700,79.100,19.500,28.000,0.400,77.700,94.400,20.600,3.400,0.300,94.800,55.800,0.900,19.700,25.300,6.700,14.900,6.900,28.800,17.300,8.700,58.900,36.300,87.400,66.400,88.300,90.800,,56.300,2.800,23.600,83.500,100.000,99.800,62.200,7.200,6.600,93.700,1103.000,923.000,12.400,4.200,1.900,0.400,1.700,2.300,91.600,6.900,85.800,38.000,61.700,14.000,51.200,5.700,14.600,7.700,28.700,15.600,7.200
India,Arunachal Pradesh,Upper Subansiri,"Calendar Year (Jan - Dec), 2019",39.200,36.700,53.200,48.400,10087.000,81.300,17.900,,23.000,1.300,15.300,68.500,76.300,75.600,72.200,74.400,33.600,89.800,84.300,0.000,100.000,29.200,8.000,60.400,,58.900,0.000,9.000,8.100,36.800,19.200,12.200,56.600,78.900,39.200,56.700,,,,55.500,3.100,74.600,10.500,0.100,0.500,0.300,61.400,17.500,19.800,5.200,32.800,99.800,21.500,6.800,4.400,77.000,76.200,0.000,65.600,55.300,5.300,10.600,3.300,37.500,25.000,10.500,23.600,8.400,34.600,32.100,56.700,79.100,,36.600,14.500,27.300,80.900,94.700,87.000,37.900,5.900,1.300,98.600,1135.000,1052.000,15.400,17.300,8.600,42.800,19.800,13.200,92.700,26.700,62.300,25.000,81.600,2.800,31.800,3.600,6.600,2.200,25.400,17.700,5.900
India,Kerala,Wayanad,"Calendar Year (Jan - Dec), 2019",27.700,26.900,78.900,69.500,7967.000,100.000,25.700,30.200,18.400,0.500,14.800,86.400,88.400,86.400,81.900,88.800,0.000,97.700,90.800,6.800,93.200,25.600,33.600,39.400,0.000,78.100,0.000,6.500,5.300,31.300,22.500,16.100,60.000,96.800,0.000,97.200,0.000,0.000,0.000,95.500,1.100,68.500,97.100,1.200,1.500,0.200,88.200,64.800,11.800,0.000,55.700,99.000,64.800,2.700,0.000,100.000,37.600,0.200,23.200,26.000,8.200,17.900,7.900,28.300,17.700,7.400,94.900,75.300,97.600,94.200,95.900,99.400,0.000,27.000,0.200,21.200,97.600,94.100,97.000,0.000,1.400,1.400,97.700,1003.000,1019.000,14.100,5.600,4.000,1.200,10.600,2.600,84.900,8.400,93.700,26.700,73.900,14.000,68.000,7.500,18.300,8.400,28.800,15.100,7.200
India,Assam,Karbi Anglong,"Calendar Year (Jan - Dec), 2019",57.500,59.000,66.300,41.100,6822.000,78.300,15.200,0.000,16.400,0.000,20.500,64.300,74.300,75.300,66.900,65.900,42.900,88.700,76.200,1.600,91.400,4.900,1.600,67.500,0.000,44.900,1.400,4.300,8.700,31.600,28.200,17.200,50.300,93.000,55.200,61.000,0.000,0.000,0.000,55.300,1.800,74.600,60.700,0.000,0.000,0.200,76.400,9.300,23.600,3.400,33.400,99.800,54.100,6.200,0.000,74.900,69.200,0.000,48.500,55.000,8.500,14.600,4.800,22.800,15.000,6.600,35.300,9.000,64.800,63.900,56.900,90.900,0.000,59.500,23.600,29.900,75.200,79.600,97.000,42.100,2.200,2.200,96.400,882.000,994.000,18.100,9.300,2.400,20.500,20.500,9.100,77.600,26.100,78.800,15.700,59.300,10.000,30.300,6.500,10.700,3.200,20.100,10.900,6.500
India,Karnataka,Chitradurga,"Calendar Year (Jan - Dec), 2019",50.200,44.600,72.800,72.500,4234.000,95.100,42.800,70.800,31.800,0.400,16.800,94.600,97.200,94.600,94.600,97.300,4.500,97.300,97.300,0.000,100.000,45.700,27.200,61.100,0.000,93.500,0.000,3.100,8.300,36.000,32.400,17.900,54.200,99.500,66.000,94.300,0.000,0.000,0.000,67.200,4.300,87.000,89.200,0.400,0.400,0.400,73.000,62.000,63.400,1.200,80.600,96.400,35.300,3.700,0.200,98.300,68.800,0.000,21.200,36.900,5.400,14.400,7.500,30.600,19.600,8.600,50.500,36.600,66.300,79.300,95.200,93.900,0.000,44.200,1.300,22.500,63.100,97.800,99.800,57.100,6.200,2.500,99.100,1050.000,1023.000,27.200,5.000,3.500,2.000,14.200,7.800,85.500,20.700,75.600,37.400,36.300,14.500,48.300,6.300,15.100,6.900,29.700,18.400,8.400
India,Manipur,Tengnoupal,"Calendar Year (Jan - Dec), 2019",37.800,27.300,56.600,23.600,10920.000,74.000,14.900,43.000,19.000,1.900,15.500,55.500,69.900,76.600,76.200,69.300,2.300,96.500,60.600,8.800,86.700,7.600,17.600,42.400,0.000,40.700,0.000,8.700,3.200,34.000,14.700,8.300,55.100,91.400,68.600,51.100,0.000,0.000,0.000,44.800,4.900,49.900,53.700,0.000,1.100,0.100,76.900,4.900,10.600,19.300,52.000,99.400,16.100,9.000,0.300,55.500,37.400,0.000,39.100,64.700,8.000,14.500,5.700,28.200,19.800,7.700,44.200,21.000,77.600,66.600,55.000,94.500,0.000,27.700,4.300,29.800,85.200,68.600,99.900,20.300,4.900,1.200,79.900,1008.000,1077.000,14.200,11.000,4.800,1.200,47.900,9.900,79.700,22.300,80.200,33.700,71.200,3.700,43.300,5.700,13.400,6.700,21.700,12.700,7.400
India,Maharashtra,Satara,"Calendar Year (Jan - Dec), 2019",48.700,49.600,74.700,72.800,2607.000,97.900,36.200,53.000,18.100,1.300,13.200,82.800,76.300,93.800,84.900,87.500,6.700,96.200,91.700,2.700,97.300,38.800,27.200,68.900,0.000,75.900,0.000,2.300,5.200,20.200,28.000,20.500,46.400,96.900,66.300,95.100,72.300,72.400,24.500,77.700,7.400,68.100,87.100,0.500,1.200,0.000,78.500,61.800,26.800,2.000,82.100,93.900,11.400,2.400,0.200,97.100,43.800,0.100,11.700,40.600,4.000,12.900,6.900,29.800,17.700,8.500,59.500,39.700,77.500,81.700,94.500,93.800,0.000,50.200,1.000,20.600,78.700,95.600,97.900,28.800,10.400,5.900,96.700,958.000,1049.000,15.900,6.200,3.000,0.500,29.500,7.700,87.200,18.100,87.200,26.600,47.200,22.900,48.300,5.100,12.000,5.100,27.200,16.400,6.200
India,Rajasthan,Karauli,"Calendar Year (Jan - Dec), 2019",60.500,61.500,72.700,61.200,1987.000,97.600,2.800,6.300,1.900,4.200,7.200,88.900,93.100,95.900,95.900,91.200,70.000,98.200,95.900,1.600,98.400,20.600,13.100,75.900,30.600,61.700,,2.300,10.600,37.600,37.300,26.600,38.400,88.900,81.300,87.500,59.300,67.000,30.700,74.700,7.500,60.300,65.500,0.000,1.000,0.200,56.500,49.500,22.400,0.200,24.200,84.700,86.400,1.000,0.700,97.600,76.900,0.000,7.000,51.600,5.000,7.800,2.400,13.200,9.500,2.800,14.100,2.200,65.000,42.000,89.400,94.500,,61.100,1.500,32.100,49.900,94.800,98.700,70.100,6.400,2.400,97.400,863.000,996.000,6.300,6.900,3.600,0.400,17.300,7.000,73.800,33.500,53.300,10.500,47.600,23.000,22.700,3.700,6.000,2.000,10.600,7.500,1.700
India,Rajasthan,Dungarpur,"Calendar Year (Jan - Dec), 2019",77.300,72.600,70.700,60.800,1525.000,95.500,5.900,20.600,4.000,0.900,5.100,83.300,89.200,93.700,89.800,84.800,53.300,96.900,96.800,2.400,97.600,30.000,3.400,79.800,,61.700,,2.500,4.400,31.400,25.900,15.600,47.200,94.500,66.300,92.400,,,,,12.200,71.200,72.700,0.000,0.000,0.300,64.600,41.600,16.000,1.900,27.300,96.600,97.500,2.900,1.300,94.100,81.200,0.000,11.400,40.800,9.100,15.100,5.700,14.900,11.700,2.400,38.000,6.700,77.000,50.600,92.600,97.500,,73.600,2.900,28.800,59.900,94.100,99.400,53.300,5.700,0.000,100.000,843.000,1029.000,4.700,5.900,1.800,0.300,3.600,4.400,85.500,16.900,66.000,4.400,63.700,26.800,32.500,5.700,10.100,4.000,12.900,9.900,1.900
India,Jammu And Kashmir,Udhampur,"Calendar Year (Jan - Dec), 2019",68.600,56.500,69.700,63.900,3412.000,91.100,37.000,0.000,41.600,0.700,8.000,85.800,97.700,89.300,89.300,85.800,14.700,92.900,87.800,0.000,98.000,35.800,0.000,70.400,0.000,80.100,0.000,5.800,9.600,37.300,31.900,19.800,48.600,95.900,47.400,69.100,59.900,86.200,44.300,56.400,10.500,57.800,76.100,0.000,0.000,0.000,73.000,29.600,9.000,3.600,55.100,96.100,16.800,7.800,4.400,87.200,86.000,0.200,27.100,45.200,5.800,8.800,1.800,18.300,13.000,2.700,19.400,6.900,80.100,69.800,71.200,93.700,0.000,57.300,10.300,26.100,69.800,76.400,99.900,44.500,11.900,4.500,97.300,997.000,946.000,7.300,6.300,2.300,0.600,4.700,1.000,74.700,6.100,77.300,29.300,87.400,4.000,43.700,6.100,9.900,2.600,20.100,12.900,3.400
India,West Bengal,Medinipur West,"Calendar Year (Jan - Dec), 2019",84.500,81.500,60.700,55.600,3388.000,95.100,23.100,63.600,18.300,0.400,20.900,76.900,86.800,93.700,89.000,80.100,0.000,100.000,89.300,0.000,93.300,40.600,41.500,66.000,0.000,76.700,0.000,1.700,9.600,31.100,40.000,30.300,67.900,99.300,0.000,80.900,0.000,0.000,0.000,72.100,3.100,49.300,78.800,0.000,0.000,0.000,72.100,32.100,23.500,5.100,17.500,93.800,25.800,1.400,0.500,87.600,72.000,0.400,20.800,50.500,9.900,21.700,10.500,19.000,10.700,4.300,64.300,31.900,52.600,63.100,79.700,96.200,0.000,82.000,18.000,23.400,58.300,95.500,95.400,62.900,6.300,1.400,99.100,1005.000,1089.000,21.800,11.500,5.700,1.500,18.800,25.000,67.300,55.700,70.900,19.100,64.500,18.900,26.200,9.300,17.900,7.800,19.300,9.100,5.000
India,Gujarat,Kachchh,"Calendar Year (Jan - Dec), 2019",62.600,57.500,76.500,62.500,1793.000,97.600,15.800,21.600,10.100,2.900,5.500,70.200,75.300,87.600,85.500,72.900,2.500,97.400,87.500,10.900,88.200,17.400,6.500,68.600,0.000,76.100,0.000,2.600,10.600,37.500,33.400,20.200,43.200,96.600,61.900,91.300,0.000,0.000,0.000,0.000,19.500,85.800,95.100,0.000,0.400,0.000,66.600,34.400,36.100,0.500,67.200,98.000,34.300,3.900,0.400,97.400,45.300,0.000,2.700,38.700,6.900,13.400,5.700,18.200,10.700,3.800,74.300,54.900,88.800,84.200,93.900,88.800,0.000,58.000,3.300,26.600,85.800,96.800,99.200,43.100,3.200,0.500,97.800,994.000,979.000,5.100,7.800,3.900,0.300,8.900,5.700,59.100,19.000,75.600,25.700,30.900,28.100,24.100,6.700,12.900,5.500,19.100,10.800,4.400
India,Assam,Udalguri,"Calendar Year (Jan - Dec), 2019",72.600,81.500,50.200,36.200,6731.000,87.900,14.400,0.000,10.800,1.100,2.600,38.300,52.000,68.000,65.700,48.600,52.200,78.600,75.900,0.000,88.000,20.900,1.700,77.600,0.000,51.200,0.000,5.200,11.600,33.800,32.500,21.300,46.500,96.100,0.000,62.900,0.000,0.000,0.000,55.600,3.000,47.200,51.200,0.300,0.200,0.200,70.600,6.400,14.600,1.900,34.000,99.300,70.600,2.000,0.200,86.200,78.500,0.300,35.100,50.800,9.400,18.000,6.800,22.600,15.800,4.100,44.200,25.700,50.100,49.800,53.100,91.000,0.000,82.200,23.900,27.200,73.800,82.300,95.500,63.900,3.200,2.300,99.600,1255.000,1087.000,2.500,14.600,6.400,11.100,12.200,4.700,61.800,32.000,70.000,14.000,66.900,16.100,23.800,6.600,12.100,4.600,19.700,10.000,7.000
India,Uttar Pradesh,Bareilly,"Calendar Year (Jan - Dec), 2019",66.200,60.800,68.800,43.500,1919.000,77.800,15.500,37.900,5.700,3.500,11.100,70.500,91.000,85.800,85.800,73.000,57.400,95.400,88.700,5.000,91.900,38.500,3.300,67.700,,80.200,0.000,1.400,5.600,45.900,35.200,15.400,42.700,73.100,58.100,75.400,,,,60.600,21.500,59.900,55.900,0.000,0.200,0.000,55.800,16.700,27.600,3.500,54.600,93.500,18.700,0.800,0.300,75.100,40.300,0.400,17.800,39.300,5.700,11.800,5.500,17.600,12.000,4.700,18.000,6.100,72.200,43.100,75.200,96.900,,61.300,3.300,31.300,79.700,100.000,92.500,50.900,4.400,2.500,94.800,1084.000,965.000,10.500,5.900,1.800,0.100,5.500,5.600,71.900,11.400,53.900,25.000,51.900,18.200,22.100,3.600,9.700,5.400,16.400,10.900,4.200
India,Haryana,Fatehabad,"Calendar Year (Jan - Dec), 2019",66.500,62.300,75.800,62.900,1012.000,97.900,22.200,38.400,12.200,2.800,12.800,90.700,96.700,93.800,93.800,90.700,90.700,96.800,93.800,1.700,98.300,31.000,7.100,59.300,,67.800,,1.100,5.300,24.600,26.600,16.000,30.500,98.700,71.000,94.400,,,,,15.600,70.800,92.700,0.000,0.700,0.200,67.300,39.100,29.100,0.300,43.700,94.300,29.400,5.000,0.100,97.900,58.900,0.600,14.200,23.500,7.400,17.000,9.100,20.100,12.200,6.500,60.300,41.500,91.300,60.100,96.900,92.300,,62.500,2.100,24.100,87.300,99.800,99.800,59.000,3.600,0.600,98.100,901.000,908.000,11.200,4.600,2.200,0.500,0.800,2.100,96.700,11.700,71.100,29.800,54.000,19.800,41.500,6.600,16.100,8.800,17.500,9.700,5.000
India,Uttar Pradesh,Sant Kabeer Nagar,"Calendar Year (Jan - Dec), 2019",47.100,43.500,69.200,48.500,2134.000,89.700,8.300,33.000,5.900,2.500,7.300,80.200,82.900,87.800,88.000,85.100,37.700,95.500,95.500,0.000,97.200,42.400,4.200,71.600,22.800,84.400,11.500,2.900,8.800,42.300,34.200,19.000,12.500,82.600,61.700,75.100,,,,60.300,16.200,84.600,36.400,0.300,0.800,0.200,63.800,13.600,31.400,3.600,58.100,98.200,20.400,4.100,4.600,90.600,79.500,0.200,14.400,51.900,5.100,10.200,4.500,28.200,18.000,7.300,23.800,9.800,62.100,43.200,72.500,93.700,,43.800,8.300,34.600,65.100,99.900,94.000,36.200,3.500,4.900,98.300,835.000,1185.000,7.500,13.000,6.600,0.300,9.900,1.900,63.400,16.800,61.300,15.900,58.500,19.300,34.800,4.500,8.700,3.300,22.500,13.000,5.700
India,Maharashtra,Parbhani,"Calendar Year (Jan - Dec), 2019",60.200,58.800,42.000,41.500,2779.000,90.800,12.500,17.400,12.900,3.400,2.100,52.000,75.400,76.200,66.600,55.900,5.700,89.600,77.200,5.500,93.100,17.600,22.500,75.400,0.000,52.900,11.900,3.000,7.600,37.600,41.800,22.800,47.200,95.500,68.000,66.800,76.700,49.800,18.100,74.500,5.400,48.300,74.400,0.900,3.800,0.200,67.100,33.500,17.400,7.300,54.800,95.100,10.500,1.300,0.200,85.600,53.600,0.000,13.800,37.700,5.700,13.400,6.400,21.600,13.500,3.700,17.900,11.200,58.600,47.400,64.400,82.000,0.000,59.400,1.000,29.500,60.100,89.000,96.800,48.000,18.600,1.400,89.000,983.000,966.000,1.900,18.500,6.100,0.100,7.000,13.700,75.300,48.000,73.400,23.700,27.100,20.400,28.800,6.000,11.600,4.800,21.000,11.200,4.700
India,Uttar Pradesh,Prayagraj,"Calendar Year (Jan - Dec), 2019",49.100,46.400,63.100,45.600,2243.000,85.500,15.700,43.400,4.600,6.300,0.000,55.800,67.800,67.200,66.200,58.400,53.600,85.400,70.900,1.700,95.600,15.500,13.100,50.500,29.900,60.700,4.200,1.000,4.300,37.900,32.600,15.100,24.800,74.900,53.400,59.600,,,,,8.600,54.800,48.900,0.400,1.400,0.700,70.600,31.300,18.900,6.100,45.100,96.800,20.600,1.200,0.400,83.200,52.600,0.200,12.500,44.600,7.700,15.700,7.300,17.700,11.900,4.300,22.300,12.000,58.300,45.900,67.500,88.300,,46.500,1.400,31.500,59.500,95.800,95.000,43.000,3.800,0.700,95.800,1191.000,1083.000,0.000,11.900,4.500,0.200,11.900,2.000,79.900,13.800,67.700,25.500,48.800,17.300,47.600,6.300,13.400,6.700,12.600,7.900,3.100
India,Bihar,Lakhisarai,"Calendar Year (Jan - Dec), 2019",75.100,72.600,67.000,50.400,9523.000,76.200,9.300,44.200,2.800,4.600,3.600,68.900,76.800,82.400,82.400,73.700,0.000,92.900,83.900,2.300,97.700,23.700,22.100,77.200,56.500,41.800,7.100,1.400,10.400,42.700,45.100,25.600,36.000,74.800,51.200,74.100,61.400,44.300,30.000,79.300,5.200,53.400,37.400,0.000,0.200,0.100,61.200,37.000,19.800,5.400,42.600,84.200,15.100,1.200,0.600,75.800,58.400,0.200,20.000,45.400,8.800,17.800,7.700,13.800,9.300,2.100,21.100,8.000,66.100,28.000,66.700,92.800,3.400,72.900,3.200,37.800,51.600,96.600,98.000,67.800,9.700,1.300,87.100,886.000,1074.000,3.600,11.700,6.400,0.800,2.400,13.000,64.900,56.100,57.900,16.200,67.400,25.300,30.000,7.300,12.800,4.800,12.300,6.600,3.400
India,Telangana,Jagitial,"Calendar Year (Jan - Dec), 2019",66.200,56.300,57.400,56.500,3494.000,91.900,68.100,77.400,64.900,1.800,14.700,77.700,94.000,93.200,90.800,77.700,9.000,95.700,93.200,6.200,93.800,38.200,6.200,59.900,0.000,72.500,0.000,5.500,8.400,29.900,32.300,17.500,27.500,92.500,0.000,89.900,0.000,0.000,0.000,73.000,0.800,24.000,70.100,1.000,6.700,3.400,55.900,47.700,17.300,1.000,94.700,96.500,59.200,0.800,0.000,94.400,39.800,6.300,47.600,23.500,8.600,19.500,8.400,31.300,16.400,8.400,53.500,36.300,94.600,81.900,84.100,87.900,0.000,56.400,0.700,24.100,76.500,97.300,99.300,0.000,4.100,0.400,95.500,955.000,1219.000,13.600,13.400,3.600,2.600,11.200,3.100,90.200,28.400,62.400,26.000,43.200,22.500,43.500,7.500,15.500,6.100,25.500,11.900,5.800
India,Tamil Nadu,Dharmapuri,"Calendar Year (Jan - Dec), 2019",31.900,42.500,70.000,68.000,2808.000,99.600,29.100,61.000,17.600,0.600,3.600,90.600,96.100,96.400,94.500,90.600,69.600,98.000,96.400,2.200,97.800,50.500,17.800,54.200,,66.200,,8.900,6.500,28.700,23.200,16.900,74.400,93.000,,95.900,,,,,0.400,95.500,87.100,1.200,1.800,0.800,72.600,61.100,36.300,0.000,82.500,93.400,75.500,6.400,0.000,99.600,73.000,0.000,26.800,24.600,8.000,18.100,7.600,30.800,20.600,8.300,92.700,73.500,78.400,94.500,98.000,95.900,,42.000,0.000,23.800,72.400,98.700,99.400,,3.200,0.000,100.000,1052.000,1192.000,8.100,8.500,3.500,0.700,7.900,6.400,97.500,16.700,79.000,33.400,46.500,12.900,54.400,5.700,15.400,8.400,25.800,15.000,8.100
India,Tamil Nadu,Ariyalur,"Calendar Year (Jan - Dec), 2019",58.800,62.400,61.400,60.200,4664.000,100.000,57.300,78.300,49.100,0.500,7.600,90.800,90.800,93.600,93.600,90.800,80.300,100.000,100.000,4.100,95.900,49.500,21.600,62.000,,61.700,,1.600,4.400,25.300,20.100,15.100,68.400,97.500,,96.200,,,,,0.900,86.900,91.700,4.300,5.600,0.400,73.500,49.600,31.400,0.000,46.700,81.600,71.100,8.300,0.100,100.000,72.100,0.000,28.100,20.700,8.700,24.700,13.900,27.500,18.500,6.300,84.700,70.800,65.000,91.400,95.700,88.400,,62.400,0.000,22.400,54.600,93.200,98.200,64.100,5.600,0.000,100.000,807.000,1143.000,11.700,7.000,3.100,0.100,8.700,11.500,98.000,12.400,74.600,33.300,49.200,15.600,50.700,8.700,22.000,11.700,20.600,12.400,4.500
India,Punjab,Jalandhar,"Calendar Year (Jan - Dec), 2019",56.000,57.000,66.600,40.100,3680.000,93.300,48.300,61.700,40.400,2.300,7.700,91.300,95.600,97.700,97.700,92.900,86.500,96.000,97.700,10.500,86.800,33.900,6.500,69.200,,72.800,,1.800,4.400,24.800,16.700,10.300,54.500,97.600,,86.100,,,,,21.000,81.200,95.500,0.200,3.300,1.000,82.100,14.900,26.900,1.000,82.300,94.700,25.900,2.000,0.300,92.300,40.800,0.200,22.500,11.300,6.400,14.800,7.400,37.500,27.200,8.300,53.900,39.400,78.500,72.800,88.200,93.200,,57.300,1.000,21.700,88.200,99.900,99.600,,4.100,0.900,98.800,936.000,997.000,12.900,8.800,2.100,0.300,0.700,0.700,96.800,7.400,86.800,48.300,66.300,11.900,64.400,5.800,17.800,10.700,32.500,20.300,8.500
India,Punjab,Shahid Bhagat Singh Nagar,"Calendar Year (Jan - Dec), 2019",58.800,49.800,66.100,49.400,2450.000,100.000,43.600,60.400,21.000,0.000,2.900,100.000,97.400,100.000,100.000,100.000,69.000,100.000,100.000,4.800,92.400,50.900,10.800,63.900,,74.600,,6.600,5.900,17.900,11.200,12.000,63.700,99.000,73.100,94.700,,,,,25.000,77.800,97.700,0.300,3.500,0.100,82.300,19.400,22.800,0.700,76.400,97.700,23.300,3.000,0.100,99.300,41.700,1.300,18.700,10.900,8.500,15.800,6.900,42.800,29.800,11.900,66.100,46.800,79.900,60.500,96.600,97.200,,49.900,0.500,20.900,91.300,99.700,100.000,,1.200,0.000,100.000,833.000,1004.000,7.700,10.800,4.400,0.200,0.200,2.800,97.300,6.400,88.100,41.800,70.600,9.800,65.400,8.100,15.100,6.300,32.700,21.000,9.300
India,Manipur,Bishnupur,"Calendar Year (Jan - Dec), 2019",33.300,35.800,46.300,21.600,16362.000,92.600,38.200,70.800,34.200,1.000,22.100,66.600,76.700,77.800,81.500,84.100,8.600,96.100,70.500,5.700,94.300,16.000,28.600,42.400,0.000,57.900,0.000,3.100,2.100,15.500,11.700,7.900,48.100,83.600,74.600,65.300,46.600,51.000,16.100,49.800,3.700,42.400,24.400,1.100,1.700,0.200,81.500,5.300,8.600,3.100,71.300,99.400,9.300,3.900,0.200,89.500,68.600,0.100,44.300,60.200,5.700,15.800,8.900,31.300,18.000,8.600,57.400,30.500,84.200,77.400,79.000,88.800,0.000,35.600,8.200,26.400,52.600,77.700,98.600,39.000,9.700,2.100,93.500,945.000,1094.000,21.100,20.000,5.700,0.800,48.800,5.100,80.100,20.900,88.400,40.900,63.300,7.700,48.700,5.900,13.400,6.100,23.600,13.900,5.300
India,Kerala,Kannur,"Calendar Year (Jan - Dec), 2019",30.400,39.700,61.900,54.200,6125.000,100.000,39.700,40.000,39.100,0.400,39.900,77.700,88.400,87.500,87.500,79.500,3.900,98.000,83.700,8.400,91.600,9.800,32.300,37.200,0.000,80.200,0.000,3.000,6.900,19.400,17.900,14.000,63.800,99.600,0.000,90.000,0.000,0.000,0.000,81.200,4.300,77.000,98.500,2.100,2.900,0.300,96.700,47.700,16.800,0.000,70.400,99.200,47.900,1.300,0.000,100.000,33.600,0.000,14.100,12.900,10.200,25.000,11.600,34.800,23.300,5.800,78.000,58.800,94.800,78.300,93.400,97.700,0.000,39.700,0.700,23.900,99.500,93.900,99.700,39.700,0.700,3.300,95.300,880.000,1203.000,38.400,12.700,9.200,0.100,1.700,2.400,96.800,5.400,99.100,32.400,72.900,8.700,74.100,10.500,23.800,11.100,31.000,17.200,7.600
India,Uttar Pradesh,Deoria,"Calendar Year (Jan - Dec), 2019",39.000,33.800,56.200,45.900,1961.000,91.600,12.700,51.600,5.100,1.900,3.000,64.200,73.200,79.000,77.900,73.900,61.700,92.600,77.400,0.000,98.900,26.500,7.500,54.900,,68.000,,3.400,10.800,36.800,39.400,26.500,17.300,86.700,54.800,73.900,,,,89.100,16.400,79.300,47.700,0.800,6.800,0.500,69.000,18.000,24.700,2.500,67.200,97.000,10.500,3.100,2.300,93.400,76.400,0.100,12.700,36.900,6.300,12.600,5.300,21.000,13.000,5.800,13.800,7.400,55.900,42.500,77.200,93.900,,34.200,5.400,30.300,69.100,99.800,95.300,21.100,5.000,1.600,96.200,1002.000,1046.000,2.700,20.400,6.300,0.300,2.300,2.100,76.900,13.700,71.300,19.300,67.400,16.800,50.400,4.200,9.600,4.400,17.600,10.300,5.800
India,Rajasthan,Sikar,"Calendar Year (Jan - Dec), 2019",42.100,44.000,75.200,63.300,5927.000,94.900,17.200,26.500,11.700,2.300,10.700,70.000,71.300,80.600,79.300,77.600,38.000,95.700,86.500,6.900,93.200,22.500,9.100,61.500,,68.100,,4.100,6.300,23.100,18.300,12.800,30.400,92.300,74.000,87.800,,,,71.800,17.200,58.000,74.800,0.100,0.300,0.300,67.900,38.600,20.200,1.100,58.400,94.500,82.400,2.200,0.200,95.800,54.800,0.400,9.800,35.100,4.700,8.800,2.700,22.000,15.100,5.200,45.100,25.800,75.900,50.400,83.500,90.900,,44.300,4.700,27.500,77.900,99.400,99.200,32.900,5.900,3.200,97.200,770.000,1061.000,12.000,10.300,4.700,0.200,7.000,3.000,94.000,18.000,71.800,19.600,52.700,21.400,41.400,2.900,6.300,2.600,19.400,12.100,4.300
India,Telangana,Nirmal,"Calendar Year (Jan - Dec), 2019",57.300,57.700,59.300,58.500,5080.000,91.600,77.300,90.300,58.600,1.800,10.200,75.300,77.200,89.500,87.700,83.300,17.200,100.000,97.200,5.900,88.900,50.100,11.500,65.300,0.000,84.100,0.000,1.400,6.600,31.700,33.400,18.100,20.900,94.000,61.700,91.000,0.000,0.000,0.000,56.300,0.400,39.400,71.700,0.900,6.500,1.400,53.300,53.800,9.200,0.500,88.800,95.100,49.900,0.600,0.200,96.700,31.300,0.300,43.900,29.000,6.700,15.800,7.600,28.500,18.600,5.300,58.700,34.600,85.200,69.700,87.200,91.200,0.000,58.100,1.000,22.700,63.600,98.300,99.500,47.200,7.800,0.000,96.900,1138.000,1171.000,10.500,6.700,3.600,3.500,13.000,9.600,78.700,23.300,58.600,22.500,32.000,26.900,40.900,5.600,11.700,5.200,25.100,13.400,6.100
India,Punjab,Kapurthala,"Calendar Year (Jan - Dec), 2019",63.300,54.500,61.000,47.200,3300.000,93.500,46.000,61.600,35.500,1.600,17.300,65.700,83.400,86.800,81.400,69.500,58.600,96.200,90.500,11.200,88.800,37.200,2.400,68.700,,72.900,,4.900,9.100,24.600,19.200,12.800,58.500,98.700,55.700,86.400,,,,66.600,20.500,86.400,91.700,0.000,2.300,0.000,79.200,22.100,19.500,3.200,84.200,93.900,20.700,1.600,0.000,95.000,48.100,0.800,22.300,11.600,7.200,15.900,7.400,36.200,24.900,8.800,57.900,39.500,67.600,51.400,88.400,93.400,,54.700,1.600,21.800,87.700,99.400,99.800,,3.300,2.000,95.300,922.000,998.000,14.000,13.400,4.400,0.200,0.200,2.500,95.600,6.900,84.100,42.400,68.300,11.500,60.300,6.400,15.800,8.400,32.300,19.500,8.600
India,Odisha,Boudh,"Calendar Year (Jan - Dec), 2019",53.300,54.100,70.700,45.300,4249.000,95.000,13.400,,9.900,0.400,20.000,91.800,92.800,95.300,95.300,93.700,91.500,95.100,95.300,0.000,100.000,48.500,20.000,56.200,,93.700,,1.600,6.900,37.000,38.600,20.100,68.600,84.400,58.300,90.900,,,,72.100,5.400,67.300,66.000,0.200,1.200,0.200,68.600,21.500,28.500,1.600,30.900,95.500,44.700,1.800,0.000,93.400,86.700,0.200,25.100,42.700,7.500,15.000,7.100,24.000,17.200,5.700,58.300,28.900,78.800,79.000,89.600,95.700,,54.600,15.600,25.900,52.900,92.500,96.300,40.700,7.000,2.300,99.600,844.000,1009.000,19.600,5.200,2.100,0.900,19.100,13.700,79.800,25.300,68.800,18.500,71.700,22.100,29.900,5.100,10.800,5.200,20.900,13.400,5.100
India,Karnataka,Ramanagara,"Calendar Year (Jan - Dec), 2019",47.200,45.500,78.100,77.500,4877.000,100.000,39.900,57.800,31.800,1.700,8.600,100.000,92.600,100.000,97.700,100.000,0.000,100.000,100.000,3.500,96.500,38.400,41.100,60.200,0.000,87.600,0.000,4.000,7.700,15.600,19.800,20.000,49.900,100.000,0.000,84.800,0.000,0.000,0.000,0.000,2.400,82.900,90.000,0.300,0.300,0.700,68.800,70.000,34.100,0.000,92.000,95.700,35.700,2.800,0.400,100.000,68.800,0.000,17.900,25.900,6.300,19.600,11.900,29.900,17.800,7.900,47.900,23.900,91.800,88.700,87.000,94.700,0.000,45.300,1.500,18.100,89.600,98.300,99.600,0.000,7.200,2.500,100.000,781.000,1064.000,16.600,5.100,3.100,0.500,3.600,5.700,99.500,11.800,82.700,36.500,45.400,13.200,54.500,6.500,18.200,9.700,28.200,16.100,7.300
India,Delhi,South West,"Calendar Year (Jan - Dec), 2019",65.900,56.400,78.500,60.800,2404.000,93.000,29.400,51.500,17.000,1.300,18.500,77.300,74.200,87.200,85.800,83.300,26.700,98.000,91.600,19.600,80.400,32.800,22.500,70.100,,58.100,,4.700,3.400,27.100,16.800,10.600,51.800,95.800,,88.300,,,,72.700,29.400,76.900,95.400,0.000,0.500,1.600,86.600,21.200,23.900,0.500,99.300,96.800,37.700,6.400,0.200,92.500,52.800,0.400,23.000,27.400,7.400,17.000,8.600,26.500,16.700,7.700,74.800,54.900,83.800,91.000,92.400,94.700,,56.700,2.400,22.800,86.200,99.700,100.000,44.200,6.900,9.200,96.200,701.000,881.000,15.200,4.600,1.500,0.600,1.800,4.700,98.600,7.500,87.500,42.900,61.500,9.000,68.400,3.800,12.600,7.400,19.500,13.300,3.000
India,Telangana,Nizamabad,"Calendar Year (Jan - Dec), 2019",65.200,57.000,60.300,56.800,5262.000,91.800,66.700,90.000,45.000,2.100,18.000,86.100,81.500,96.700,94.400,87.800,13.400,95.000,95.300,3.500,96.500,57.900,17.800,65.300,0.000,83.000,0.000,2.800,4.300,30.500,38.400,26.200,25.600,90.400,0.000,85.900,59.400,56.600,42.200,67.000,1.500,60.400,77.600,0.400,5.000,1.400,54.300,52.400,8.600,1.000,92.400,96.900,52.300,0.000,0.400,97.300,46.400,0.000,40.200,20.600,6.300,15.600,7.700,31.200,18.100,9.100,40.900,28.200,87.900,78.500,79.500,80.000,0.000,57.700,1.200,23.700,72.500,99.400,99.900,38.900,16.200,1.100,96.200,941.000,1132.000,18.400,9.400,5.200,9.800,8.600,3.800,88.800,23.700,63.100,27.500,41.900,21.000,42.400,5.100,13.500,6.100,27.100,13.600,6.700
India,Uttar Pradesh,Gonda,"Calendar Year (Jan - Dec), 2019",51.600,49.300,41.100,37.100,2602.000,82.600,11.000,37.800,8.100,2.000,5.800,59.900,66.200,70.500,63.500,70.500,21.100,90.500,71.400,1.100,97.800,29.000,7.100,62.000,,74.500,3.400,4.700,3.800,45.900,28.000,12.100,17.900,73.000,55.900,72.100,78.100,48.400,31.400,58.100,15.900,62.200,34.600,0.500,2.100,1.200,61.700,8.700,33.200,5.700,56.200,85.100,13.400,1.700,2.300,81.800,66.900,0.200,11.100,51.600,3.200,12.400,5.500,28.600,17.500,7.500,17.200,12.000,44.400,41.700,68.600,90.400,,49.300,6.600,32.400,44.600,100.000,88.900,48.800,15.400,11.200,97.100,896.000,1078.000,5.000,24.500,9.200,0.400,18.000,4.200,61.400,25.400,57.700,17.500,50.800,24.600,31.500,3.600,8.700,3.700,22.900,12.200,6.100
India,Odisha,Puri,"Calendar Year (Jan - Dec), 2019",56.100,63.300,74.400,48.600,4812.000,94.900,35.300,84.500,28.000,0.500,22.300,95.800,96.500,97.800,97.800,98.000,94.700,100.000,100.000,0.000,100.000,37.300,13.300,51.000,,94.100,,3.800,1.500,13.800,11.300,8.900,77.600,94.400,,92.400,,,,55.800,5.800,82.600,82.800,0.200,0.900,0.500,83.300,31.100,31.800,0.000,34.400,97.700,61.500,2.700,0.000,97.700,83.500,0.000,19.400,52.600,9.500,23.100,12.300,23.300,14.300,5.400,76.400,49.200,83.300,94.900,93.900,97.600,,63.300,7.700,21.600,67.300,98.500,99.500,,11.800,0.000,99.500,782.000,1045.000,20.600,7.300,2.900,0.000,25.500,4.000,92.700,10.200,86.400,40.400,64.200,12.900,38.100,8.900,20.700,10.600,20.800,10.600,4.900
India,Jammu And Kashmir,Poonch,"Calendar Year (Jan - Dec), 2019",74.500,54.100,58.800,53.300,3641.000,93.800,30.900,0.000,34.600,1.300,9.700,91.200,92.100,98.500,97.100,95.600,6.100,97.000,95.700,0.000,100.000,23.600,0.000,54.300,0.000,81.000,5.500,4.500,6.600,25.900,18.800,15.600,62.200,96.400,69.700,78.900,0.000,0.000,0.000,79.500,10.100,70.000,82.100,0.400,0.000,0.600,72.100,12.200,15.100,8.800,44.600,98.900,11.100,8.200,9.300,86.000,84.200,0.400,2.400,38.800,3.200,7.000,2.900,16.300,11.700,1.600,20.600,11.300,80.500,86.400,81.700,94.400,0.000,56.300,11.800,27.200,66.700,76.800,99.700,24.900,6.000,3.800,98.000,1175.000,946.000,9.600,8.400,5.400,0.300,2.300,0.500,76.000,5.400,79.300,16.200,91.200,6.800,46.800,3.000,7.800,4.100,17.900,11.400,1.900
India,Jammu And Kashmir,Kishtwar,"Calendar Year (Jan - Dec), 2019",92.200,84.800,52.500,47.800,4410.000,94.100,34.300,0.000,36.900,0.800,2.900,91.600,100.000,94.600,94.600,91.600,8.200,97.300,94.600,3.000,94.300,43.700,1.400,88.500,0.000,67.000,0.000,21.100,15.300,27.500,17.700,22.800,36.000,91.900,77.800,75.400,0.000,0.000,0.000,77.000,6.700,45.600,62.400,0.300,0.200,0.300,68.900,25.900,3.100,3.700,50.600,94.700,16.400,5.100,1.900,91.600,90.800,0.400,9.400,41.300,3.500,6.800,1.300,13.300,5.300,1.700,34.800,15.800,80.300,76.400,75.700,89.300,0.000,86.200,7.400,24.800,59.600,86.800,88.800,65.300,6.000,2.200,95.800,1024.000,978.000,6.600,9.600,4.600,0.100,3.500,1.800,70.800,7.200,71.300,24.900,81.700,5.100,48.000,2.900,5.300,0.800,13.200,4.300,2.200
India,Chhattisgarh,Raigarh,"Calendar Year (Jan - Dec), 2019",59.500,62.200,64.100,56.000,2137.000,85.800,18.900,61.300,13.100,1.800,4.800,90.900,91.900,92.800,92.800,90.900,76.800,100.000,95.200,0.800,99.200,13.500,4.200,62.700,,88.300,,0.600,2.900,39.100,28.000,14.900,37.600,97.200,82.800,88.900,,,,,2.800,89.200,81.700,0.000,0.000,0.000,72.200,45.500,38.400,3.300,29.800,99.600,66.300,1.900,0.600,87.700,72.300,0.000,33.000,43.600,6.300,13.400,5.600,0.000,22.700,8.600,58.000,31.800,57.700,55.400,89.600,95.600,,62.500,2.600,24.100,66.300,97.500,99.000,54.200,1.900,0.800,100.000,812.000,1013.000,4.500,10.300,5.200,3.800,19.100,1.300,69.100,11.500,74.900,14.900,46.600,26.900,38.300,4.000,8.100,3.500,26.100,15.500,8.700
India,Mizoram,Hnahthial,"Calendar Year (Jan - Dec), 2019",34.200,34.900,33.000,33.000,5717.000,80.200,5.400,9.200,6.000,0.800,7.400,73.800,84.100,85.000,85.000,82.200,0.000,79.300,85.000,0.000,100.000,14.000,2.000,45.700,0.000,61.300,0.000,10.100,3.300,26.500,11.100,9.500,63.800,100.000,0.000,39.400,0.000,0.000,0.000,0.000,2.300,62.800,86.600,0.400,2.200,0.200,89.800,18.800,13.000,3.900,79.900,99.000,46.500,1.700,0.000,82.700,69.400,0.000,19.200,75.000,9.900,17.100,6.000,20.000,12.700,5.200,64.700,9.700,68.800,56.700,67.100,79.900,0.000,35.100,10.200,24.600,95.600,96.000,98.000,27.500,4.000,0.800,99.200,876.000,1004.000,9.400,15.400,12.500,0.900,62.800,3.800,91.400,4.800,91.600,20.600,48.900,6.200,46.300,7.400,13.500,4.900,13.900,7.700,3.600
India,Arunachal Pradesh,Pakke Kessang,"Calendar Year (Jan - Dec), 2019",39.500,26.200,64.900,57.400,8612.000,80.300,9.000,,11.000,3.600,28.200,60.800,78.300,70.700,64.400,71.900,20.500,82.900,77.800,0.000,98.000,36.300,5.600,51.700,,67.900,0.800,10.200,8.500,35.700,14.200,15.800,52.200,81.300,,54.600,49.500,74.400,24.000,29.500,6.200,77.500,22.200,0.200,0.600,0.700,63.100,23.600,13.700,4.400,49.500,98.900,25.100,10.600,0.800,76.000,74.200,0.000,49.800,48.200,6.700,13.900,6.300,29.000,22.200,6.000,11.200,1.200,41.700,29.100,53.600,73.100,,26.900,14.600,31.200,75.600,93.600,86.300,13.100,7.300,2.400,93.000,995.000,985.000,26.400,9.700,4.700,27.400,24.900,8.100,85.400,26.500,59.100,19.600,68.700,4.800,31.800,4.300,8.900,4.000,19.500,14.100,4.400
India,Bihar,Arwal,"Calendar Year (Jan - Dec), 2019",66.300,66.900,60.500,42.800,1933.000,83.100,12.700,57.300,1.500,3.200,10.300,84.200,89.000,93.900,92.200,85.000,4.200,97.300,94.700,1.700,98.300,51.400,13.900,65.800,61.700,57.100,4.100,2.900,14.800,45.600,52.900,36.800,44.100,69.900,48.300,70.100,83.100,57.500,51.200,86.300,3.400,56.000,34.200,0.200,0.400,0.200,62.600,35.400,27.100,5.400,29.300,90.100,15.600,0.500,1.000,79.200,58.600,0.100,25.200,47.900,9.300,15.900,5.800,14.000,9.000,3.300,17.200,6.900,57.400,34.500,70.100,94.200,15.800,66.600,1.600,36.600,43.400,99.900,97.400,70.400,13.400,5.000,95.500,815.000,1076.000,11.500,12.200,5.400,0.600,2.400,8.800,54.500,37.500,62.500,12.400,51.300,31.900,32.900,6.300,10.900,4.100,12.900,8.600,2.600
India,Chhattisgarh,Durg,"Calendar Year (Jan - Dec), 2019",61.800,51.700,80.600,76.400,2451.000,98.000,27.500,64.100,16.500,1.800,8.500,82.700,87.000,90.800,85.400,85.800,56.400,97.200,92.200,9.600,90.400,34.600,4.000,57.100,,82.300,,3.000,10.100,38.900,27.700,16.900,18.500,98.900,,92.500,,,,,6.500,89.200,81.900,0.400,0.500,0.800,79.400,61.200,36.500,1.700,76.300,98.000,67.000,3.800,0.400,96.700,72.400,0.600,32.000,36.600,6.600,12.200,4.400,26.500,18.500,5.400,46.500,28.700,71.100,69.900,94.200,96.000,,52.000,1.600,22.900,89.500,98.500,99.600,41.200,2.000,0.000,99.400,812.000,957.000,8.300,4.900,3.400,0.900,7.200,0.600,87.700,4.300,80.300,23.900,65.700,12.500,52.700,6.100,11.200,3.700,22.600,14.500,5.100
India,Chhattisgarh,Bemetara,"Calendar Year (Jan - Dec), 2019",50.300,47.000,75.600,71.200,2515.000,93.900,13.200,67.600,7.200,1.200,15.500,93.400,93.400,93.400,93.400,93.400,64.100,100.000,95.700,0.000,100.000,28.300,1.300,61.800,,89.000,,4.100,3.900,38.400,27.600,16.400,27.400,99.400,65.600,91.900,,,,,2.800,88.200,80.000,0.000,0.500,0.000,65.300,62.400,37.300,2.000,18.900,97.800,63.400,1.900,0.400,95.000,84.600,0.100,29.000,40.200,6.700,11.700,4.100,27.600,19.900,6.500,54.600,34.800,77.400,54.600,91.500,89.000,,46.900,1.600,27.000,80.500,98.800,99.700,49.200,1.300,0.000,99.700,987.000,972.000,14.700,5.000,2.400,0.700,10.600,4.900,63.900,15.100,71.100,14.900,57.400,21.000,33.000,4.700,8.400,3.000,26.900,17.100,7.000
India,Odisha,Sambalpur,"Calendar Year (Jan - Dec), 2019",67.100,66.700,77.100,58.100,4191.000,97.600,25.300,,19.300,1.900,18.000,98.000,97.900,100.000,100.000,98.000,92.100,100.000,100.000,2.100,94.200,51.400,4.300,64.500,,91.100,,3.700,7.600,40.700,36.300,25.500,59.000,95.100,79.600,94.100,,,,,5.500,83.900,83.700,0.300,0.300,0.000,74.600,32.600,24.200,0.500,42.600,97.800,49.300,2.500,0.400,99.500,88.700,0.300,40.000,50.800,9.200,16.600,6.400,24.500,18.200,4.100,63.100,35.600,79.000,89.000,90.500,90.800,,67.100,14.500,22.600,62.400,93.000,98.800,,7.600,1.700,100.000,1061.000,1067.000,17.400,9.100,3.600,7.600,22.400,0.900,86.100,7.400,71.100,21.400,71.200,19.700,36.500,6.700,11.700,4.400,22.200,14.300,5.000
India,Gujarat,Botad,"Calendar Year (Jan - Dec), 2019",60.300,58.800,49.300,44.600,2027.000,74.500,16.600,25.500,7.100,2.300,6.900,65.100,77.600,76.300,75.200,74.500,1.300,94.000,78.200,5.900,94.100,19.900,1.900,75.500,0.000,73.300,0.000,5.800,9.600,32.200,32.300,26.000,35.900,99.000,0.000,86.900,0.000,0.000,0.000,0.000,7.700,64.100,92.400,0.000,0.500,0.800,68.900,31.800,17.400,3.100,63.000,98.700,38.000,2.000,0.000,93.500,39.200,0.000,1.300,48.900,8.700,16.800,7.400,12.000,6.700,2.500,54.600,36.700,82.300,82.700,85.400,82.300,0.000,59.100,3.100,24.800,72.000,99.200,99.300,48.500,5.400,0.600,98.200,992.000,975.000,8.100,13.200,6.200,0.400,5.300,2.200,72.100,13.000,71.800,27.300,25.000,19.600,22.000,8.800,16.700,7.100,12.500,6.200,3.000
India,Madhya Pradesh,Satna,"Calendar Year (Jan - Dec), 2019",65.100,57.300,71.600,61.200,1117.000,86.300,8.800,,5.700,5.700,7.200,76.300,79.500,90.800,87.000,76.300,43.400,94.900,88.400,0.000,100.000,41.300,9.200,81.800,,61.900,,2.300,6.200,49.400,31.200,16.800,22.200,95.100,,79.700,,,,66.200,3.800,69.800,44.200,2.800,3.000,3.300,71.900,52.100,25.800,4.600,35.200,93.300,22.000,0.700,0.500,85.500,75.100,2.400,21.700,55.900,8.300,15.100,5.200,16.300,11.700,3.100,41.300,26.000,68.600,51.500,81.300,96.100,,57.500,0.500,27.500,55.400,92.700,97.800,,4.000,5.200,89.000,658.000,1014.000,7.000,9.100,3.400,0.100,6.300,0.700,59.200,12.900,69.100,20.400,44.600,21.300,31.500,5.600,10.400,4.500,16.200,10.000,4.100
India,Bihar,Saharsa,"Calendar Year (Jan - Dec), 2019",67.900,65.300,44.700,37.600,2273.000,72.900,6.100,42.700,4.000,4.900,11.800,72.200,88.500,85.100,82.800,74.500,0.800,97.100,87.200,1.200,98.800,35.200,3.700,69.300,48.100,57.400,0.900,1.900,8.300,47.800,42.700,20.500,38.000,75.800,49.400,40.800,71.300,50.300,21.200,75.500,0.900,38.700,32.400,0.200,0.200,0.000,50.200,34.500,21.800,5.600,25.200,94.600,12.800,0.800,0.800,70.400,62.000,0.000,9.600,54.900,9.000,16.500,6.700,15.500,8.800,4.200,12.100,4.400,34.800,11.700,38.500,82.700,0.000,65.700,0.500,38.800,40.500,100.000,97.200,61.800,8.800,2.000,95.100,1034.000,1128.000,10.300,16.700,8.200,0.200,10.700,23.500,43.500,51.000,43.100,12.800,51.700,31.000,20.900,6.600,11.700,4.700,14.900,6.200,2.800
India,Uttar Pradesh,Azamgarh,"Calendar Year (Jan - Dec), 2019",57.800,54.300,52.700,31.400,4265.000,89.800,16.800,27.400,7.700,5.200,0.000,64.500,80.300,82.100,79.800,69.800,43.200,92.200,80.000,8.800,86.400,16.200,17.300,58.900,,67.800,,0.500,4.300,33.400,28.000,14.400,18.800,85.700,61.800,72.500,,,,77.500,5.900,53.300,59.300,1.500,4.600,0.600,71.200,23.300,17.800,3.700,37.600,99.300,9.000,0.600,0.200,93.200,44.700,0.000,14.700,44.100,6.800,17.100,10.100,28.700,18.800,8.100,19.400,9.900,53.700,38.500,72.900,94.400,,54.200,0.900,29.300,72.800,100.000,96.500,58.000,2.700,1.800,96.600,839.000,1141.000,0.000,20.700,8.200,0.300,9.400,0.300,79.300,12.000,76.500,21.500,45.200,22.100,52.600,6.800,14.200,6.900,19.400,12.000,5.400
India,Nagaland,Mokokchung,"Calendar Year (Jan - Dec), 2019",21.100,25.000,66.700,52.500,6242.000,61.700,3.800,0.000,8.000,2.600,0.000,92.000,95.600,99.000,96.000,96.300,9.300,96.800,100.000,0.000,100.000,36.600,7.300,35.500,0.000,47.300,1.700,5.900,3.500,31.400,22.900,11.700,56.500,85.600,0.000,47.300,0.000,0.000,0.000,0.000,3.300,70.300,29.700,0.400,0.000,0.000,88.000,16.000,11.400,12.200,46.200,98.700,22.300,25.800,0.000,51.500,47.300,0.000,23.400,53.000,4.500,10.100,5.500,28.900,21.600,6.900,12.500,4.100,51.600,18.200,47.400,91.700,0.000,25.800,6.100,20.400,96.700,97.400,97.700,11.500,2.400,0.900,96.600,1075.000,1041.000,6.900,6.400,3.400,0.400,22.200,0.700,90.200,6.000,94.000,15.200,73.000,11.300,55.800,4.600,8.600,3.800,23.200,14.700,7.900
India,Haryana,Jind,"Calendar Year (Jan - Dec), 2019",50.700,59.600,79.200,65.200,1670.000,99.000,14.500,23.100,10.600,1.200,11.100,77.500,83.300,88.100,88.100,86.200,78.400,96.300,84.200,0.000,100.000,32.500,0.000,68.900,,60.300,,2.500,1.600,25.500,22.900,8.800,22.600,94.900,78.200,94.500,,,,,12.400,76.200,93.000,0.900,2.000,0.400,71.400,39.500,25.100,0.600,42.100,95.900,23.700,8.600,0.400,98.700,66.500,1.000,16.900,35.300,7.500,15.400,7.300,21.900,13.900,6.000,46.900,27.500,82.600,49.600,96.400,88.700,,59.500,2.700,25.800,88.500,96.200,100.000,62.700,5.100,0.700,95.400,850.000,977.000,10.500,5.400,2.600,0.000,2.500,1.900,96.200,8.700,81.300,32.300,51.400,18.900,45.300,6.100,12.100,5.100,16.500,9.400,4.500
India,Rajasthan,Nagaur,"Calendar Year (Jan - Dec), 2019",55.200,45.300,83.400,69.300,2450.000,96.900,8.900,23.900,5.400,1.300,8.100,80.600,93.400,92.000,90.200,82.700,42.600,95.300,92.000,0.000,98.700,28.200,4.700,65.100,,66.000,,3.700,8.800,31.500,26.200,16.200,28.900,94.700,69.000,85.500,,,,67.100,19.400,64.600,86.700,0.100,0.100,0.100,62.900,40.900,22.200,1.700,45.700,92.300,90.000,1.400,0.500,97.000,77.000,0.200,7.500,44.000,4.600,7.900,3.100,17.500,12.700,3.300,40.600,19.000,77.100,46.200,80.800,96.400,,45.600,6.600,27.600,79.000,96.900,99.000,33.200,4.600,1.300,99.500,817.000,1055.000,7.300,4.400,2.200,0.300,5.900,0.900,86.600,28.200,67.200,13.000,52.300,18.900,32.300,3.400,6.900,3.100,15.600,10.600,2.900
India,Odisha,Dhenkanal,"Calendar Year (Jan - Dec), 2019",68.700,65.900,75.900,48.200,5371.000,93.200,30.000,67.300,20.900,0.800,25.300,88.600,86.000,97.700,97.700,95.400,95.400,97.800,97.700,0.000,100.000,44.300,19.400,62.000,,86.400,,6.800,5.400,33.300,30.000,22.700,70.100,89.500,65.300,89.800,,,,73.400,3.400,64.000,64.200,0.000,0.600,0.000,76.200,31.500,23.900,1.300,28.800,98.000,55.200,1.400,0.300,94.800,72.800,0.300,29.600,56.000,5.900,17.000,10.800,26.000,15.000,7.300,50.900,26.400,72.400,75.800,90.700,95.600,,66.100,10.700,25.400,58.200,63.400,96.300,60.000,9.500,6.100,100.000,895.000,1047.000,25.600,8.100,2.400,2.600,28.200,9.300,84.900,23.700,74.100,21.800,59.600,18.900,33.300,7.000,14.700,7.100,25.300,13.000,7.400
India,Punjab,Ferozepur,"Calendar Year (Jan - Dec), 2019",61.100,61.500,77.300,63.300,3051.000,97.500,35.600,55.100,26.800,1.000,5.300,74.500,86.500,90.900,88.700,78.400,64.000,97.800,89.900,11.700,88.300,27.900,8.500,73.400,,57.600,,2.900,2.200,30.000,22.000,12.900,48.700,98.000,66.600,84.700,,,,70.100,23.300,70.400,81.600,0.000,9.400,0.200,72.500,31.000,14.800,2.700,68.600,97.600,21.000,6.900,0.300,95.500,60.100,0.300,26.400,12.600,6.000,12.700,6.000,33.900,20.600,10.600,40.300,22.900,67.200,48.400,83.900,85.000,,61.400,1.200,23.700,84.800,95.600,99.600,62.000,2.500,4.400,97.200,892.000,958.000,6.400,5.400,1.800,0.300,0.100,1.900,93.700,10.500,75.400,39.200,64.900,12.600,47.500,5.700,13.200,6.900,29.700,18.700,8.000
India,Uttar Pradesh,Jaunpur,"Calendar Year (Jan - Dec), 2019",41.400,34.000,62.000,55.200,2030.000,86.700,7.300,32.600,2.800,3.000,4.100,75.100,83.600,79.900,78.900,78.700,47.100,91.400,81.100,1.300,97.400,24.400,1.900,65.300,,76.100,,2.700,6.700,40.500,30.300,14.800,18.000,94.000,54.900,79.400,95.300,48.100,22.700,45.000,18.700,75.300,51.000,0.000,4.200,0.100,69.900,23.500,27.900,5.600,55.200,97.600,12.000,2.800,2.400,88.800,72.400,0.000,13.600,43.800,4.900,9.600,3.700,19.700,13.600,5.000,14.800,7.500,47.900,47.600,82.300,94.000,,34.100,6.800,29.300,62.600,99.100,98.200,30.500,5.100,4.800,98.900,898.000,1066.000,5.700,16.200,5.400,0.600,5.800,0.600,83.500,11.800,75.900,15.700,75.800,17.500,52.700,3.500,8.000,3.400,16.000,10.200,3.800
India,Uttar Pradesh,Mathura,"Calendar Year (Jan - Dec), 2019",67.800,63.000,58.200,43.100,2650.000,81.500,15.700,32.300,5.200,6.000,2.400,73.600,80.500,91.700,84.400,75.000,23.900,98.300,90.300,3.200,91.800,43.200,12.800,77.200,,69.700,0.000,2.100,3.200,31.600,21.300,11.000,24.500,63.600,61.000,67.200,57.000,32.300,10.700,62.600,14.000,51.400,34.300,0.500,0.700,0.200,68.400,23.500,16.700,4.300,47.300,90.300,10.800,1.800,0.400,79.500,36.900,0.000,13.000,42.900,4.800,10.200,5.000,25.400,17.100,7.100,14.100,3.700,59.300,39.300,62.800,87.000,,63.500,2.400,32.700,71.200,98.400,98.200,55.200,9.300,6.400,89.800,930.000,935.000,2.600,12.900,4.700,0.100,9.300,6.400,74.700,21.300,64.400,25.400,52.800,18.100,34.700,3.900,7.900,2.800,21.100,13.000,6.200
India,Arunachal Pradesh,West Siang,"Calendar Year (Jan - Dec), 2019",36.700,30.500,46.600,38.900,14222.000,87.600,17.800,,18.800,2.100,21.500,55.400,60.000,87.800,81.000,57.500,30.000,93.700,86.600,0.000,100.000,24.200,14.500,45.600,,64.500,0.000,14.900,8.100,24.500,16.200,15.100,37.600,81.900,69.100,60.600,,,,19.500,6.800,51.600,17.700,0.100,0.400,0.400,73.600,15.300,15.400,3.400,57.100,99.500,26.600,8.100,0.600,84.600,79.800,0.000,49.800,44.300,7.700,11.200,3.300,41.100,29.000,11.300,9.900,3.000,49.500,30.400,61.400,72.000,,31.200,6.700,23.700,87.700,99.100,88.200,16.800,3.100,2.200,92.100,1060.000,1018.000,20.700,15.500,8.200,26.900,16.900,4.700,94.200,18.900,76.100,27.400,72.700,4.400,46.300,4.900,9.100,3.600,32.700,23.300,8.500
India,Telangana,Adilabad,"Calendar Year (Jan - Dec), 2019",68.000,61.100,54.300,54.100,4105.000,93.900,40.700,74.100,30.600,1.300,9.700,69.300,73.700,81.900,81.900,72.500,7.400,91.600,86.700,4.700,94.900,43.700,6.300,76.300,0.000,85.700,0.000,2.900,12.900,45.700,52.000,29.500,20.400,83.900,72.200,80.300,77.500,65.000,42.700,75.000,1.500,32.600,77.300,0.200,5.300,0.600,58.600,50.200,12.000,1.800,81.600,97.600,63.600,0.000,0.000,94.100,66.800,0.600,28.300,29.700,5.900,12.800,5.800,26.400,15.500,7.400,44.400,21.800,89.700,74.800,83.400,90.900,0.000,61.100,1.200,24.800,50.800,95.700,99.200,61.000,10.300,1.700,94.100,785.000,992.000,9.600,10.100,4.700,2.100,11.000,7.800,77.900,21.400,64.800,15.700,48.300,26.900,41.000,4.700,10.800,4.500,23.100,13.000,6.500
India,Gujarat,Jamnagar,"Calendar Year (Jan - Dec), 2019",60.100,50.200,85.200,66.500,1150.000,96.200,23.300,32.200,18.200,2.200,15.300,78.400,80.000,92.900,84.600,78.400,0.000,100.000,92.700,2.400,97.600,33.600,4.100,75.000,0.000,91.500,0.000,3.600,12.500,28.400,28.900,23.800,44.600,97.100,74.000,86.400,0.000,0.000,0.000,0.000,18.100,92.200,98.400,0.300,0.300,0.300,72.800,31.900,60.800,0.500,81.600,99.200,38.600,11.400,0.400,96.500,55.400,0.000,1.300,52.000,8.200,15.500,6.500,15.000,7.200,2.900,52.500,32.900,91.700,73.800,92.400,95.000,0.000,50.600,4.600,21.000,86.600,99.700,98.900,0.000,4.000,2.100,99.500,912.000,1004.000,10.700,2.000,0.800,0.200,7.700,1.000,75.000,6.800,83.100,29.500,35.400,17.300,35.300,8.100,15.300,5.900,18.100,8.200,3.200
India,Karnataka,Davangere,"Calendar Year (Jan - Dec), 2019",51.500,51.700,47.100,46.900,7508.000,88.100,39.800,59.900,32.200,2.600,12.600,79.400,83.500,93.700,92.100,81.200,6.600,96.000,89.200,4.000,96.000,35.400,18.100,70.200,0.000,78.700,0.000,2.500,3.900,38.400,32.800,18.800,37.000,97.000,80.800,74.000,69.900,54.500,11.100,44.600,2.300,45.000,82.400,0.900,0.900,0.600,74.900,41.600,16.200,0.700,79.100,94.900,25.200,1.500,0.400,98.300,68.900,0.000,14.100,30.000,6.500,17.500,9.700,29.500,17.600,7.400,25.000,21.000,63.000,63.100,78.900,86.400,0.000,51.900,1.100,21.900,83.300,97.500,98.800,0.000,9.200,3.400,96.300,797.000,967.000,16.800,11.500,4.800,1.700,8.900,4.900,80.200,19.100,76.000,38.100,40.400,15.900,47.100,6.300,16.100,7.900,24.800,12.600,6.500
India,Chhattisgarh,Jashpur,"Calendar Year (Jan - Dec), 2019",60.300,61.500,56.000,47.200,1635.000,78.600,13.400,44.000,7.400,1.800,6.000,94.200,94.100,95.500,95.500,95.500,76.900,95.500,96.900,0.000,100.000,28.000,6.000,54.100,,90.200,7.600,1.000,3.900,35.800,33.600,17.000,31.300,97.000,87.800,80.700,,,,,2.400,94.100,79.400,0.000,0.200,0.200,67.900,33.800,39.600,1.700,14.800,98.800,80.600,6.600,0.300,85.600,66.200,0.100,50.200,55.800,5.300,10.400,4.500,34.400,21.900,11.600,50.500,32.000,56.400,48.600,82.700,91.100,,61.800,1.500,27.800,72.800,88.800,98.200,54.500,1.300,0.000,97.100,951.000,1038.000,5.800,12.900,5.100,12.100,21.200,5.500,68.200,21.900,73.100,13.400,42.900,27.500,34.900,5.000,8.300,3.200,28.500,17.300,10.400
India,Uttar Pradesh,Auraiya,"Calendar Year (Jan - Dec), 2019",44.000,39.100,51.400,32.300,1182.000,90.900,8.000,36.100,2.400,2.300,5.200,82.500,84.300,89.400,88.300,84.700,74.500,95.600,89.400,0.900,99.100,23.400,8.400,64.200,7.900,84.700,5.500,7.300,9.200,39.700,32.600,19.400,19.300,87.200,69.400,73.300,76.900,62.000,34.900,68.300,14.300,66.300,50.400,0.300,1.400,0.700,75.900,13.300,42.900,4.100,33.700,93.900,18.400,0.700,0.100,90.100,72.800,0.000,11.400,46.800,3.700,7.000,2.800,22.100,16.800,5.000,23.700,10.700,72.200,50.400,77.800,91.300,,39.000,1.300,29.300,74.300,99.500,94.000,42.100,6.500,3.200,98.600,880.000,1021.000,6.100,18.700,6.200,0.300,9.300,4.900,77.100,18.100,74.900,19.300,60.200,18.800,46.200,3.000,6.900,3.200,20.000,14.100,5.100
India,Bihar,Siwan,"Calendar Year (Jan - Dec), 2019",64.000,53.100,53.500,42.400,4135.000,86.900,11.300,37.800,5.200,3.800,10.800,76.100,83.200,92.600,87.200,78.400,0.000,97.400,86.400,0.000,100.000,25.300,13.200,63.900,0.000,48.300,9.900,3.100,5.800,36.700,30.800,18.200,21.900,86.500,59.500,63.000,49.100,56.700,14.200,71.600,7.000,40.200,61.900,0.000,0.200,0.000,70.700,30.200,9.300,4.400,48.000,94.100,8.200,0.000,0.700,86.400,65.300,0.000,11.400,44.100,8.300,15.700,6.600,29.600,18.100,9.400,21.100,12.800,61.000,30.300,63.900,96.600,0.000,53.000,2.300,31.500,47.700,99.800,95.300,58.000,15.800,7.400,82.900,1060.000,1141.000,10.800,15.400,5.100,0.400,4.600,2.600,55.800,21.300,70.900,23.300,63.500,18.100,38.900,3.400,9.000,4.900,19.600,12.400,5.200
India,Karnataka,Raichur,"Calendar Year (Jan - Dec), 2019",64.800,60.400,50.100,49.600,6277.000,83.300,20.000,45.600,13.700,4.000,15.200,80.200,89.600,83.800,85.200,81.200,1.000,92.000,85.000,1.200,98.800,18.900,15.500,73.600,0.000,83.000,8.000,1.600,11.700,39.800,40.700,23.200,63.400,88.700,51.700,73.300,0.000,0.000,0.000,57.000,1.800,54.100,70.900,0.400,0.800,0.500,55.300,46.300,19.200,5.900,64.900,73.300,17.800,0.700,0.200,88.900,64.400,0.000,15.800,28.400,3.900,9.200,4.700,16.700,10.400,4.300,32.800,25.000,66.400,67.500,76.100,89.000,0.000,59.900,0.600,29.300,53.000,94.000,99.700,69.100,5.200,2.900,97.100,907.000,1033.000,13.000,10.000,6.800,0.900,13.500,8.900,68.800,21.900,54.300,19.900,42.600,23.300,31.700,4.700,8.900,3.600,18.500,11.200,4.400
India,Chhattisgarh,Rajnandgaon,"Calendar Year (Jan - Dec), 2019",55.500,58.300,73.300,70.500,813.000,96.800,10.800,59.700,6.100,0.700,11.000,91.000,91.000,95.100,95.100,92.600,69.500,100.000,95.100,0.000,100.000,33.600,0.000,80.500,,91.300,,2.200,6.500,27.600,31.000,19.400,20.100,99.700,85.500,84.500,,,,,1.800,90.800,81.400,0.000,0.000,0.000,73.400,58.700,27.600,2.800,27.400,99.200,80.800,2.500,0.000,95.500,86.300,1.000,35.100,47.300,3.900,8.200,3.400,28.300,20.300,7.300,52.700,28.100,79.800,76.100,90.500,93.900,,58.600,2.400,24.000,79.200,98.800,99.300,,2.900,0.000,100.000,988.000,1014.000,10.600,6.300,2.800,1.700,19.000,1.400,73.600,3.800,80.600,12.800,50.900,25.900,38.900,4.900,10.300,4.700,27.700,18.500,8.100
India,Bihar,Jehanabad,"Calendar Year (Jan - Dec), 2019",72.300,68.100,52.500,45.300,1512.000,88.300,20.300,64.800,3.900,5.600,6.400,70.300,79.100,88.400,87.100,77.200,5.800,100.000,97.200,2.000,98.000,39.600,20.300,61.900,47.500,68.400,0.000,1.800,15.200,41.300,51.700,36.600,45.100,75.100,32.800,71.200,87.900,49.600,25.300,78.000,4.200,61.500,35.300,0.200,1.600,0.200,61.700,35.500,40.700,1.300,34.300,91.000,13.200,1.500,0.800,89.100,61.600,0.000,28.500,49.100,9.000,16.000,6.500,12.000,8.000,2.300,24.200,16.100,58.400,17.400,77.700,94.200,0.000,67.800,2.600,36.000,45.500,99.800,99.300,72.100,11.200,3.400,95.800,1066.000,1085.000,6.600,13.000,5.600,1.100,5.500,12.000,53.200,41.600,63.200,14.300,57.400,27.200,30.500,6.900,11.900,4.700,13.400,8.900,2.600
India,Tamil Nadu,Villupuram,"Calendar Year (Jan - Dec), 2019",67.200,62.500,71.600,68.600,3255.000,100.000,28.000,56.300,23.300,2.900,12.700,88.500,81.600,97.100,97.100,88.500,55.600,100.000,97.100,8.900,91.100,29.000,29.000,73.400,,73.200,,0.000,3.400,23.900,20.500,12.400,59.600,100.000,,94.000,,,,67.000,1.300,75.800,93.000,8.800,14.700,3.700,73.600,62.600,24.600,0.500,68.600,88.100,77.600,3.200,0.200,99.100,84.300,0.200,38.100,25.100,6.700,19.900,11.700,26.100,16.600,7.100,72.700,44.800,80.100,94.900,88.100,95.400,,62.600,0.700,24.800,53.800,98.400,99.700,,5.600,1.400,96.000,916.000,1120.000,19.800,7.400,1.800,0.200,8.800,7.900,98.300,19.000,75.400,37.000,45.000,17.200,45.700,6.600,17.700,9.200,19.000,10.000,4.200
India,Punjab,Rupnagar,"Calendar Year (Jan - Dec), 2019",63.700,64.500,71.800,49.800,5635.000,98.700,39.500,46.400,33.700,0.000,3.300,76.500,82.000,82.700,79.300,79.300,79.300,97.600,84.500,2.600,97.400,32.300,7.700,65.500,,73.000,,2.500,3.200,15.100,15.300,9.100,38.600,96.600,,79.400,,,,,20.500,58.900,95.900,0.000,0.000,0.400,81.800,25.600,25.200,0.900,63.900,96.900,37.800,1.800,0.000,97.800,46.200,0.300,20.000,11.500,8.400,20.700,11.000,31.900,19.000,8.300,70.000,56.700,56.600,65.200,83.900,93.000,,64.400,1.300,21.500,84.000,98.500,99.800,,3.200,0.900,96.700,1022.000,991.000,8.300,10.800,3.500,0.300,0.500,0.600,95.800,2.400,86.600,45.300,76.700,13.400,64.000,6.900,19.500,11.200,27.200,14.000,7.000
India,Assam,Jorhat,"Calendar Year (Jan - Dec), 2019",75.100,71.800,63.800,32.300,8435.000,97.400,44.400,87.700,33.900,0.400,10.800,69.200,70.400,79.800,78.400,79.400,50.300,100.000,83.300,4.100,94.200,25.900,11.100,74.100,0.000,50.900,0.000,5.400,5.100,38.700,33.200,15.500,51.600,92.800,0.000,85.400,0.000,0.000,0.000,56.600,6.000,62.600,57.200,0.200,0.000,0.300,84.400,12.500,14.400,0.400,48.300,98.900,60.100,3.600,0.000,96.500,74.900,0.300,30.900,47.100,8.500,19.000,9.300,26.300,16.700,6.400,52.100,26.600,78.300,67.000,81.400,97.400,0.000,72.400,9.900,21.600,80.400,85.900,95.100,56.400,6.300,3.000,99.200,833.000,1009.000,11.500,10.400,3.200,4.000,16.500,12.900,76.700,24.900,85.100,19.900,49.500,22.500,42.900,7.700,15.300,7.300,25.900,14.300,7.100
India,Gujarat,Amreli,"Calendar Year (Jan - Dec), 2019",47.000,50.000,62.200,51.900,1648.000,81.200,18.700,31.500,10.200,1.300,2.800,60.100,68.100,87.500,85.600,65.800,3.800,93.400,80.500,3.900,94.400,17.500,12.900,72.000,0.000,80.100,0.000,6.800,7.200,35.300,30.600,23.700,40.400,99.600,88.200,85.900,0.000,0.000,0.000,0.000,6.900,75.400,98.800,0.400,0.200,0.600,69.900,40.500,30.000,2.400,65.600,93.500,47.700,3.400,0.000,90.100,45.500,0.200,1.600,53.700,8.000,17.300,8.300,11.500,6.300,3.100,73.800,59.200,93.900,92.600,87.000,89.300,0.000,50.300,0.500,22.700,73.300,97.800,99.600,0.000,3.500,0.300,98.300,977.000,984.000,3.800,9.500,5.400,0.400,5.000,1.600,73.800,10.500,77.200,29.100,39.000,18.300,27.200,8.300,15.500,6.300,18.000,8.000,4.300
India,Uttar Pradesh,Bahraich,"Calendar Year (Jan - Dec), 2019",52.600,48.800,38.400,33.400,1745.000,70.700,5.200,24.200,5.100,4.600,9.500,51.800,62.200,64.200,59.700,65.200,35.200,89.400,70.300,0.800,96.100,26.300,8.400,71.700,32.300,69.400,4.700,4.100,7.500,52.100,38.000,14.400,17.000,78.800,70.500,54.500,65.600,58.800,25.900,60.800,14.400,75.400,21.000,0.000,0.200,1.300,48.200,5.800,31.200,8.300,38.200,85.100,10.100,1.200,2.800,67.700,58.600,0.100,12.200,59.000,4.800,8.600,2.700,28.700,18.100,8.500,22.400,14.200,40.200,34.300,52.400,86.000,11.500,48.800,8.300,41.000,44.200,100.000,77.800,48.600,9.800,6.600,85.900,848.000,1012.000,9.800,27.600,11.100,0.600,26.600,8.400,48.400,37.500,38.800,12.500,55.400,29.900,14.400,2.100,6.100,3.100,24.200,13.400,7.400
India,Assam,West Karbi Anglong,"Calendar Year (Jan - Dec), 2019",58.800,57.900,69.900,43.300,3597.000,84.500,6.400,0.000,6.000,1.700,14.500,47.900,54.500,70.300,65.700,52.900,50.500,92.700,66.600,0.000,100.000,3.300,3.700,79.000,0.000,42.100,1.300,3.900,12.700,40.900,31.100,23.200,56.200,95.400,75.600,60.500,0.000,0.000,0.000,50.700,4.400,80.500,43.500,0.200,0.000,0.000,73.800,7.800,23.000,12.000,17.700,98.900,63.100,3.900,0.100,72.500,68.900,0.000,54.200,58.200,8.600,12.200,2.300,22.200,17.000,3.300,39.900,10.600,55.500,46.700,55.700,87.600,0.000,58.800,26.800,31.700,76.700,44.700,94.700,38.800,6.800,2.900,98.700,1105.000,959.000,12.800,7.100,3.200,23.000,20.200,6.000,77.300,21.300,73.900,9.400,54.400,13.100,21.700,6.000,9.100,2.100,17.000,11.300,4.200
India,Karnataka,Mandya,"Calendar Year (Jan - Dec), 2019",42.900,47.000,80.000,78.500,4109.000,97.300,39.500,58.000,27.700,0.000,3.100,93.900,96.900,93.900,92.200,96.900,0.000,100.000,100.000,0.000,100.000,42.800,15.500,58.200,0.000,94.900,0.000,1.300,5.300,24.300,16.700,11.800,63.700,100.000,0.000,95.100,0.000,0.000,0.000,0.000,3.600,77.300,89.800,0.400,0.000,0.000,67.700,70.200,44.600,0.600,90.500,97.700,39.900,3.600,0.100,99.500,60.200,0.000,19.100,20.100,7.200,18.200,10.000,29.800,20.600,6.200,54.800,21.300,85.600,90.100,95.500,99.300,0.000,47.100,0.400,18.100,86.700,98.400,98.400,0.000,3.100,2.300,100.000,1041.000,1122.000,12.400,3.800,1.900,0.700,5.300,5.900,87.300,13.100,78.300,38.700,47.000,13.700,52.500,5.200,16.100,9.300,30.100,17.000,7.600
India,Jammu And Kashmir,Ganderbal,"Calendar Year (Jan - Dec), 2019",83.700,77.200,34.400,27.700,6961.000,98.600,47.200,0.000,46.600,0.300,12.000,81.200,88.100,90.800,90.700,88.900,10.800,98.700,93.200,0.000,100.000,51.900,1.200,89.800,0.000,83.600,0.000,11.800,13.300,18.500,20.100,25.900,61.200,91.000,64.000,87.000,0.000,0.000,0.000,62.300,6.500,36.100,67.100,0.000,0.400,0.100,60.200,14.700,7.200,0.900,84.400,97.700,8.300,0.800,1.000,98.000,95.000,0.300,0.100,36.300,4.300,7.800,2.000,19.100,10.900,3.000,16.300,10.800,86.900,80.400,88.400,88.800,0.000,77.900,3.800,25.100,78.400,97.200,99.500,63.000,4.700,2.300,95.500,816.000,931.000,13.100,14.100,6.000,0.200,6.300,0.400,69.800,5.300,64.000,34.200,75.000,7.700,34.300,4.200,9.700,3.800,21.500,10.700,3.200
India,Telangana,Medchal Malkajgiri,"Calendar Year (Jan - Dec), 2019",56.100,56.800,76.400,72.400,3534.000,96.200,61.000,72.900,45.900,1.100,9.700,76.100,87.600,88.400,88.400,79.900,1.300,87.100,89.000,18.100,81.900,36.500,19.800,73.800,0.000,69.500,0.000,1.200,5.000,33.400,25.000,12.000,42.900,95.000,0.000,90.100,0.000,0.000,0.000,63.800,1.300,57.900,78.800,0.200,0.500,0.700,72.900,65.800,25.400,1.600,99.000,98.800,53.800,0.900,0.600,98.300,39.400,0.800,39.300,17.900,5.500,18.600,10.000,34.800,18.700,9.200,60.800,31.800,89.400,69.600,90.600,92.200,0.000,57.400,1.400,23.100,86.200,99.900,100.000,0.000,6.400,4.100,96.200,828.000,996.000,10.900,3.700,2.000,2.400,3.000,3.100,97.100,10.200,79.500,41.800,51.700,15.200,59.300,4.400,16.500,10.200,26.500,13.000,5.700
India,Madhya Pradesh,Indore,"Calendar Year (Jan - Dec), 2019",55.900,48.100,83.400,79.600,1835.000,97.800,21.900,49.700,8.600,1.900,9.000,84.600,90.300,90.100,86.800,86.100,65.000,96.000,90.100,6.200,93.800,36.400,15.600,78.800,,74.300,,2.200,6.300,28.700,24.900,21.200,29.300,96.600,,93.300,,,,78.800,22.000,79.100,81.300,1.500,2.200,1.500,78.000,47.900,27.100,2.600,86.900,98.300,40.300,2.300,1.000,96.500,63.500,1.000,14.400,36.300,5.800,10.500,4.100,21.300,15.200,4.300,72.300,37.100,86.400,74.600,92.600,97.700,,47.900,4.600,23.800,90.000,98.900,100.000,52.800,5.200,3.900,94.200,996.000,987.000,9.800,4.000,2.000,0.200,4.600,4.200,83.700,21.700,80.300,19.000,34.200,15.600,47.700,4.900,9.900,4.000,20.700,13.200,4.100
India,Madhya Pradesh,Morena,"Calendar Year (Jan - Dec), 2019",66.000,67.500,58.900,51.800,1788.000,90.000,7.900,38.100,3.300,4.500,9.100,69.700,69.300,81.100,81.100,80.000,78.600,91.000,85.100,0.000,98.700,24.700,6.500,74.700,,63.100,,2.400,2.700,40.000,29.600,10.100,59.400,93.300,86.100,80.800,55.700,81.000,40.700,69.400,5.200,63.900,77.000,0.000,0.000,0.400,67.000,42.500,20.800,1.000,32.600,94.000,36.300,0.400,0.200,94.800,80.900,0.000,6.900,39.300,9.900,16.800,6.000,19.100,13.600,4.200,43.100,31.200,82.500,64.900,84.200,97.800,,68.400,1.700,31.100,62.700,97.100,99.500,52.600,6.700,1.400,99.400,1087.000,964.000,8.200,15.000,7.800,0.200,4.900,6.700,67.500,27.800,65.500,20.200,27.800,22.300,25.600,8.000,11.700,3.600,14.900,9.600,4.500
India,Himachal Pradesh,Shimla,"Calendar Year (Jan - Dec), 2019",51.900,46.500,89.100,76.000,6658.000,91.300,12.900,0.000,13.900,0.900,21.000,96.500,98.200,98.300,98.300,98.300,81.200,100.000,96.500,2.900,97.100,28.100,9.000,59.100,0.000,73.900,0.000,8.100,7.800,27.100,14.900,15.500,39.700,99.100,0.000,91.200,0.000,0.000,0.000,0.000,31.200,76.900,96.300,1.100,3.500,0.000,81.600,36.800,29.100,0.700,78.000,99.900,37.100,1.300,0.400,92.200,81.900,4.100,34.400,31.700,7.700,14.100,4.700,23.500,16.300,4.800,77.200,53.300,83.100,85.300,91.600,95.500,0.000,46.700,1.800,19.000,87.300,97.300,100.000,0.000,1.600,3.800,100.000,808.000,956.000,18.300,3.800,1.300,0.500,1.500,6.100,93.400,6.100,93.400,28.400,63.300,9.900,69.700,4.800,10.400,4.300,19.900,10.700,4.000
India,Jammu And Kashmir,Pulwama,"Calendar Year (Jan - Dec), 2019",82.000,73.200,61.800,46.100,4299.000,98.100,60.700,0.000,59.700,0.000,8.700,88.800,94.000,94.000,94.000,91.800,0.000,97.000,97.000,0.000,100.000,30.800,1.500,67.400,0.000,84.100,0.000,12.100,6.400,22.400,20.200,15.300,36.000,96.200,0.000,93.700,0.000,0.000,0.000,0.000,10.400,55.100,81.400,0.000,0.000,0.200,67.200,20.300,4.300,1.300,76.600,98.600,9.900,3.200,1.300,97.800,92.000,0.200,0.600,41.200,1.700,4.800,1.600,19.100,14.100,2.300,33.100,15.700,96.600,96.200,95.000,90.700,0.000,74.700,10.000,22.100,91.600,98.000,99.100,37.700,3.700,2.600,98.900,889.000,953.000,8.400,11.100,4.600,0.000,3.300,0.000,85.100,0.500,76.600,37.900,93.200,2.900,49.400,2.900,7.200,2.400,22.600,14.200,4.000
India,Odisha,Kendujhar,"Calendar Year (Jan - Dec), 2019",68.200,69.200,77.600,45.800,3467.000,79.900,15.300,70.300,11.300,2.300,15.800,86.000,81.400,89.900,89.900,88.100,82.300,94.100,94.000,0.000,100.000,33.100,6.600,64.600,85.200,81.900,8.400,0.900,6.200,36.200,37.100,23.800,57.900,87.500,67.700,72.300,46.900,50.600,25.600,62.100,5.400,67.200,61.100,0.000,0.200,0.000,68.200,21.300,16.900,4.600,27.900,98.400,43.300,3.700,0.100,80.400,70.000,0.000,43.200,64.200,7.100,15.800,7.700,25.100,18.400,5.200,48.100,22.300,70.700,57.100,75.400,90.900,,69.000,13.800,27.200,47.600,92.900,91.100,74.700,15.300,2.400,98.300,984.000,1115.000,15.100,3.800,1.400,13.600,34.900,12.200,79.600,29.000,64.600,17.000,58.400,25.900,29.500,5.800,11.300,4.700,24.100,14.400,5.400
India,Assam,Biswanath,"Calendar Year (Jan - Dec), 2019",67.800,64.400,72.400,56.100,3676.000,84.600,15.300,70.600,11.000,0.800,14.800,66.200,74.300,82.500,82.600,69.200,54.000,88.300,87.200,0.000,100.000,26.400,2.900,79.800,0.000,61.400,2.800,3.300,13.700,42.700,41.000,27.100,62.700,98.700,68.000,58.100,0.000,0.000,0.000,49.100,4.500,73.500,62.500,0.000,0.500,0.000,72.100,11.900,29.900,0.600,35.000,98.000,68.400,2.100,0.600,84.300,74.000,0.300,40.500,61.600,5.700,10.400,4.400,28.400,19.100,7.600,63.700,21.400,41.200,46.500,56.500,94.600,0.000,65.100,36.300,28.700,76.600,76.200,91.100,45.100,3.700,2.000,99.300,1014.000,996.000,14.500,5.300,1.400,11.500,27.800,9.000,70.900,25.300,69.200,10.600,69.300,22.000,23.000,5.500,8.100,2.600,23.500,14.500,7.000
India,Jharkhand,Dumka,"Calendar Year (Jan - Dec), 2019",74.100,73.400,60.000,43.400,1602.000,69.000,8.500,73.200,3.700,1.800,8.200,78.900,76.600,83.000,83.000,84.900,69.400,96.500,86.400,1.300,98.700,34.800,8.700,75.100,,70.000,2.100,2.000,11.000,38.200,44.900,27.800,16.100,68.400,69.300,57.100,,,,54.200,5.100,35.900,44.500,0.000,0.000,0.200,59.700,28.400,22.100,8.900,18.100,97.600,45.400,1.600,0.400,60.300,51.300,0.100,44.500,56.600,5.400,13.600,7.300,20.000,13.500,5.400,21.800,9.300,64.900,39.300,54.900,94.100,,74.200,5.300,31.700,41.500,92.600,93.200,60.500,6.400,1.300,95.100,946.000,1067.000,7.800,13.100,5.100,8.800,9.600,14.900,63.600,43.100,51.800,9.100,48.100,29.600,19.100,5.100,10.200,4.600,14.100,9.500,4.000
India,Delhi,North,"Calendar Year (Jan - Dec), 2019",47.700,47.200,57.400,47.300,2935.000,91.300,21.700,44.100,14.600,1.000,19.500,66.200,76.200,81.800,78.100,70.900,14.500,96.300,88.700,7.900,92.100,43.600,10.200,67.500,,47.300,5.100,2.900,3.800,25.000,17.400,8.900,46.900,92.100,69.800,73.400,77.900,52.900,21.200,69.500,17.800,82.400,77.700,0.900,1.100,1.000,80.800,17.700,13.100,4.700,98.100,93.800,18.100,6.600,1.100,89.700,60.500,0.100,23.500,30.300,5.800,13.900,6.100,32.900,20.700,9.500,55.700,41.700,55.000,50.600,68.900,87.400,,47.100,3.200,25.900,70.200,99.300,99.800,48.400,12.700,5.700,85.600,1084.000,905.000,16.800,15.700,5.800,0.400,2.800,8.200,94.800,17.000,80.000,41.800,61.500,9.200,53.900,4.000,10.600,4.800,21.300,11.600,6.000
India,Odisha,Sonepur,"Calendar Year (Jan - Dec), 2019",59.900,58.800,77.400,57.000,5064.000,95.000,26.400,73.900,20.100,0.300,24.100,98.000,98.000,98.000,98.000,100.000,95.800,100.000,100.000,0.000,100.000,56.300,7.700,73.100,,91.000,,3.100,11.700,29.600,34.500,26.000,61.000,95.600,71.000,93.600,,,,,3.600,88.000,78.300,0.200,0.500,0.200,74.400,27.900,25.800,0.400,41.600,98.500,45.800,4.400,0.200,96.100,83.000,0.000,21.500,39.400,6.500,12.800,5.600,20.500,15.300,4.000,68.800,40.900,84.300,87.800,93.100,97.400,,58.800,18.800,23.500,66.700,94.200,98.700,,5.300,0.300,100.000,924.000,974.000,22.500,5.800,1.700,0.800,17.900,6.300,79.100,16.900,76.100,21.700,69.000,20.500,37.800,6.800,13.000,5.900,22.400,15.400,4.600
India,Bihar,Banka,"Calendar Year (Jan - Dec), 2019",60.400,65.900,71.500,55.700,8076.000,80.400,7.500,38.800,4.300,2.400,3.100,88.100,89.500,92.900,93.800,90.200,2.200,98.100,95.000,0.900,99.100,42.300,23.700,77.800,0.000,42.800,0.000,5.200,11.000,46.700,45.800,26.900,41.100,73.800,56.900,74.700,62.500,63.800,41.400,72.600,4.700,50.000,32.800,0.000,0.600,0.000,59.300,44.700,21.700,3.800,32.300,90.100,13.600,0.700,0.400,79.800,68.000,0.200,17.900,49.400,7.200,16.900,9.100,18.800,12.400,5.400,24.500,14.700,70.700,31.700,72.300,93.600,0.000,65.700,2.100,36.100,38.200,96.300,96.200,68.600,6.900,2.300,84.000,991.000,1083.000,2.800,9.700,4.800,0.500,1.800,19.200,62.800,49.400,55.700,13.400,70.700,23.800,22.600,7.200,13.000,4.700,17.400,10.600,4.800
India,Goa,North Goa,"Calendar Year (Jan - Dec), 2019",46.200,40.000,63.100,54.800,3824.000,98.600,39.500,46.700,34.700,1.500,26.900,78.600,87.500,87.300,90.200,85.500,5.300,97.100,92.200,6.200,93.800,20.300,17.600,55.200,0.000,94.400,0.000,2.700,7.300,24.200,25.800,17.700,61.100,100.000,0.000,95.900,0.000,0.000,0.000,83.600,23.100,82.100,100.000,1.900,1.400,0.900,89.500,23.000,33.200,0.000,96.700,98.100,64.800,2.300,0.000,99.600,58.600,0.000,33.800,19.200,9.700,24.900,13.100,28.300,15.800,5.600,84.800,68.400,74.600,91.300,93.100,95.800,0.000,40.200,4.000,19.300,87.700,98.100,100.000,0.000,3.600,1.500,100.000,849.000,1017.000,25.800,9.200,4.500,4.400,2.700,2.700,97.300,7.500,92.400,37.200,52.300,14.100,72.000,7.900,20.600,11.000,27.300,11.000,4.100
India,Punjab,Ludhiana,"Calendar Year (Jan - Dec), 2019",66.000,64.300,69.800,50.500,3157.000,92.400,37.000,62.200,22.500,0.800,14.300,73.200,79.800,79.600,79.600,74.400,73.600,91.100,79.700,14.100,82.900,19.500,2.200,77.900,,72.100,,6.400,1.000,22.100,12.400,5.900,46.800,97.800,,77.300,,,,,26.600,88.900,95.600,0.400,0.800,0.300,81.400,21.200,25.100,4.700,83.200,94.900,25.200,1.800,0.000,90.100,48.200,0.300,20.800,13.500,5.600,15.500,8.600,32.200,21.300,8.000,67.100,48.700,61.800,65.200,82.500,90.700,,65.000,0.500,21.300,84.600,99.900,99.700,,5.600,0.000,96.200,964.000,918.000,14.100,8.300,3.800,0.300,0.500,1.800,95.700,6.500,82.400,45.100,80.800,10.100,61.600,6.800,15.300,7.600,26.300,15.100,6.900
India,Maharashtra,Bhandara,"Calendar Year (Jan - Dec), 2019",66.100,65.300,77.500,75.600,2584.000,98.400,31.300,0.000,30.000,1.200,5.400,87.000,91.900,95.000,92.300,89.500,13.900,97.500,94.900,0.000,100.000,54.200,21.100,72.800,0.000,83.000,0.000,4.700,13.200,31.300,33.900,28.400,60.500,99.500,0.000,90.100,0.000,0.000,0.000,55.300,6.700,51.600,94.400,0.200,0.700,0.500,80.300,63.300,30.500,0.000,71.400,95.400,30.000,1.100,0.100,100.000,94.100,2.500,26.000,60.700,5.600,10.100,3.900,19.300,11.400,4.100,64.400,29.000,83.700,79.000,87.500,94.800,0.000,65.400,1.600,22.500,81.800,92.000,98.800,64.700,3.900,2.700,99.400,897.000,1004.000,8.400,6.100,2.400,1.300,19.700,3.000,93.100,1.500,89.100,9.800,37.100,25.800,53.900,5.600,10.500,4.000,21.800,12.200,4.700
India,Tripura,Unakoti,"Calendar Year (Jan - Dec), 2019",72.900,67.900,66.800,40.200,7693.000,66.000,11.200,42.900,7.700,0.400,8.800,58.300,66.700,78.000,74.800,63.000,57.300,85.100,83.600,1.500,96.700,16.800,26.200,62.800,0.000,73.700,2.600,1.900,4.000,31.800,32.000,19.300,21.700,91.700,0.000,46.700,0.000,0.000,0.000,60.500,1.400,21.900,71.100,0.000,0.400,0.000,81.600,6.200,5.400,2.900,29.200,99.300,28.000,0.600,0.400,71.500,55.400,0.100,23.300,59.700,11.000,19.900,8.500,22.100,12.800,5.300,31.600,14.300,41.000,24.600,44.500,95.600,0.000,67.400,29.600,27.400,61.800,78.600,96.400,76.700,6.200,1.600,89.400,1036.000,1079.000,9.400,9.700,3.700,3.400,54.900,21.200,56.800,38.000,76.400,16.600,53.800,26.000,18.700,8.600,16.900,8.000,21.000,10.900,5.200
India,Jharkhand,Giridih,"Calendar Year (Jan - Dec), 2019",63.800,64.700,63.700,54.300,2101.000,76.700,10.700,42.200,4.100,1.700,9.000,70.600,83.600,82.700,79.400,71.600,66.000,92.400,84.400,2.400,97.600,26.700,14.800,62.800,,69.600,3.000,5.400,14.500,31.900,34.300,27.800,14.500,68.100,67.800,61.000,59.300,72.500,48.200,51.200,3.600,45.000,30.800,0.400,1.900,0.400,61.600,45.200,22.400,7.800,32.400,96.800,52.400,0.700,0.300,70.700,50.300,0.300,29.800,44.800,7.800,15.900,7.100,23.900,16.200,6.200,19.800,13.700,57.900,42.100,61.300,86.000,,65.200,1.100,34.600,59.200,87.600,96.500,56.700,9.000,3.100,86.700,852.000,1091.000,10.700,12.000,4.300,1.400,4.400,12.300,65.200,45.600,53.400,7.800,53.900,27.300,25.000,5.500,10.300,4.200,17.400,10.100,5.100
India,Jharkhand,Ramgarh,"Calendar Year (Jan - Dec), 2019",66.700,62.300,68.200,54.200,2121.000,89.700,20.000,57.400,8.300,2.400,13.000,81.800,89.200,91.400,91.400,84.900,74.500,98.200,94.700,4.500,93.900,40.200,4.100,59.700,,78.200,5.500,1.000,7.200,35.300,35.300,23.500,23.100,77.700,85.500,75.800,57.200,50.400,31.900,65.700,3.500,43.400,42.400,0.300,1.400,0.200,68.400,44.000,20.500,11.000,33.200,97.800,49.700,1.000,0.400,79.000,51.600,0.100,37.000,48.500,5.300,13.300,6.400,27.400,15.400,10.200,31.500,15.100,63.400,40.900,78.000,93.400,,62.300,1.900,27.900,64.200,76.700,98.400,61.700,9.100,2.600,90.800,903.000,955.000,12.500,7.300,2.800,5.900,8.600,5.100,88.400,25.100,71.000,14.100,49.300,27.300,44.300,3.800,7.500,2.900,21.100,12.900,5.800
India,Bihar,Purbi Champaran,"Calendar Year (Jan - Dec), 2019",64.400,57.300,49.900,40.800,2811.000,67.400,5.400,22.700,2.800,4.800,14.900,68.300,73.800,79.200,77.700,74.100,0.900,90.800,77.000,5.500,94.500,23.000,5.800,61.000,40.500,51.500,3.200,3.800,5.700,49.100,37.900,16.800,33.700,68.800,72.000,41.800,56.000,40.700,19.700,59.800,2.500,45.700,34.400,0.600,3.300,0.400,58.200,31.800,18.400,7.900,44.200,96.900,19.400,1.100,1.200,61.500,43.000,0.000,14.900,55.200,8.100,16.400,7.800,23.600,13.800,6.800,18.400,9.800,45.400,21.700,43.700,86.400,0.000,57.100,1.800,40.000,48.300,99.900,94.800,61.100,13.400,4.700,83.500,841.000,1185.000,15.400,17.200,8.000,0.500,7.600,12.700,41.500,49.200,50.200,16.300,57.500,23.400,20.100,5.300,10.800,4.900,16.200,9.100,4.000
India,Tamil Nadu,Perambalur,"Calendar Year (Jan - Dec), 2019",61.600,66.100,63.100,58.900,3707.000,100.000,50.300,75.400,39.300,1.300,11.400,92.500,94.000,92.500,92.500,92.500,49.700,94.900,94.900,0.000,100.000,51.400,32.600,69.200,,64.100,,2.900,4.200,29.100,22.300,15.900,51.900,99.300,,92.600,,,,,0.900,83.300,94.000,10.300,17.200,3.300,73.100,48.700,30.200,0.000,75.100,92.700,75.500,7.700,0.000,100.000,69.500,0.000,29.100,20.300,7.000,23.200,13.700,26.100,16.700,5.600,78.700,57.300,85.800,92.200,90.100,94.100,,66.900,0.600,22.600,57.400,100.000,99.100,,4.300,0.000,99.400,887.000,1210.000,12.600,11.400,3.100,0.200,5.500,7.700,97.800,21.400,81.100,32.900,46.400,18.000,49.000,8.400,21.000,10.300,19.800,11.700,3.800
India,Odisha,Balangir,"Calendar Year (Jan - Dec), 2019",64.200,59.400,77.800,58.600,4128.000,98.200,19.800,,14.900,0.700,27.800,95.800,97.900,97.800,97.800,95.800,95.800,97.800,97.800,0.000,98.100,44.000,9.000,74.900,,91.400,,2.100,12.700,32.700,37.600,25.500,77.300,93.300,76.800,94.000,,,,,3.600,84.900,74.300,0.000,0.200,0.000,69.300,34.900,30.800,0.400,32.600,98.200,44.000,2.900,0.200,97.900,90.900,0.100,27.600,44.200,8.900,16.000,6.600,24.400,18.100,3.500,83.000,54.400,89.100,95.400,96.500,97.100,,59.700,15.100,23.900,66.300,92.900,97.800,48.100,2.300,0.700,100.000,919.000,1056.000,29.600,3.400,1.800,0.800,23.700,3.700,82.400,14.000,68.100,15.900,66.200,21.500,31.400,5.600,10.800,4.700,20.100,14.700,2.700
India,Rajasthan,Banswara,"Calendar Year (Jan - Dec), 2019",70.200,52.800,70.400,58.500,1153.000,97.500,6.400,18.500,4.600,2.800,10.500,83.000,88.300,91.100,91.100,84.400,75.100,98.900,93.500,0.000,100.000,33.300,4.700,82.100,,63.900,,2.100,7.500,44.600,38.700,17.300,57.800,88.000,71.800,95.900,,,,,8.500,68.200,58.900,0.000,0.000,0.000,55.900,43.500,39.000,0.500,21.100,88.400,84.200,0.600,1.700,97.700,83.800,0.000,18.100,38.700,6.200,10.800,4.400,19.400,15.200,3.600,26.400,6.800,87.000,69.900,94.000,95.900,,53.100,2.200,31.700,40.800,95.600,93.100,43.300,3.800,0.500,96.700,835.000,1056.000,9.700,8.100,3.100,0.800,5.800,5.200,61.300,25.000,53.100,4.500,77.000,23.300,28.500,5.700,8.900,3.100,17.100,12.700,3.100
India,Punjab,Fatehgarh Sahib,"Calendar Year (Jan - Dec), 2019",59.700,65.100,71.600,44.100,5296.000,98.500,44.800,57.900,37.400,0.400,10.200,83.600,95.900,88.800,88.800,87.500,79.500,94.600,90.800,1.800,98.300,33.800,7.600,61.500,,80.700,,4.600,2.300,30.000,18.200,7.100,61.900,97.200,,93.600,,,,,23.600,66.100,97.600,0.600,2.300,0.800,80.100,16.300,28.400,2.300,74.300,93.800,35.100,2.000,0.100,96.600,54.500,1.000,23.600,12.300,6.900,16.100,8.200,35.100,22.100,10.100,71.000,54.800,74.300,76.000,95.500,94.400,,64.700,0.800,21.100,87.600,99.700,99.600,,3.100,0.900,99.500,844.000,899.000,13.000,7.700,2.300,0.100,0.200,1.500,98.000,7.300,86.900,48.200,66.800,9.800,62.300,6.500,17.200,9.400,31.800,18.100,8.700
India,Manipur,Kamjong,"Calendar Year (Jan - Dec), 2019",20.600,21.900,56.900,12.300,13190.000,54.500,6.400,24.400,2.900,5.100,13.000,39.400,45.000,53.300,51.200,49.800,0.000,91.500,53.200,6.200,89.400,11.500,17.500,34.600,0.000,34.900,0.000,2.000,5.300,27.100,16.000,11.600,63.600,87.300,63.100,44.800,0.000,0.000,0.000,27.900,2.900,41.400,49.100,0.000,2.000,0.300,83.700,2.000,6.700,9.900,22.900,99.400,17.000,3.800,0.800,44.600,21.000,0.000,36.400,69.100,5.600,11.700,5.500,25.000,17.300,7.100,25.100,11.700,58.300,38.800,44.900,81.600,0.000,21.600,2.000,30.900,81.400,50.900,95.000,25.700,2.100,1.900,78.300,996.000,969.000,15.300,12.700,5.200,0.900,32.900,9.800,80.600,11.100,86.900,14.500,48.000,9.700,49.700,3.500,7.900,3.800,22.300,13.300,7.600
India,Punjab,Bathinda,"Calendar Year (Jan - Dec), 2019",59.400,59.700,45.300,40.700,5366.000,93.200,29.500,40.900,26.800,0.300,17.400,66.500,74.500,89.300,81.100,69.100,32.100,97.900,87.300,9.500,88.000,38.300,6.000,69.600,,57.200,,1.200,4.800,23.000,23.800,15.400,52.000,96.400,59.600,81.300,71.900,70.600,23.700,49.900,13.200,72.500,82.900,0.800,2.300,0.500,68.700,17.500,16.800,1.800,78.100,91.500,20.100,6.200,0.100,93.100,60.800,0.800,30.100,20.300,6.000,14.500,7.100,45.100,26.500,15.600,37.500,31.200,52.100,48.200,78.700,77.200,,59.700,2.500,21.500,88.400,99.100,100.000,,13.000,9.000,90.900,820.000,861.000,16.200,17.700,4.900,0.500,1.000,3.900,84.600,14.200,69.200,37.500,67.700,16.500,41.100,5.300,14.000,6.900,32.200,16.000,9.500
India,Assam,Chirang,"Calendar Year (Jan - Dec), 2019",68.800,65.200,65.800,55.600,5052.000,82.900,15.300,69.000,9.300,0.000,9.900,71.100,68.200,86.400,84.500,77.900,43.800,98.200,89.300,3.500,96.500,29.300,7.900,70.400,0.000,63.700,4.300,4.500,8.500,42.700,39.700,19.500,40.500,99.300,76.800,63.000,0.000,0.000,0.000,33.200,6.100,75.300,72.700,0.200,0.400,0.200,71.500,3.900,34.200,2.700,44.500,98.600,61.500,5.200,0.200,83.700,71.100,0.100,30.900,55.100,8.900,13.300,4.100,25.600,18.500,6.400,47.100,22.800,55.900,56.500,59.700,96.100,0.000,65.700,39.900,28.000,77.100,92.100,97.800,54.100,6.300,1.600,99.200,906.000,1015.000,9.700,9.800,3.700,8.900,18.600,13.700,63.500,30.900,71.500,13.300,64.200,17.200,23.000,5.700,8.800,2.600,20.800,14.000,5.200
India,Assam,Golaghat,"Calendar Year (Jan - Dec), 2019",74.700,77.200,61.600,35.700,5186.000,92.100,22.600,0.000,19.600,0.000,4.800,72.400,75.900,84.900,82.800,79.700,47.200,92.600,87.500,2.200,95.500,35.400,7.100,75.100,0.000,61.100,0.000,2.400,5.400,26.300,25.500,19.200,53.600,90.900,0.000,83.500,0.000,0.000,0.000,54.400,5.600,63.300,55.200,0.200,0.200,0.200,77.600,13.200,25.300,2.200,33.100,98.700,69.300,3.100,0.200,90.400,81.400,0.000,38.200,52.000,6.700,14.400,6.600,22.000,13.900,6.300,63.700,26.200,76.100,65.700,73.500,97.700,0.000,77.200,13.000,24.300,73.100,93.700,96.400,76.700,8.000,4.100,100.000,1145.000,1002.000,4.400,10.900,4.700,10.400,21.600,9.500,70.600,20.700,75.100,16.000,51.200,25.100,27.900,6.400,11.600,4.700,20.500,10.700,6.900
India,Assam,Hojai,"Calendar Year (Jan - Dec), 2019",54.300,56.300,61.100,48.200,5299.000,83.500,18.400,51.600,11.200,1.200,2.800,55.500,63.600,60.800,55.600,60.900,41.400,82.100,59.300,7.800,86.400,14.600,3.700,56.800,0.000,50.700,0.000,6.000,4.600,39.300,28.400,12.700,54.900,98.700,64.300,68.400,0.000,0.000,0.000,44.700,4.900,73.500,79.700,0.000,0.900,0.500,79.100,4.300,21.700,4.100,52.000,98.900,67.400,1.200,0.000,82.100,59.400,0.100,16.700,53.700,7.600,16.500,8.000,25.200,15.900,7.300,50.500,16.000,52.700,51.300,63.900,96.200,0.000,56.600,37.200,27.500,63.100,99.900,96.300,51.400,4.400,2.400,98.300,1017.000,986.000,2.700,13.200,4.900,2.200,18.800,15.600,64.600,30.900,83.200,20.100,69.600,19.300,23.100,6.300,14.600,7.500,21.000,11.600,6.900
India,Maharashtra,Sindhudurg,"Calendar Year (Jan - Dec), 2019",36.000,41.200,58.700,56.800,3290.000,98.600,31.800,44.300,25.200,0.700,2.900,76.300,76.300,79.400,79.800,89.700,5.800,100.000,89.000,0.000,100.000,11.900,16.700,55.600,0.000,77.200,0.000,5.900,14.900,30.800,32.000,27.700,65.300,98.200,0.000,98.200,0.000,0.000,0.000,0.000,8.500,63.800,95.500,0.600,1.900,0.400,83.100,45.900,26.800,0.000,66.000,94.900,13.200,1.200,0.000,100.000,65.500,0.000,8.500,26.800,9.400,23.400,12.700,37.900,24.000,6.700,59.600,38.200,70.300,73.400,96.700,96.800,0.000,41.300,1.200,16.200,87.900,73.200,99.400,0.000,0.600,1.400,100.000,874.000,1035.000,2.600,12.100,4.600,0.100,11.500,1.100,89.400,5.000,92.100,20.800,61.400,21.500,49.400,9.600,20.600,9.700,36.600,21.400,6.900
India,Haryana,Gurugram,"Calendar Year (Jan - Dec), 2019",77.600,67.500,70.300,61.200,1389.000,97.200,18.600,36.200,7.400,1.900,11.800,58.700,80.100,70.100,70.100,68.400,67.600,93.000,81.800,6.000,94.000,43.700,4.900,67.700,,54.800,,2.600,4.200,22.100,22.200,15.700,44.300,84.100,,87.600,,,,,18.500,74.400,91.100,0.300,0.000,0.000,80.900,34.600,29.200,0.500,81.000,97.600,34.600,6.000,0.000,96.700,56.900,0.100,18.500,32.600,9.800,15.400,5.100,22.400,17.200,4.500,47.800,16.800,86.200,48.100,87.700,96.100,,68.000,1.500,24.700,84.500,99.700,99.400,55.900,4.500,0.000,93.800,858.000,871.000,10.100,7.800,3.100,0.500,2.900,6.900,96.000,20.700,85.400,24.300,64.700,9.000,59.600,7.400,13.500,5.100,16.500,10.700,4.000
India,Maharashtra,Pune,"Calendar Year (Jan - Dec), 2019",58.600,51.900,57.800,55.900,3677.000,98.500,34.600,40.900,28.300,0.700,3.800,58.100,79.200,68.000,61.300,66.200,17.400,81.700,67.700,16.700,81.600,7.500,45.800,58.700,0.000,69.900,0.000,1.300,14.000,30.700,32.700,31.400,54.800,96.500,0.000,95.200,0.000,0.000,0.000,94.300,7.600,35.700,93.000,2.300,3.800,0.900,84.800,43.300,23.500,1.500,89.500,97.000,14.400,2.300,0.000,98.000,43.400,0.000,11.600,27.900,7.200,15.100,6.500,25.800,16.100,6.400,50.200,40.000,79.600,68.600,84.200,90.700,0.000,53.200,2.300,22.800,79.600,96.900,99.400,0.000,6.700,3.300,93.100,873.000,918.000,9.600,13.700,5.200,0.200,11.700,3.300,94.600,24.000,89.000,31.000,43.700,19.600,61.200,4.200,12.300,5.400,22.400,14.300,3.700
India,Odisha,Baleshwar,"Calendar Year (Jan - Dec), 2019",57.300,61.800,68.300,49.700,7183.000,93.500,35.000,79.800,26.800,0.000,17.500,94.100,85.000,100.000,100.000,94.100,86.300,100.000,100.000,0.000,100.000,36.300,7.700,43.200,,85.500,,3.800,5.400,24.400,22.600,15.000,51.000,92.200,79.400,86.900,48.100,62.700,20.100,68.100,7.100,59.000,70.500,0.400,1.400,0.800,77.100,21.000,21.700,0.400,28.400,95.200,40.600,2.000,0.200,97.600,80.800,0.200,20.200,44.900,5.400,13.800,7.400,29.500,20.200,6.600,36.000,20.700,62.500,56.600,87.600,94.000,,61.500,18.300,25.000,70.900,98.500,97.100,,18.300,5.900,98.200,866.000,1073.000,21.700,9.300,2.800,4.300,29.800,8.300,85.100,26.400,73.800,21.600,57.200,23.900,38.300,5.500,12.200,5.100,22.900,12.100,5.900
India,Bihar,Gaya,"Calendar Year (Jan - Dec), 2019",65.500,64.300,73.300,52.500,1927.000,77.700,14.400,48.300,2.300,2.500,10.400,85.000,84.200,92.600,91.800,90.700,7.300,97.100,92.500,2.300,95.700,26.500,13.300,76.700,0.000,46.600,5.500,3.700,9.300,47.400,43.500,24.300,42.400,70.700,66.900,75.400,0.000,0.000,0.000,79.000,4.400,51.900,38.200,0.100,0.000,0.000,59.600,41.500,29.500,4.200,34.700,94.900,9.700,1.400,0.600,76.600,49.100,0.100,29.900,51.900,7.400,11.400,3.600,18.800,12.700,4.800,18.900,7.100,63.200,25.100,72.500,94.900,0.000,64.300,1.900,36.300,44.400,99.200,97.900,64.400,5.100,4.100,93.400,863.000,1080.000,12.500,5.900,2.600,0.900,3.700,7.200,72.800,42.800,59.400,10.800,58.500,26.800,30.700,4.200,8.200,3.600,16.600,11.500,3.900
India,Karnataka,Koppal,"Calendar Year (Jan - Dec), 2019",55.300,54.800,63.400,63.200,4909.000,89.200,19.100,44.000,13.500,2.100,8.400,84.800,93.400,94.200,94.200,84.800,0.000,97.300,90.300,1.400,98.600,19.300,29.600,70.700,0.000,70.900,0.000,0.800,3.800,49.100,45.800,23.100,49.200,95.100,77.300,79.500,52.400,55.900,22.900,58.400,1.200,59.000,78.000,0.400,0.500,0.200,63.900,58.400,15.600,3.200,47.400,47.900,20.600,1.900,0.700,90.700,68.200,0.000,13.000,34.100,6.600,14.500,6.800,22.200,14.200,5.100,15.800,8.000,52.400,50.700,80.700,84.500,22.200,54.800,0.700,28.800,58.800,96.000,99.200,55.200,7.000,0.000,100.000,952.000,994.000,12.200,9.700,6.000,1.200,19.900,8.500,67.800,27.100,59.800,21.900,28.600,24.900,34.400,4.900,9.600,4.200,19.500,11.600,5.600
India,Karnataka,Dharwad,"Calendar Year (Jan - Dec), 2019",50.500,52.100,67.100,65.700,3225.000,99.000,29.900,49.400,21.500,2.500,15.900,87.600,93.600,97.600,80.300,89.100,0.000,100.000,96.100,9.000,91.000,25.200,7.700,67.200,0.000,83.500,0.000,2.800,4.600,45.200,40.400,16.500,70.300,99.700,0.000,95.500,0.000,0.000,0.000,82.100,1.800,79.500,96.200,0.100,0.300,0.000,78.200,58.700,29.700,0.300,79.100,92.300,24.500,2.100,0.300,99.700,69.200,0.000,15.800,36.800,7.000,14.100,6.300,23.700,15.000,6.100,45.100,25.700,78.700,85.200,98.000,92.100,0.000,51.400,1.900,22.100,79.300,87.900,99.400,68.400,1.900,0.000,96.900,1110.000,1022.000,15.300,6.300,3.800,0.500,6.800,3.300,81.000,17.800,81.800,33.800,41.900,17.300,51.400,5.600,13.800,6.200,26.600,15.100,6.000
India,Rajasthan,Churu,"Calendar Year (Jan - Dec), 2019",51.200,52.900,76.700,68.400,2104.000,89.900,8.200,23.800,4.900,3.400,10.600,74.300,82.400,88.200,85.700,79.100,52.500,93.000,88.100,0.000,100.000,35.800,6.800,78.100,,61.400,2.200,4.000,5.200,27.100,23.400,16.500,39.700,88.000,62.000,75.200,75.700,61.900,16.300,73.800,15.800,42.800,76.500,0.100,0.500,0.400,62.900,43.500,25.300,3.400,40.600,90.900,81.900,0.900,0.200,87.800,67.400,1.700,9.100,39.900,3.600,8.900,4.000,25.400,16.600,6.500,31.400,12.900,72.400,45.000,73.900,87.300,,53.000,5.200,29.000,80.200,98.200,96.600,51.500,6.200,5.200,97.400,944.000,1037.000,11.200,7.600,3.500,0.400,5.000,4.200,87.900,27.900,63.900,20.300,55.000,20.300,33.400,2.900,6.200,2.600,21.200,13.100,5.400
India,Manipur,Imphal West,"Calendar Year (Jan - Dec), 2019",25.000,26.800,69.900,16.400,14173.000,98.000,44.500,73.500,35.400,0.000,11.400,74.100,83.600,94.400,94.400,76.000,9.400,94.700,88.500,7.600,90.600,16.800,23.400,41.800,0.000,54.200,0.000,2.600,3.100,15.600,10.200,9.300,62.600,86.800,0.000,91.700,0.000,0.000,0.000,0.000,5.200,35.400,49.600,2.000,2.500,1.900,89.000,3.500,7.100,2.300,88.600,99.000,15.700,4.500,0.000,95.700,67.600,0.100,39.300,52.300,8.500,21.800,11.800,38.400,24.500,10.100,60.900,36.700,83.200,93.400,90.800,92.700,0.000,26.400,3.000,24.800,58.700,89.100,99.400,39.500,2.300,2.400,50.000,1039.000,1041.000,13.000,12.500,6.400,0.500,38.000,10.900,94.600,15.300,92.500,36.900,70.600,6.300,61.900,7.700,16.600,7.200,27.500,16.400,6.100
India,Rajasthan,Sirohi,"Calendar Year (Jan - Dec), 2019",72.200,64.000,67.900,61.500,1614.000,95.900,6.600,14.700,5.700,2.200,5.000,86.400,95.600,92.500,90.100,88.900,77.800,91.200,93.700,0.000,100.000,16.000,4.200,75.800,,65.500,,2.500,8.800,30.700,31.200,16.400,50.100,93.700,73.800,91.300,85.700,57.900,33.300,86.300,10.300,71.700,65.800,0.000,0.300,0.300,59.400,43.000,30.100,1.100,46.000,94.100,92.000,2.500,1.100,95.700,82.600,0.200,13.500,39.900,5.100,8.600,2.900,18.700,14.200,3.400,42.500,21.400,73.100,69.500,91.100,93.300,,65.300,4.300,29.500,54.100,93.600,93.900,42.200,7.500,2.900,99.700,1064.000,1060.000,4.300,8.900,3.700,0.300,8.700,4.400,74.200,18.000,60.600,7.900,76.900,17.700,25.700,3.000,5.100,1.700,14.200,10.800,2.100
India,Uttar Pradesh,Ghaziabad,"Calendar Year (Jan - Dec), 2019",59.800,55.200,72.700,51.100,2251.000,88.000,31.800,52.500,19.200,3.700,7.500,68.500,83.800,79.100,77.800,73.200,64.700,90.200,82.000,8.600,87.800,27.400,1.600,61.800,,64.500,4.100,3.000,3.000,28.200,23.400,17.100,18.400,86.800,54.500,85.300,,,,,31.900,95.500,73.400,0.000,0.700,0.900,78.900,15.900,22.600,4.100,92.400,96.300,20.000,3.000,0.000,86.400,40.700,0.000,13.400,22.300,8.000,20.200,11.200,24.500,15.500,6.900,47.800,22.600,77.200,62.000,84.800,86.000,,55.900,0.200,24.900,84.500,99.100,99.900,39.600,4.700,0.800,95.500,1182.000,930.000,6.000,5.300,2.800,0.100,1.700,0.600,91.700,8.000,80.100,43.700,49.700,11.100,55.200,7.800,17.900,9.400,19.300,10.300,6.400
India,Uttar Pradesh,Mau,"Calendar Year (Jan - Dec), 2019",53.800,44.300,54.200,39.000,2476.000,90.700,14.500,33.300,4.400,2.900,3.600,59.100,63.300,74.600,69.300,73.200,41.300,98.800,76.700,1.600,97.100,19.500,14.600,62.700,,84.500,,1.200,9.600,25.400,30.300,21.200,37.100,89.800,65.100,75.700,,,,55.100,16.500,84.200,59.200,1.000,3.700,1.200,68.800,11.800,27.300,2.700,54.200,98.400,16.000,0.400,0.900,94.700,58.900,0.000,13.600,39.300,5.800,12.700,6.500,29.900,20.800,7.900,27.600,13.400,64.400,43.200,80.000,97.500,,44.500,7.100,27.200,75.100,99.800,94.200,37.200,4.700,2.600,98.100,938.000,989.000,3.200,16.800,7.200,0.400,6.400,0.300,76.600,11.000,72.000,20.200,63.200,16.500,53.100,4.800,11.600,5.400,23.900,16.300,5.200
India,Tamil Nadu,Tiruppur,"Calendar Year (Jan - Dec), 2019",56.000,55.200,69.300,66.000,5017.000,100.000,46.400,54.100,41.500,0.700,,,,,,,,,,,,,19.200,44.800,,74.200,,6.200,10.300,21.500,23.100,15.300,60.100,96.900,,99.300,,,,,1.800,87.400,99.200,3.700,6.100,0.600,75.800,59.700,37.600,0.000,95.400,98.300,59.900,3.800,0.000,100.000,61.000,0.000,26.200,22.800,6.100,18.600,11.000,28.900,19.000,7.000,95.000,74.200,68.600,93.500,98.400,95.000,,55.900,0.100,17.800,75.900,99.800,99.500,40.800,1.500,0.700,100.000,1016.000,1114.000,16.700,4.600,1.300,0.100,5.700,5.100,98.500,10.500,87.100,45.000,60.500,9.900,55.100,5.900,18.300,11.000,26.800,15.800,7.400
India,Rajasthan,Jhalawar,"Calendar Year (Jan - Dec), 2019",56.900,51.500,74.400,67.800,1692.000,98.500,8.600,,6.600,1.300,6.000,81.500,92.000,90.800,89.300,83.900,77.600,98.800,90.600,0.000,100.000,34.600,4.600,73.100,,67.800,,1.400,14.000,34.000,38.100,29.000,59.300,97.000,77.100,91.000,,,,59.300,13.800,67.200,76.200,0.000,0.200,0.300,55.600,49.300,27.400,0.500,33.800,95.500,93.600,0.400,0.700,98.300,92.200,0.000,15.100,55.400,6.400,8.800,2.000,17.300,12.700,3.600,30.300,9.100,89.900,72.300,89.700,95.900,,51.700,1.900,25.700,62.100,92.400,99.300,48.500,3.700,5.100,99.800,905.000,977.000,5.800,6.800,4.300,0.400,9.800,5.600,62.100,37.800,54.300,8.600,59.000,19.800,22.400,4.600,7.700,2.700,15.000,9.400,3.800
India,The Dadra And Nagar Haveli And Daman And Diu,Daman,"Calendar Year (Jan - Dec), 2019",63.000,60.800,52.500,48.900,1200.000,96.900,23.600,35.400,17.400,1.100,13.700,78.300,73.600,87.300,79.000,83.900,2.500,91.200,82.800,3.200,96.800,23.400,10.100,82.500,0.000,80.700,0.000,1.400,7.900,30.000,29.300,25.200,23.700,96.900,0.000,87.600,0.000,0.000,0.000,94.800,8.800,61.400,92.300,0.300,0.700,0.300,83.800,34.400,20.700,0.000,92.100,97.000,32.900,1.300,0.500,97.400,60.500,0.000,32.600,36.100,7.700,15.600,7.300,19.900,13.200,4.700,38.400,20.800,62.700,70.500,89.500,78.700,0.000,60.800,3.900,22.700,67.100,96.000,99.500,0.000,4.800,0.500,96.600,767.000,755.000,11.800,21.100,10.700,0.600,2.300,1.400,86.300,22.800,85.900,36.900,50.300,22.300,42.900,4.500,12.800,7.100,18.400,9.400,4.600
India,Rajasthan,Hanumangarh,"Calendar Year (Jan - Dec), 2019",61.700,60.300,80.200,70.700,2057.000,96.900,16.000,34.700,9.000,2.300,6.100,83.300,86.600,94.700,94.700,88.300,57.600,92.200,93.500,0.000,100.000,27.300,9.100,81.000,,64.800,,3.900,9.000,24.200,21.300,19.800,45.000,94.300,83.900,84.800,,,,77.400,13.200,49.400,89.100,0.400,0.800,0.600,65.100,49.900,21.700,2.000,36.200,97.700,89.000,1.100,0.400,94.900,65.700,0.700,13.000,36.100,4.100,8.500,4.100,22.600,15.700,4.800,48.300,20.800,84.400,53.100,83.400,91.700,,60.400,5.100,25.100,83.800,97.800,99.000,55.800,2.200,1.600,99.700,1117.000,1015.000,7.100,6.100,3.200,0.100,1.500,2.800,92.000,18.600,68.200,17.600,69.900,19.300,38.400,3.900,7.400,3.000,20.000,11.500,4.000
India,West Bengal,Dinajpur Uttar,"Calendar Year (Jan - Dec), 2019",63.600,72.400,81.200,60.900,2706.000,84.700,22.000,77.700,13.700,1.800,22.400,84.400,86.400,92.400,91.300,88.400,0.000,97.500,88.500,2.900,97.200,51.900,4.100,77.200,0.000,66.400,6.500,7.100,7.200,44.800,32.000,16.000,60.200,98.200,66.400,69.400,82.500,64.900,50.600,84.100,9.500,50.600,66.500,0.000,0.000,0.000,68.100,25.900,10.300,7.800,27.200,93.700,21.000,1.500,1.400,76.900,58.900,0.100,15.900,49.100,10.300,18.800,7.700,23.800,15.900,4.800,59.300,28.900,76.600,70.100,60.900,96.700,0.000,71.900,20.700,29.200,63.800,99.800,96.900,84.400,7.900,4.300,97.800,1155.000,1093.000,20.400,4.400,3.300,1.700,10.200,12.700,79.600,30.300,65.400,14.600,71.200,16.500,29.300,8.000,13.600,4.700,16.300,10.400,3.900
India,Tamil Nadu,Karur,"Calendar Year (Jan - Dec), 2019",60.700,65.000,65.800,63.500,2586.000,99.200,47.800,64.100,35.400,0.800,5.500,82.500,84.000,84.700,84.700,89.100,43.100,94.500,93.900,2.300,97.700,22.000,30.000,73.200,,48.500,,2.400,8.700,33.600,36.300,18.400,42.200,98.600,,91.900,,,,,0.900,77.600,95.600,5.800,12.100,0.200,73.200,58.300,30.300,0.000,72.500,94.200,74.600,3.900,0.400,100.000,56.800,0.000,29.000,25.500,10.800,28.900,16.200,29.100,18.900,6.100,68.700,46.400,83.300,95.700,96.400,82.700,,65.500,0.000,19.100,63.600,99.400,98.700,,5.600,0.700,97.300,839.000,1154.000,13.300,7.500,2.300,0.400,5.900,3.300,97.900,13.300,78.200,34.700,53.300,17.900,51.200,9.400,23.400,12.700,24.100,12.900,7.100
India,Telangana,Mulugu,"Calendar Year (Jan - Dec), 2019",64.900,65.900,64.800,64.300,5993.000,95.100,64.300,87.400,50.400,2.000,11.100,87.900,97.200,94.000,94.400,87.900,6.500,96.900,96.900,2.600,97.400,45.600,3.900,67.900,0.000,70.500,0.000,1.400,14.600,32.500,36.700,31.800,44.600,90.900,0.000,89.600,0.000,0.000,0.000,71.200,1.000,47.100,58.900,0.800,7.300,4.900,52.400,51.000,13.500,0.500,90.300,97.700,71.500,0.000,0.200,99.500,61.300,11.300,53.100,27.400,9.800,17.400,6.300,31.500,20.800,7.500,58.900,35.300,94.600,72.700,89.100,94.100,0.000,66.400,0.500,18.500,65.600,95.100,99.300,0.000,7.000,1.900,94.000,903.000,1079.000,12.600,7.000,2.400,4.300,5.600,13.200,90.800,24.900,58.900,22.400,46.300,17.700,36.300,5.300,13.500,7.100,28.400,15.800,7.900
India,West Bengal,Nadia,"Calendar Year (Jan - Dec), 2019",68.200,73.400,59.900,49.300,3776.000,98.600,58.200,93.400,32.400,0.000,17.400,89.900,91.800,97.300,92.200,92.600,0.000,100.000,95.000,0.000,100.000,35.700,29.100,63.600,0.000,74.000,0.000,3.000,7.500,26.100,25.100,17.600,71.800,98.600,0.000,89.900,0.000,0.000,0.000,69.200,6.900,61.600,81.300,0.000,0.200,0.000,77.600,26.800,20.900,0.000,34.200,96.000,23.000,3.800,0.900,97.700,54.200,0.000,10.800,47.700,11.900,21.200,8.500,16.000,10.200,2.700,57.900,23.800,61.100,71.200,89.400,95.700,0.000,73.800,10.500,21.500,78.400,98.200,98.200,58.700,5.900,3.300,98.400,982.000,1071.000,17.800,12.900,5.900,0.400,6.800,15.100,83.400,39.900,76.200,28.600,80.300,8.300,28.300,11.100,20.000,7.900,21.200,11.300,5.300
India,Telangana,Mahabubnagar,"Calendar Year (Jan - Dec), 2019",61.200,54.700,72.000,70.100,2369.000,97.600,43.400,72.200,25.900,2.000,5.800,89.400,98.100,96.500,89.300,89.400,0.000,98.200,96.500,1.500,90.700,41.600,20.200,82.600,0.000,70.800,0.000,4.100,8.700,42.600,33.000,17.800,42.900,91.900,74.000,85.500,0.000,0.000,0.000,81.200,0.400,48.300,72.600,0.000,2.200,1.400,54.800,68.000,31.400,1.000,85.900,94.100,70.300,0.300,0.000,98.100,59.200,0.000,42.900,25.300,6.400,14.200,7.000,26.500,16.500,6.500,69.100,45.500,86.200,62.600,84.900,90.200,0.000,55.100,0.100,27.800,73.700,99.600,99.400,44.900,4.000,2.400,98.700,789.000,1035.000,5.400,2.700,1.700,8.000,7.500,9.200,95.600,23.400,59.600,24.000,40.300,24.000,40.400,4.900,10.800,4.700,24.200,14.000,5.600
India,Uttar Pradesh,Ayodhya,"Calendar Year (Jan - Dec), 2019",52.700,52.300,46.000,21.000,2525.000,91.600,21.200,59.300,9.300,1.500,3.500,68.700,82.900,86.400,85.100,71.200,62.700,88.600,82.500,1.400,97.300,27.700,9.000,57.700,,65.100,0.000,2.600,2.000,30.600,27.500,12.400,12.500,86.600,64.200,71.200,,,,88.600,7.600,50.400,58.900,0.000,0.000,0.200,71.100,11.300,16.200,3.200,41.300,94.100,19.800,0.800,0.500,89.100,63.300,0.000,10.600,41.200,10.600,20.600,9.500,17.700,10.300,4.400,20.800,9.800,48.400,33.800,75.500,94.200,,52.700,0.700,29.100,64.400,100.000,90.300,39.300,2.500,0.700,94.100,885.000,1049.000,2.900,25.900,12.300,0.200,8.700,2.000,71.000,7.600,73.800,24.500,31.600,20.000,49.000,7.900,17.000,8.600,14.900,8.900,4.000
India,Maharashtra,Ahmednagar,"Calendar Year (Jan - Dec), 2019",45.000,50.300,69.500,67.400,5575.000,95.000,28.100,33.700,23.000,0.700,11.600,83.500,88.300,92.600,89.300,87.600,4.400,96.600,93.800,6.900,93.100,43.900,21.600,64.500,0.000,69.200,0.000,1.800,8.600,31.700,41.200,24.900,50.500,99.300,0.000,92.900,71.000,66.000,28.300,84.200,8.000,31.700,85.700,0.200,1.300,0.200,77.400,56.600,19.500,1.000,77.400,95.500,12.000,1.700,0.000,97.900,45.500,0.000,10.500,37.700,5.400,12.500,5.200,25.300,16.000,6.300,53.300,32.000,71.400,76.600,90.900,91.200,0.000,50.500,1.000,23.000,79.500,90.000,94.500,44.000,15.900,2.700,94.400,845.000,967.000,9.800,8.300,2.600,0.200,14.700,10.800,84.200,26.900,86.200,23.000,44.600,21.500,45.700,5.000,11.000,4.400,23.600,13.400,5.100
India,Assam,Baksa,"Calendar Year (Jan - Dec), 2019",76.600,73.600,59.200,47.300,7312.000,92.100,17.600,81.700,13.800,0.000,12.600,70.500,67.300,87.200,68.300,78.300,53.800,93.600,91.900,0.000,100.000,26.600,3.300,78.600,69.400,54.500,3.400,8.600,6.200,41.200,34.000,17.000,34.900,97.900,60.600,70.900,0.000,0.000,0.000,59.000,2.700,76.200,50.100,0.300,0.300,0.000,74.100,7.100,24.800,4.600,35.200,98.900,69.000,3.300,0.000,89.900,82.200,0.000,33.400,57.600,9.400,16.100,6.300,25.000,17.800,5.300,56.200,30.200,61.100,56.000,65.000,95.000,0.000,73.800,33.500,26.500,68.900,89.800,98.100,65.300,5.800,0.800,99.800,1097.000,1057.000,14.000,12.500,5.700,11.900,14.900,12.300,67.000,24.900,74.800,18.800,66.900,15.100,27.800,8.700,13.400,4.000,24.500,15.000,7.200
India,Uttar Pradesh,Kaushambi,"Calendar Year (Jan - Dec), 2019",54.800,54.400,62.500,38.300,1628.000,92.800,8.900,39.700,3.400,3.700,5.900,65.700,77.100,73.800,73.600,70.700,57.200,92.000,79.100,0.000,98.900,30.200,10.000,65.500,34.600,79.800,0.000,0.800,4.300,40.200,36.800,18.300,27.800,82.400,62.500,67.900,,,,67.800,13.500,65.700,56.200,0.200,0.500,0.600,63.200,19.300,28.200,5.400,37.000,97.700,20.200,1.200,0.700,88.600,72.300,0.000,13.000,53.600,7.200,15.500,8.000,10.000,6.700,2.800,21.300,11.500,72.200,34.000,74.200,91.200,,54.600,0.900,34.900,59.600,98.300,78.700,49.600,3.900,1.800,96.000,972.000,1069.000,6.100,12.500,4.400,0.200,14.900,2.900,67.100,17.600,58.600,17.300,44.400,24.100,31.900,6.700,11.700,4.500,9.400,5.000,3.400
India,Puducherry,Yanam,"Calendar Year (Jan - Dec), 2019",44.800,43.100,79.600,78.500,2763.000,99.000,59.100,76.800,43.400,2.500,1.500,79.700,92.400,90.800,90.800,81.500,49.400,94.400,93.300,2.700,97.300,34.300,20.100,39.700,,75.800,,6.900,4.300,25.000,18.700,12.400,36.600,96.000,,96.300,,,,,2.900,59.400,94.700,0.200,0.700,2.300,80.900,71.800,34.900,0.000,98.600,83.300,29.200,0.900,0.200,100.000,53.100,1.900,18.800,10.300,8.900,24.700,14.000,33.300,20.000,8.400,81.000,72.400,95.500,79.800,97.100,97.700,,43.500,0.400,21.800,84.100,100.000,99.800,,2.500,0.000,98.200,1154.000,1089.000,1.300,1.200,0.300,0.200,0.800,4.800,93.100,15.900,82.200,51.600,65.000,8.500,51.600,6.300,22.000,13.200,32.200,16.300,7.900
India,Meghalaya,East Garo Hills,"Calendar Year (Jan - Dec), 2019",55.700,50.900,37.000,35.800,2473.000,80.800,4.000,0.000,5.000,1.900,41.300,72.400,94.500,83.300,74.800,76.600,12.500,81.500,83.300,0.000,93.800,19.300,3.200,28.000,0.000,56.600,0.000,4.100,6.200,39.700,26.500,20.100,48.000,81.400,0.000,57.500,83.300,79.100,63.300,64.100,4.900,79.200,45.900,0.200,0.200,1.100,90.900,4.400,22.100,7.500,29.100,69.000,71.900,4.700,2.200,73.800,73.500,0.000,36.800,54.000,12.000,16.200,3.600,23.200,16.400,4.400,28.800,7.000,59.200,25.500,59.900,74.500,0.000,52.100,18.500,31.100,83.900,67.000,97.400,29.100,9.200,1.600,92.100,1427.000,1026.000,43.900,21.000,12.400,0.900,6.300,2.200,75.700,13.700,86.700,7.000,63.700,8.500,40.500,6.300,9.300,2.000,15.300,8.500,2.900
India,Chhattisgarh,Korba,"Calendar Year (Jan - Dec), 2019",70.500,66.400,53.600,46.900,1943.000,78.200,18.100,63.900,11.600,2.000,4.500,68.400,89.300,75.900,72.700,72.200,36.000,91.000,83.900,1.800,91.600,48.300,14.300,63.600,,74.100,12.500,6.300,8.000,34.700,27.900,14.700,26.400,94.500,,70.700,,,,50.600,5.700,52.400,72.400,0.800,0.900,0.500,71.100,34.500,12.700,7.100,35.500,95.400,60.600,1.400,0.400,75.400,57.400,0.600,33.400,42.600,5.300,10.200,3.800,32.700,21.100,10.100,26.500,15.400,49.700,49.300,76.700,84.200,,66.900,3.500,25.400,73.300,82.200,97.900,54.600,5.300,0.300,92.900,989.000,1034.000,4.000,13.400,4.400,3.700,18.600,1.200,65.200,7.200,73.200,16.200,52.400,24.400,37.100,4.200,9.600,4.500,23.900,14.700,7.500
India,Uttar Pradesh,Hardoi,"Calendar Year (Jan - Dec), 2019",61.100,59.700,58.300,46.200,1679.000,79.100,7.000,43.400,2.500,4.600,8.000,63.300,62.400,76.800,75.300,67.900,37.500,88.700,79.000,0.000,98.800,28.100,15.100,76.100,20.900,78.400,5.000,5.400,9.900,44.500,33.000,22.300,20.400,77.800,53.500,62.800,71.800,56.200,35.500,46.900,31.500,79.800,38.400,0.300,0.700,1.500,64.600,6.900,31.200,8.200,29.000,82.900,16.000,1.100,0.200,73.900,61.300,0.000,14.300,52.100,5.800,9.800,3.500,19.900,14.900,4.300,23.800,13.200,68.000,39.700,67.000,92.600,6.300,59.500,4.400,32.400,55.700,99.900,71.000,63.300,5.100,3.400,96.200,1097.000,975.000,7.600,13.400,4.500,0.100,6.500,2.800,63.800,19.300,55.000,13.600,64.800,22.900,26.500,4.100,8.000,3.400,18.100,11.900,4.400
India,Punjab,Hoshiarpur,"Calendar Year (Jan - Dec), 2019",50.400,54.100,65.600,46.300,3682.000,98.300,43.800,65.500,24.700,1.400,11.800,92.900,97.600,95.300,97.700,92.900,83.300,100.000,95.400,4.400,95.600,29.200,18.300,69.600,,69.300,,3.800,2.500,19.300,12.400,11.500,58.500,97.700,,90.000,,,,,22.600,,98.500,0.200,4.300,0.000,89.000,20.400,22.800,0.000,77.300,97.400,27.700,1.200,0.000,98.300,50.400,0.100,16.400,10.100,7.600,13.800,5.800,43.000,29.000,13.100,57.800,43.400,80.100,59.700,92.900,95.300,,54.200,1.400,19.900,89.700,99.900,99.900,,1.700,1.300,100.000,970.000,999.000,12.600,11.900,5.700,0.300,0.200,1.600,97.400,4.700,91.300,40.700,75.800,10.800,73.200,5.300,12.900,6.500,35.900,22.400,11.100
India,Gujarat,Arvalli,"Calendar Year (Jan - Dec), 2019",87.700,77.300,68.700,56.300,3666.000,93.000,21.000,27.600,14.700,2.700,10.100,77.000,86.900,87.900,86.400,81.800,5.900,95.200,88.100,7.700,92.300,17.300,0.000,89.500,0.000,84.600,0.000,3.300,9.300,47.100,47.200,29.000,33.000,93.800,51.000,85.100,62.300,56.700,28.500,69.400,8.100,75.600,90.800,0.500,0.700,0.300,68.600,43.500,30.000,2.500,47.900,93.500,43.900,1.500,0.000,92.200,34.800,0.100,5.200,45.800,7.900,15.100,6.600,22.000,15.300,4.900,56.000,41.400,62.600,73.800,87.600,89.700,0.000,77.100,2.800,25.500,56.300,98.500,96.500,82.600,16.600,1.800,95.800,965.000,996.000,9.400,11.200,5.000,0.300,9.600,6.700,52.500,27.000,71.900,18.100,42.200,34.400,34.700,6.700,12.400,5.200,21.000,11.800,6.900
India,Chhattisgarh,Raipur,"Calendar Year (Jan - Dec), 2019",63.100,59.100,76.800,72.100,1790.000,95.800,24.300,55.600,14.700,1.600,9.000,74.200,75.400,78.000,76.400,86.800,27.700,96.600,85.800,5.500,94.500,31.500,3.500,74.600,,88.400,,5.600,10.300,32.200,32.300,21.700,36.400,97.500,71.900,86.700,,,,,5.000,85.100,78.300,0.200,0.200,0.000,77.100,58.200,23.100,6.600,60.500,99.400,76.900,3.400,0.200,90.700,63.900,0.500,33.300,37.500,4.500,9.100,3.000,20.600,15.000,4.500,46.100,25.600,82.400,65.600,88.400,94.700,,59.800,1.900,24.200,84.000,99.700,99.500,37.100,3.400,3.800,100.000,1000.000,983.000,7.900,6.100,3.100,1.200,10.900,3.300,72.000,8.800,79.600,15.700,62.100,14.400,40.100,4.000,9.200,4.000,17.700,11.000,3.600
India,Bihar,Begusarai,"Calendar Year (Jan - Dec), 2019",64.300,62.900,55.800,46.200,1710.000,85.600,6.300,25.300,0.900,5.900,5.500,65.800,80.800,82.300,80.400,72.900,2.500,96.600,81.000,1.700,96.500,24.500,26.300,74.500,0.000,57.200,8.500,4.000,8.800,37.800,35.600,21.000,42.000,81.700,50.800,60.900,63.100,61.800,31.600,75.400,2.900,53.100,37.500,0.200,0.200,0.000,65.000,36.700,17.400,3.400,45.200,89.200,13.200,1.000,1.200,86.000,63.600,0.400,13.700,49.600,9.100,15.800,5.600,17.000,9.700,3.100,21.400,11.800,46.500,21.600,58.600,88.600,0.000,63.200,1.200,36.400,62.200,99.100,96.200,58.700,11.900,3.100,87.800,1058.000,1076.000,4.600,16.000,9.000,0.400,4.000,12.100,70.700,49.500,62.300,17.600,68.600,26.000,34.100,6.800,13.200,5.600,13.900,7.100,2.400
India,Jharkhand,West Singhbhum,"Calendar Year (Jan - Dec), 2019",74.200,72.600,55.900,36.300,1183.000,70.100,4.000,,3.300,2.400,11.600,87.000,89.000,92.100,89.400,90.000,86.900,96.200,92.100,0.000,99.000,22.300,11.400,73.300,,72.700,5.200,2.800,12.900,60.600,62.400,30.500,22.000,66.600,73.700,61.500,71.700,79.000,33.000,52.200,7.600,71.200,42.000,0.100,0.200,0.100,58.400,12.900,43.600,8.400,15.500,96.900,46.700,2.900,1.000,67.900,64.300,0.500,57.100,56.400,7.400,11.100,3.500,19.500,13.100,5.400,37.400,23.100,62.600,34.900,58.800,89.800,,72.500,7.400,35.800,37.700,79.300,83.300,74.800,10.500,2.700,92.000,872.000,1049.000,11.700,12.500,5.000,28.500,19.900,6.700,80.400,24.400,47.800,7.100,70.300,33.100,22.900,4.200,7.500,2.800,17.800,12.000,4.600
India,Tripura,West Tripura,"Calendar Year (Jan - Dec), 2019",64.900,67.300,80.100,53.900,5556.000,96.900,47.700,94.200,41.400,0.000,17.300,88.400,93.700,94.100,91.700,88.400,74.700,100.000,94.100,6.400,93.600,33.600,32.300,54.500,0.000,73.000,0.000,8.700,2.100,30.300,21.200,11.700,38.000,94.900,0.000,88.700,0.000,0.000,0.000,0.000,4.600,42.100,88.100,0.600,0.600,0.400,85.300,15.600,9.400,1.600,65.200,99.800,28.100,0.200,0.200,95.300,79.800,0.000,33.000,55.200,7.900,18.100,8.900,27.100,15.400,7.200,31.800,7.100,78.700,61.200,87.700,99.300,0.000,67.600,32.500,20.200,80.200,98.500,99.800,56.200,2.400,0.500,98.100,1048.000,937.000,18.600,2.500,0.900,3.500,47.700,20.200,81.500,37.100,86.200,26.800,61.600,13.700,30.900,8.400,18.700,9.300,25.100,12.700,6.600
India,Haryana,Rewari,"Calendar Year (Jan - Dec), 2019",71.800,61.800,70.600,64.400,1464.000,98.300,26.000,44.100,11.500,0.400,5.500,79.300,83.600,90.200,90.200,83.500,78.500,92.600,90.200,3.300,93.500,36.300,10.200,71.300,,83.200,,5.400,4.200,25.900,20.500,9.300,47.400,96.100,80.600,89.700,,,,,14.700,70.400,84.200,0.000,0.000,0.000,74.600,37.700,32.900,0.000,54.900,97.700,25.300,3.400,0.700,98.700,53.900,1.200,19.100,33.500,5.200,10.900,4.900,26.500,16.900,9.000,45.800,29.100,85.700,63.800,90.500,94.400,,61.900,5.400,22.600,86.400,99.700,100.000,59.300,2.700,0.000,99.400,787.000,885.000,6.100,8.500,4.200,0.300,4.400,4.700,94.800,5.800,86.000,28.300,78.000,11.700,58.700,4.000,8.200,3.800,24.100,15.700,6.800
India,Gujarat,Vadodara,"Calendar Year (Jan - Dec), 2019",74.300,72.300,58.500,49.100,1597.000,95.200,29.900,44.100,17.100,1.700,6.600,84.900,90.800,91.700,91.700,84.900,8.300,93.200,93.200,17.400,82.600,27.300,17.800,86.400,0.000,91.600,0.000,6.400,5.200,42.300,39.900,20.100,44.600,98.600,0.000,88.700,61.600,52.500,22.400,73.000,12.000,44.500,96.500,0.000,0.200,0.500,82.000,32.500,17.500,1.800,78.100,94.600,41.700,2.800,0.000,95.900,45.700,0.000,5.400,29.100,6.500,15.100,7.400,23.800,14.000,5.500,53.100,41.300,80.400,65.900,90.700,93.100,0.000,72.600,1.700,21.000,85.600,99.500,97.300,65.900,11.800,0.700,96.600,1186.000,953.000,5.100,11.400,6.500,0.400,6.800,10.300,72.400,22.800,84.600,27.600,51.200,20.900,46.400,7.800,16.600,7.400,24.300,13.800,4.900
India,Manipur,Jiribam,"Calendar Year (Jan - Dec), 2019",36.000,35.900,50.100,16.900,18578.000,93.000,35.800,55.600,32.900,1.000,18.300,76.200,72.500,83.300,81.900,79.000,4.900,100.000,81.900,10.700,87.600,10.500,15.200,50.300,0.000,43.000,0.000,0.500,2.400,18.400,14.400,11.700,47.400,86.100,0.000,81.000,57.600,82.900,22.600,44.200,5.400,44.500,32.800,3.300,2.300,1.900,87.200,3.900,6.300,1.600,79.000,99.100,7.000,3.100,0.000,91.700,66.700,0.000,36.100,53.500,7.800,18.500,9.300,36.000,21.600,9.800,55.800,31.900,78.600,87.100,85.400,89.100,0.000,36.300,4.100,26.000,59.500,90.200,98.600,27.400,11.700,1.900,53.800,936.000,1059.000,19.200,16.700,5.400,0.800,39.600,9.500,76.400,15.200,90.000,40.100,59.100,8.700,49.900,7.300,15.900,7.400,21.900,11.900,4.900
India,Assam,Nagaon,"Calendar Year (Jan - Dec), 2019",65.100,61.000,58.600,46.800,5670.000,86.700,17.900,80.800,13.000,1.700,8.500,58.200,68.000,73.600,64.600,67.200,31.400,86.900,67.300,3.300,95.300,9.600,4.700,68.600,0.000,47.900,0.000,7.400,5.200,38.900,32.400,19.400,61.600,99.200,67.500,65.300,57.100,75.400,11.700,42.500,5.400,73.700,66.000,0.200,0.200,0.400,81.300,7.700,16.600,2.700,38.600,98.700,59.400,2.800,0.100,83.700,73.400,0.200,14.800,49.000,10.600,21.400,9.100,17.000,9.700,2.500,46.500,12.300,73.100,59.400,62.000,97.100,0.000,61.000,30.200,31.100,66.100,96.100,94.500,62.400,8.700,2.800,98.300,969.000,1050.000,8.600,12.300,3.100,2.500,18.200,15.000,58.400,42.600,78.400,13.200,60.700,21.500,22.100,8.300,15.900,6.200,16.400,8.900,2.900
India,Nagaland,Phek,"Calendar Year (Jan - Dec), 2019",41.600,30.000,56.300,47.100,5886.000,50.700,1.700,0.000,3.700,5.800,15.900,54.600,71.200,65.300,57.300,68.400,2.100,87.600,71.800,0.000,100.000,26.400,9.200,44.900,0.000,41.500,0.800,6.800,6.300,28.000,15.600,12.900,64.800,70.300,47.600,34.900,0.000,0.000,0.000,0.000,5.100,63.100,31.200,0.000,0.000,0.000,80.500,15.100,11.300,18.500,24.200,98.300,24.900,21.700,0.400,32.200,29.200,0.000,24.100,45.500,7.500,13.400,5.800,33.800,21.100,12.200,13.500,5.600,50.100,9.500,39.600,83.800,11.700,31.000,4.100,24.300,90.100,98.100,99.400,18.200,1.900,1.100,97.600,880.000,1021.000,14.500,6.500,3.500,0.900,9.900,4.300,71.100,6.500,85.800,14.100,59.800,14.800,39.400,5.100,9.000,3.900,25.900,14.800,10.300
India,Himachal Pradesh,Mandi,"Calendar Year (Jan - Dec), 2019",49.900,48.900,81.400,71.300,2859.000,86.400,16.000,0.000,14.800,0.800,23.200,94.100,98.000,100.000,100.000,94.100,95.900,100.000,100.000,0.000,100.000,56.600,2.600,52.200,0.000,71.900,0.000,7.000,8.000,31.300,21.300,19.900,45.500,99.300,0.000,83.200,0.000,0.000,0.000,0.000,17.600,44.800,95.600,0.400,0.500,0.200,79.200,50.500,14.200,1.400,38.600,98.900,41.300,0.600,0.100,86.600,77.400,1.400,35.000,31.700,8.100,15.300,5.800,23.800,15.700,4.700,68.400,39.900,81.200,70.300,84.200,95.500,0.000,49.000,1.100,22.300,87.000,96.500,99.500,43.500,2.600,0.400,100.000,840.000,1159.000,24.400,7.100,2.800,0.600,1.400,6.300,92.400,6.300,94.000,31.600,67.500,12.800,71.800,6.900,13.200,5.400,20.800,10.800,4.200
India,Karnataka,Bengaluru Rural,"Calendar Year (Jan - Dec), 2019",43.900,44.200,77.500,76.300,4836.000,97.900,43.600,60.500,37.000,0.400,15.700,92.700,92.500,98.400,94.600,94.300,4.300,100.000,100.000,0.000,100.000,27.100,16.400,60.800,0.000,84.900,0.000,6.000,9.400,36.600,23.800,16.200,59.800,99.000,0.000,91.000,0.000,0.000,0.000,0.000,3.500,85.800,94.500,0.200,0.900,0.200,74.300,65.700,46.600,0.000,93.600,95.600,34.900,3.200,0.800,100.000,72.000,0.100,17.800,24.800,5.600,17.700,10.600,30.800,20.900,8.000,67.000,39.800,81.800,90.900,91.700,100.000,0.000,44.600,1.700,20.500,88.800,97.900,99.200,33.600,3.200,0.400,98.400,1177.000,986.000,17.600,5.900,4.100,1.500,13.100,6.400,97.600,14.100,83.800,33.200,60.200,14.100,56.300,5.900,13.600,6.200,26.700,15.600,7.400
India,Manipur,Noney,"Calendar Year (Jan - Dec), 2019",29.100,27.300,65.200,22.200,8744.000,69.900,10.300,0.000,15.400,2.300,25.100,67.400,78.100,78.600,73.400,71.200,3.700,91.200,77.800,1.800,98.200,17.200,25.400,37.000,0.000,41.500,0.000,1.600,3.200,27.100,19.300,9.600,62.900,90.400,0.000,49.200,0.000,0.000,0.000,19.800,4.400,52.500,51.800,0.700,2.200,0.300,78.400,3.900,4.000,11.900,30.500,99.500,16.800,12.300,0.000,57.700,53.000,0.000,33.900,52.200,7.400,12.700,4.700,29.400,21.100,7.500,31.000,9.900,69.400,56.400,52.700,81.000,0.000,26.900,1.500,33.200,77.900,51.600,93.600,31.400,3.200,1.400,78.300,932.000,1032.000,26.500,8.400,3.200,2.200,17.200,10.200,71.000,19.900,76.800,24.400,64.500,4.600,33.100,6.300,11.700,4.600,21.500,15.700,4.900
India,Uttar Pradesh,Kasganj,"Calendar Year (Jan - Dec), 2019",64.100,64.600,65.200,31.300,1834.000,77.200,6.500,19.900,1.900,5.000,5.800,69.200,74.600,82.400,77.600,72.100,26.400,94.900,87.200,1.800,93.100,30.100,9.700,80.800,51.700,59.600,2.000,4.600,9.900,45.100,35.500,19.300,33.200,55.300,67.700,67.800,62.400,49.500,27.300,74.100,17.400,50.600,46.700,0.200,0.600,0.200,62.200,6.900,18.800,3.900,36.600,84.200,15.100,2.300,0.600,74.800,46.600,0.000,17.100,44.700,6.400,10.300,3.200,19.500,12.800,5.800,22.400,7.200,61.200,38.100,62.000,85.900,,66.100,3.300,35.500,69.800,99.400,87.200,44.800,11.100,6.100,93.200,997.000,1040.000,5.600,11.800,3.500,0.400,6.900,7.600,55.400,23.200,56.400,20.700,46.100,17.700,29.700,3.600,6.700,2.800,16.500,9.300,4.800
India,Rajasthan,Barmer,"Calendar Year (Jan - Dec), 2019",61.600,49.400,77.900,66.700,1117.000,94.300,4.900,19.800,4.000,3.500,9.200,92.900,92.800,92.900,92.900,94.000,68.900,97.500,92.900,0.000,100.000,28.400,3.400,67.100,,77.700,,2.200,6.200,39.100,31.700,11.500,28.600,96.000,66.700,85.100,94.900,91.400,18.600,84.500,13.500,73.600,88.700,0.000,0.200,0.000,67.000,46.300,26.800,1.200,26.800,92.500,97.800,0.500,1.400,93.300,86.000,0.000,11.400,49.100,5.900,10.200,4.200,10.900,8.800,1.600,41.700,24.000,82.700,64.900,83.300,96.500,,50.000,4.500,31.400,83.600,99.900,95.500,36.600,9.400,1.300,99.800,877.000,986.000,9.000,5.100,2.800,0.400,3.900,2.000,86.300,20.200,66.300,4.500,50.600,19.700,25.600,4.300,8.200,3.600,8.500,6.600,1.100
India,Karnataka,Chikkamagaluru,"Calendar Year (Jan - Dec), 2019",45.600,40.800,79.700,79.600,4544.000,98.700,38.100,68.800,30.700,1.600,14.400,91.000,93.400,100.000,91.000,91.000,2.600,100.000,100.000,4.100,95.900,37.000,10.400,53.200,0.000,85.500,0.000,6.600,11.500,27.300,25.400,24.900,54.400,98.500,0.000,91.400,0.000,0.000,0.000,80.200,6.100,74.400,90.900,0.000,0.700,0.000,76.200,64.800,42.800,1.100,79.000,96.800,30.000,5.300,0.300,98.400,77.900,0.000,23.800,32.300,6.900,15.700,7.700,28.700,19.000,6.000,49.600,26.400,69.500,74.300,90.900,93.100,0.000,41.000,2.600,19.400,92.300,95.700,99.300,0.000,4.800,0.400,99.100,849.000,1041.000,15.400,3.800,2.800,1.500,10.900,5.500,93.100,19.500,82.900,33.200,50.600,14.200,48.300,6.600,15.600,7.500,29.200,18.200,7.700
India,Telangana,Kamareddy,"Calendar Year (Jan - Dec), 2019",65.500,58.900,56.800,56.800,5957.000,93.200,55.400,79.800,42.600,2.300,7.500,75.500,84.100,86.800,82.000,85.300,9.200,94.300,91.200,2.000,98.000,38.400,8.200,71.600,0.000,79.600,0.000,3.100,17.900,33.400,43.900,34.500,37.700,91.000,54.200,89.000,0.000,0.000,0.000,72.800,0.300,44.400,73.900,0.600,2.000,1.600,51.100,55.900,9.400,1.500,82.300,93.600,66.500,0.300,0.000,97.100,59.100,0.100,41.800,25.700,6.900,17.500,8.900,29.100,16.900,8.100,56.100,28.300,87.500,79.500,86.800,90.600,0.000,59.500,0.200,23.400,68.200,99.400,99.500,0.000,7.100,1.400,96.800,870.000,1104.000,11.700,9.800,5.400,16.700,5.600,1.100,88.300,30.800,58.600,21.000,41.300,21.700,35.600,5.400,12.900,5.800,27.700,14.300,6.800
India,Karnataka,Kodagu,"Calendar Year (Jan - Dec), 2019",35.800,39.900,73.000,72.300,2830.000,94.100,33.300,43.000,30.600,0.800,3.500,90.600,96.500,93.700,93.700,90.600,2.800,93.700,93.700,11.900,88.100,32.900,13.000,54.400,0.000,90.700,0.000,7.300,9.300,30.400,22.600,21.700,42.300,97.200,0.000,91.900,0.000,0.000,0.000,0.000,5.600,70.800,92.000,0.800,0.200,0.500,83.600,53.700,42.000,0.200,78.300,98.500,45.600,6.300,1.400,98.400,73.300,0.000,27.900,22.200,6.600,19.300,9.900,33.300,19.500,8.600,46.800,30.200,70.600,74.400,93.300,95.500,0.000,39.600,2.800,21.200,93.900,89.200,98.700,50.100,5.500,2.500,97.800,1190.000,1168.000,9.100,5.600,2.200,2.300,8.700,3.200,94.200,12.800,88.500,34.700,54.700,12.000,58.900,6.200,17.400,9.100,31.500,16.100,10.600
India,Jammu And Kashmir,Kulgam,"Calendar Year (Jan - Dec), 2019",80.700,77.000,70.800,55.000,3852.000,99.600,45.800,0.000,43.700,0.300,2.300,98.100,98.000,98.100,98.100,100.000,0.000,100.000,100.000,0.000,100.000,44.400,0.000,77.700,0.000,92.600,0.000,20.600,4.800,28.400,15.300,11.300,69.100,98.400,74.700,92.600,0.000,0.000,0.000,0.000,11.100,63.300,69.000,0.300,0.500,0.400,64.000,12.600,5.700,0.800,40.300,97.800,4.200,6.600,4.800,98.900,94.400,0.000,0.300,37.700,3.600,6.100,1.700,19.900,15.900,2.200,15.800,10.300,95.500,92.200,91.500,93.100,0.000,77.500,18.600,25.400,80.500,96.400,99.800,63.200,2.100,0.000,97.700,1097.000,962.000,2.300,5.000,3.000,0.100,3.300,1.100,75.900,3.700,70.900,25.900,83.800,2.100,42.400,3.400,6.400,1.700,25.800,19.400,3.100
India,Maharashtra,Yavatmal,"Calendar Year (Jan - Dec), 2019",64.100,58.400,78.300,75.700,1734.000,96.800,16.000,32.100,9.900,1.600,1.600,74.700,77.600,88.600,85.500,84.200,0.000,98.000,90.000,5.200,94.900,26.600,25.600,75.200,0.000,70.400,0.000,6.700,15.100,36.600,39.400,27.500,58.000,97.200,0.000,91.700,0.000,0.000,0.000,97.300,7.500,62.200,79.600,0.400,1.300,0.000,77.600,64.600,22.400,1.800,71.800,94.600,29.000,1.700,0.600,96.300,67.400,0.000,20.100,46.600,5.400,10.700,4.100,18.200,12.300,4.000,41.700,19.000,77.100,66.900,85.600,94.600,0.000,58.500,1.000,22.100,66.400,89.500,97.200,53.700,7.400,0.000,98.800,1012.000,986.000,2.600,5.500,2.900,0.700,12.300,4.400,89.300,11.700,80.800,10.500,31.100,23.200,38.900,5.800,10.600,4.300,17.200,10.500,3.500
India,Karnataka,Uttara Kannada,"Calendar Year (Jan - Dec), 2019",44.600,44.600,69.300,69.300,5362.000,99.200,36.300,46.200,32.400,2.400,13.900,93.600,96.800,96.700,96.700,93.600,4.300,98.200,96.700,15.700,84.300,46.100,8.100,69.000,0.000,89.700,0.000,3.300,13.100,29.600,33.300,21.900,56.100,99.200,0.000,87.800,0.000,0.000,0.000,62.000,2.800,63.800,87.300,0.000,0.000,0.000,81.100,56.700,42.500,0.400,73.400,94.300,32.000,4.800,0.600,99.300,69.500,0.000,12.300,26.100,6.200,13.800,6.900,25.100,14.700,6.800,35.600,18.400,80.400,57.900,87.400,92.200,0.000,45.000,3.600,18.200,89.600,84.800,99.100,33.100,5.900,3.000,97.900,724.000,1011.000,14.700,7.400,3.700,0.300,10.500,1.300,93.900,11.600,84.300,22.600,47.500,18.400,49.200,4.900,12.700,6.600,26.900,14.800,7.100
India,Telangana,Khammam,"Calendar Year (Jan - Dec), 2019",61.700,62.400,78.700,76.200,3771.000,93.200,69.200,78.000,59.700,1.400,7.200,86.600,94.300,92.400,92.400,89.200,2.700,95.000,95.000,4.000,96.100,31.500,8.600,60.500,0.000,70.900,0.000,6.000,15.000,22.200,26.200,24.700,30.600,94.400,0.000,91.500,0.000,0.000,0.000,73.300,0.800,54.900,86.400,0.300,2.200,2.100,61.800,73.800,25.800,0.500,97.100,96.600,60.400,0.200,0.000,97.900,39.000,0.400,31.800,19.500,6.700,17.700,9.000,30.800,18.100,8.200,66.700,34.900,84.900,76.300,93.200,97.300,0.000,62.200,0.400,19.000,84.500,98.400,99.700,68.800,6.700,9.300,99.400,905.000,1061.000,8.700,3.300,1.300,1.300,2.000,10.900,95.400,35.000,66.300,36.100,55.000,12.800,40.900,6.900,17.700,8.300,27.600,14.900,6.600
India,Delhi,North West,"Calendar Year (Jan - Dec), 2019",46.600,51.400,80.000,60.500,2703.000,95.500,22.300,33.600,18.700,0.700,14.100,78.300,78.000,83.400,79.700,83.200,14.800,95.400,88.600,8.300,91.700,39.100,3.700,73.600,,54.400,,3.200,5.900,26.900,22.800,10.900,48.400,96.900,51.600,85.100,81.100,64.600,45.100,79.200,28.800,58.000,93.200,0.200,0.400,0.000,84.200,18.800,17.800,1.800,99.100,97.600,28.200,7.700,0.600,94.000,62.600,0.100,22.000,24.100,5.900,14.700,7.600,29.900,20.800,6.300,65.600,48.300,84.800,77.900,86.100,94.000,,51.700,2.400,24.400,88.200,99.700,100.000,40.600,10.800,8.800,97.900,878.000,904.000,10.200,5.300,1.600,0.400,1.300,3.700,95.600,10.100,85.000,43.200,60.900,9.000,62.900,5.000,14.400,7.900,24.100,14.300,5.100
India,Gujarat,Anand,"Calendar Year (Jan - Dec), 2019",64.200,66.400,53.700,49.200,2488.000,95.200,22.400,34.000,9.100,2.300,10.600,77.000,85.400,89.000,85.000,81.800,2.100,98.100,91.900,6.000,94.100,35.600,7.400,78.400,0.000,91.400,0.000,3.800,10.900,38.400,46.600,28.600,33.700,98.400,0.000,88.600,81.400,76.400,50.700,83.900,9.200,74.500,89.500,0.200,0.200,0.200,75.200,37.600,23.900,1.300,65.100,92.600,36.200,1.500,0.400,96.000,41.200,0.000,4.800,35.800,8.400,15.500,6.300,26.900,16.600,6.900,55.500,41.300,74.200,64.200,90.300,91.200,0.000,66.600,0.600,22.200,82.100,99.700,98.000,0.000,11.700,0.000,98.600,726.000,912.000,11.500,16.500,6.300,0.300,7.300,7.000,69.100,28.000,75.900,20.900,32.300,32.000,32.200,9.800,16.600,6.000,26.600,15.900,6.100
India,Madhya Pradesh,Mandsaur,"Calendar Year (Jan - Dec), 2019",56.400,56.700,72.600,64.800,1812.000,96.400,18.500,,14.300,0.400,1.400,75.100,85.200,85.700,85.700,80.200,71.800,94.700,87.300,1.700,98.300,29.200,4.100,65.400,,87.900,,1.200,4.100,30.900,22.900,13.100,49.500,98.000,,90.100,,,,,11.800,79.400,87.200,0.200,0.400,0.600,63.100,48.100,35.800,0.000,45.600,99.300,48.400,0.500,0.000,99.400,93.200,0.800,11.300,35.300,5.700,11.600,5.300,36.200,24.500,10.200,49.300,33.800,86.600,60.800,93.600,92.500,,57.000,2.600,22.900,65.400,77.600,99.900,45.800,2.900,1.400,99.600,1021.000,974.000,1.200,8.700,4.600,0.300,2.300,6.100,62.500,34.800,64.800,19.200,30.100,29.400,24.100,5.500,10.200,4.200,29.600,18.200,9.400
India,Telangana,Warangal,"Calendar Year (Jan - Dec), 2019",64.300,59.300,60.000,57.500,3713.000,94.500,71.800,84.100,64.600,1.800,5.600,79.000,83.600,93.000,93.000,79.000,0.000,93.000,93.000,0.000,100.000,39.300,22.600,71.500,0.000,83.700,0.000,2.400,8.900,36.100,37.900,19.000,33.800,82.600,0.000,90.500,57.400,25.800,41.700,69.800,0.300,53.500,70.300,1.100,5.500,3.800,51.800,47.000,16.300,0.000,87.800,97.400,72.000,0.000,0.300,100.000,63.100,8.700,54.400,23.200,6.500,18.100,10.000,29.400,17.400,8.500,51.900,35.200,86.800,70.400,93.800,82.300,0.000,59.200,0.800,17.300,74.300,99.000,99.700,61.500,14.400,4.600,98.700,698.000,1070.000,5.100,9.400,2.400,6.500,2.800,12.900,93.500,22.900,60.100,26.400,45.600,22.600,40.000,6.600,15.600,7.600,26.300,15.400,6.200
India,Kerala,Idukki,"Calendar Year (Jan - Dec), 2019",33.800,32.000,72.300,67.800,4942.000,100.000,40.300,47.000,32.900,2.200,34.000,89.600,89.600,89.600,89.600,96.600,0.000,100.000,93.000,6.700,93.300,13.400,18.300,32.000,0.000,81.300,0.000,2.300,6.800,24.300,23.600,14.500,78.800,97.800,0.000,95.300,0.000,0.000,0.000,69.600,5.200,64.300,97.600,2.600,3.500,0.600,93.000,60.500,22.300,0.000,54.300,99.600,58.100,2.100,0.000,100.000,47.600,0.000,24.100,24.800,10.300,23.900,10.700,31.800,18.200,7.900,75.600,63.600,93.300,74.300,94.000,98.000,0.000,32.400,0.000,19.000,97.500,82.300,99.000,0.000,3.300,5.300,96.000,859.000,1029.000,36.500,9.400,5.300,0.400,3.700,2.700,92.600,7.100,94.400,36.300,72.100,9.000,73.200,8.200,22.800,10.600,34.800,17.600,10.100
India,Telangana,Suryapet,"Calendar Year (Jan - Dec), 2019",64.500,57.500,78.200,77.900,3615.000,94.200,77.000,88.400,69.100,1.200,9.500,70.400,79.300,84.500,80.500,74.200,0.000,88.200,85.400,7.900,92.100,25.600,17.000,76.600,0.000,70.200,0.000,2.800,8.800,29.100,30.100,24.900,22.500,92.700,0.000,88.700,0.000,0.000,0.000,61.600,0.300,36.900,70.100,0.400,5.300,4.100,57.400,75.900,16.600,4.100,94.500,93.000,63.100,0.000,0.000,95.900,40.500,0.400,46.700,20.800,9.000,23.900,12.200,27.300,17.100,5.800,67.100,38.900,92.700,70.400,88.600,87.100,0.000,58.100,0.400,18.900,77.900,99.800,99.400,39.800,4.600,4.300,99.700,980.000,1032.000,15.100,4.000,2.300,6.100,3.000,6.200,95.500,29.500,63.500,33.900,45.000,16.000,42.500,8.100,17.700,8.200,25.200,12.700,6.200
India,West Bengal,Alipurduar,"Calendar Year (Jan - Dec), 2019",66.600,71.400,82.700,70.100,2243.000,97.700,28.700,90.800,20.800,0.000,29.700,87.900,96.300,94.800,94.800,89.500,0.000,98.300,96.600,0.000,100.000,53.600,30.000,67.400,0.000,65.500,0.000,5.500,7.300,28.900,25.400,18.300,61.300,99.200,60.900,82.500,0.000,0.000,0.000,80.900,7.600,61.100,74.800,0.000,0.000,0.000,73.700,35.500,15.100,0.400,42.700,94.800,35.800,4.600,1.000,95.800,83.200,0.300,28.200,54.200,9.500,17.200,6.800,23.700,15.100,7.100,70.700,29.000,77.500,88.400,74.800,96.600,0.000,72.200,20.200,22.600,73.200,95.200,97.400,44.800,4.300,2.100,100.000,1099.000,1038.000,28.500,4.000,1.600,2.800,19.000,11.800,82.300,18.700,73.600,16.700,82.700,15.800,33.900,7.900,13.800,5.200,21.200,12.600,6.300
India,Uttar Pradesh,Shamli,"Calendar Year (Jan - Dec), 2019",49.500,41.700,71.000,45.600,1725.000,83.300,11.300,35.700,5.000,6.600,1.600,91.100,95.300,91.100,92.500,93.500,76.900,97.500,94.600,0.000,93.000,40.400,4.000,65.200,,84.000,1.200,2.100,13.200,28.600,27.500,24.300,19.100,87.000,64.800,75.200,,,,,27.700,74.600,65.400,0.200,0.400,0.200,62.700,10.900,17.600,5.900,53.600,95.700,14.800,0.900,1.100,78.300,54.300,0.000,10.200,30.600,7.400,12.500,4.700,28.600,20.900,7.200,25.000,6.700,82.700,41.000,81.300,97.600,2.500,42.400,4.400,31.300,83.300,99.900,98.700,28.800,1.900,1.300,98.300,1029.000,989.000,1.800,5.600,2.300,0.300,3.700,2.300,74.100,10.800,64.200,22.600,75.400,9.800,32.600,4.600,8.700,3.600,21.200,12.700,7.000
India,West Bengal,Purulia,"Calendar Year (Jan - Dec), 2019",79.200,76.700,51.000,41.300,2478.000,91.400,11.900,0.000,8.200,0.900,25.100,84.700,87.000,91.600,93.100,88.200,3.300,96.600,93.200,2.200,90.900,52.000,10.600,77.900,0.000,64.300,24.500,1.000,7.900,36.900,46.300,29.400,62.500,95.300,60.900,68.400,76.000,72.800,35.600,66.700,4.000,30.700,61.300,0.200,0.400,0.200,63.600,26.500,21.200,2.600,23.200,89.700,35.600,2.400,0.500,89.800,82.700,0.100,17.800,51.200,10.800,20.700,8.700,20.400,13.600,3.900,53.400,26.400,59.100,57.800,51.500,91.200,0.000,76.900,6.700,25.400,29.200,87.600,88.600,72.200,9.000,4.000,98.000,860.000,1065.000,24.600,16.100,6.300,1.100,26.700,12.000,72.700,37.000,61.000,9.600,51.600,33.700,26.900,10.100,15.300,4.800,17.500,9.600,3.900
India,West Bengal,Dinajpur Dakshin,"Calendar Year (Jan - Dec), 2019",78.700,82.000,78.600,59.000,2593.000,94.000,25.300,93.400,19.500,0.000,34.500,92.600,93.000,96.700,92.600,92.600,0.000,100.000,96.700,0.000,100.000,44.700,21.900,72.500,0.000,67.200,0.000,3.900,9.600,31.900,30.200,22.800,70.500,97.700,0.000,89.100,0.000,0.000,0.000,75.500,9.900,68.300,80.200,0.200,0.500,0.200,77.700,26.600,16.000,3.100,28.700,97.300,28.300,3.300,1.000,91.400,81.200,0.100,22.700,47.200,13.500,22.000,8.100,16.200,10.200,3.000,76.200,36.200,70.900,76.400,83.200,95.300,0.000,82.800,17.600,23.400,79.000,99.700,96.500,61.400,2.700,2.100,99.600,1067.000,1106.000,34.200,6.100,2.600,2.300,12.800,18.200,76.600,45.600,74.300,20.200,76.600,14.900,30.500,10.500,17.500,6.700,17.600,9.700,4.100
India,Uttarakhand,Champawat,"Calendar Year (Jan - Dec), 2019",33.600,32.500,66.700,57.700,2578.000,80.700,16.300,45.100,6.900,0.800,9.900,91.900,91.600,97.200,94.100,93.900,46.700,98.000,98.700,3.000,97.000,37.700,23.900,43.100,,56.900,1.800,4.700,5.800,24.900,15.300,12.400,46.300,94.600,57.200,80.500,,,,,16.600,73.900,77.700,0.500,1.200,0.000,75.900,38.000,28.100,5.600,39.800,97.100,65.700,0.600,0.100,79.800,51.800,0.100,33.100,38.700,3.800,11.300,6.800,29.700,20.700,7.900,57.700,30.700,72.300,62.000,80.800,96.600,,32.600,1.700,27.600,82.700,95.400,99.600,30.100,4.200,0.000,100.000,926.000,1112.000,9.000,10.400,3.500,0.200,4.900,1.900,94.400,11.700,83.800,17.900,59.900,14.600,51.000,3.300,7.900,3.700,19.900,12.900,5.000
India,Arunachal Pradesh,Lower Subansiri,"Calendar Year (Jan - Dec), 2019",59.400,40.500,65.900,58.000,10266.000,92.600,19.600,,20.400,1.500,38.000,66.500,88.700,69.600,65.900,75.800,24.100,85.000,76.500,0.000,100.000,36.800,18.200,52.400,,70.100,,14.400,5.900,30.700,8.100,11.500,52.500,90.000,,65.500,,,,40.900,9.800,66.400,30.300,0.700,3.600,0.800,73.100,25.000,12.400,2.800,60.800,99.500,24.500,8.900,1.400,89.800,86.800,0.100,48.100,46.700,8.300,14.200,5.000,36.600,25.200,10.400,15.200,5.300,53.400,39.100,67.700,82.300,,41.100,11.800,22.000,82.800,98.100,97.800,22.100,6.400,4.200,92.300,1370.000,1016.000,29.800,8.500,2.300,16.800,18.000,2.000,92.400,16.000,73.400,23.200,68.800,4.300,49.900,4.900,9.100,3.600,25.700,17.100,7.600
India,Arunachal Pradesh,Shi Yomi,"Calendar Year (Jan - Dec), 2019",36.700,30.500,46.600,38.900,14222.000,87.600,17.800,,18.800,2.100,21.500,55.400,60.000,87.800,81.000,57.500,30.000,93.700,86.600,0.000,100.000,24.200,14.500,45.600,,64.500,0.000,14.900,8.100,24.500,16.200,15.100,37.600,81.900,69.100,60.600,,,,19.500,6.800,51.600,17.700,0.100,0.400,0.400,73.600,15.300,15.400,3.400,57.100,99.500,26.600,8.100,0.600,84.600,79.800,0.000,49.800,44.300,7.700,11.200,3.300,41.100,29.000,11.300,9.900,3.000,49.500,30.400,61.400,72.000,,31.200,6.700,23.700,87.700,99.100,88.200,16.800,3.100,2.200,92.100,1060.000,1018.000,20.700,15.500,8.200,26.900,16.900,4.700,94.200,18.900,76.100,27.400,72.700,4.400,46.300,4.900,9.100,3.600,32.700,23.300,8.500
India,Tamil Nadu,Erode,"Calendar Year (Jan - Dec), 2019",64.033,55.317,70.600,67.398,2397.298,100.000,48.472,68.448,29.661,0.303,14.798,95.896,97.188,99.980,99.980,95.900,53.960,99.991,99.984,7.777,92.314,60.596,20.749,46.502,,64.258,,2.808,11.173,19.405,26.852,20.868,69.860,99.597,0.318,98.396,,,,,1.800,96.355,93.800,8.678,15.065,0.699,73.145,61.270,51.386,0.000,95.865,97.477,77.639,3.627,0.202,100.000,51.576,0.000,23.497,26.171,6.217,16.142,6.933,36.097,25.698,6.707,82.220,51.352,87.806,93.928,96.503,97.456,0.133,55.219,0.399,18.233,67.640,98.906,99.599,0.213,1.514,0.001,100.000,808.474,1112.330,19.089,4.914,2.009,0.101,11.060,14.792,98.706,13.713,82.419,37.147,58.587,11.394,57.795,6.414,16.637,8.325,29.495,17.017,8.983
India,Rajasthan,Alwar,"Calendar Year (Jan - Dec), 2019",55.300,53.200,54.600,47.300,1829.000,90.800,8.800,16.800,6.600,5.000,9.600,59.400,72.100,71.400,68.800,72.500,40.200,92.600,81.000,1.200,97.300,27.800,24.500,63.200,,52.800,,4.100,7.100,33.900,24.000,15.600,33.500,77.000,66.200,76.200,92.300,39.900,7.400,65.700,8.500,54.700,65.000,0.600,1.500,0.200,64.000,34.000,13.500,1.000,34.900,92.600,80.800,2.200,0.600,91.300,64.000,0.400,13.300,42.500,3.300,7.200,3.400,25.800,15.700,8.700,16.700,7.000,55.500,30.000,72.900,82.400,,53.300,1.500,29.400,66.000,97.600,97.800,49.000,6.100,4.000,91.800,1127.000,991.000,11.200,12.000,5.900,0.300,9.700,8.000,84.900,32.200,63.200,17.300,53.000,24.300,35.100,3.000,5.000,1.700,20.300,13.100,5.300
India,Bihar,Madhubani,"Calendar Year (Jan - Dec), 2019",69.200,61.400,47.400,39.500,2426.000,78.500,13.200,51.200,4.200,3.300,13.400,74.100,85.600,85.700,83.100,80.300,0.000,95.700,91.200,2.000,96.000,38.600,8.300,71.000,0.000,74.700,2.400,2.000,6.000,43.300,36.000,17.100,27.700,81.100,74.600,61.000,68.400,64.600,30.400,66.500,2.200,54.300,22.800,0.000,0.800,0.300,55.600,33.000,18.600,7.800,40.000,91.900,19.200,0.700,1.600,73.700,52.400,0.100,11.100,53.900,9.300,20.000,9.500,23.400,12.800,6.400,16.200,9.100,67.500,34.900,58.900,94.000,0.000,60.900,1.200,34.700,38.200,100.000,98.600,68.000,30.200,4.400,91.500,805.000,1227.000,12.000,17.700,7.000,0.100,5.000,10.200,57.400,39.200,53.200,13.700,66.300,25.100,26.500,7.400,13.200,4.900,18.200,9.500,4.200
India,Jammu And Kashmir,Srinagar,"Calendar Year (Jan - Dec), 2019",69.900,51.700,56.500,52.200,4589.000,99.200,59.400,91.300,56.100,0.500,12.100,90.900,100.000,95.700,95.700,90.900,7.400,95.700,95.700,0.000,100.000,34.800,0.000,77.000,0.000,85.200,0.000,12.700,7.600,33.000,15.800,18.600,69.200,99.500,73.300,88.800,0.000,0.000,0.000,0.000,5.100,78.700,91.700,0.000,0.200,0.000,68.200,23.300,9.700,0.000,98.400,99.000,17.900,11.200,5.400,99.200,88.700,0.700,0.400,36.500,2.600,5.700,2.400,18.100,10.400,1.600,34.100,24.700,95.200,85.100,90.900,92.400,0.000,52.500,5.100,20.200,86.800,98.500,100.000,38.800,1.200,2.200,97.800,924.000,972.000,10.900,4.700,2.000,0.000,1.900,1.600,84.800,1.700,78.400,27.800,92.200,3.500,60.500,3.500,7.400,2.500,20.100,9.900,1.600
India,Odisha,Jharsuguda,"Calendar Year (Jan - Dec), 2019",68.800,67.800,81.400,50.300,5720.000,96.800,30.700,56.800,18.900,2.600,22.000,97.600,97.600,97.600,97.600,100.000,100.000,100.000,100.000,0.000,100.000,48.200,8.100,65.500,,92.700,,3.100,3.500,27.100,26.900,16.900,73.800,96.600,,96.400,,,,,8.400,93.500,78.600,0.000,0.200,0.200,77.800,28.000,25.500,0.400,41.800,98.900,37.700,3.300,0.200,98.600,66.700,0.200,30.400,45.900,5.900,19.000,12.100,25.300,17.300,5.000,84.700,54.500,92.600,94.100,96.400,96.900,,68.100,9.100,19.600,70.000,88.400,98.100,,5.900,1.000,100.000,793.000,956.000,26.700,3.700,1.300,2.300,20.600,1.000,89.100,8.500,79.100,27.000,63.000,21.200,40.900,6.900,16.600,8.600,20.400,11.500,4.600
India,Rajasthan,Tonk,"Calendar Year (Jan - Dec), 2019",59.600,52.800,69.100,61.300,2303.000,97.900,12.900,36.900,9.700,1.600,7.400,75.300,80.300,90.500,88.800,77.200,60.900,94.400,88.700,0.000,93.600,32.200,15.200,64.600,,52.800,,4.800,10.300,33.100,28.200,18.100,38.900,87.500,82.100,88.100,79.200,52.600,28.000,72.800,9.000,51.100,67.500,0.000,0.100,0.300,54.800,47.300,16.500,0.500,24.100,96.900,84.500,1.300,0.600,97.400,84.900,0.100,12.100,47.600,3.200,6.500,2.900,20.100,14.100,4.700,33.500,11.600,78.800,66.200,84.500,93.600,,52.900,1.900,25.900,66.200,90.900,97.800,49.900,8.600,5.700,97.800,969.000,987.000,6.000,8.700,4.400,0.500,8.600,3.100,82.200,37.200,55.200,10.000,60.000,23.800,27.300,3.000,5.800,2.400,16.700,9.900,4.800
India,Delhi,South East,"Calendar Year (Jan - Dec), 2019",55.000,47.900,84.100,65.200,3186.000,97.800,23.800,35.100,18.600,1.400,13.500,64.600,62.300,78.300,78.300,72.700,35.400,90.000,83.300,22.400,77.600,45.900,12.700,72.700,,74.100,,4.600,7.100,21.700,20.400,14.700,70.100,95.700,,92.000,87.600,89.800,67.100,71.300,34.300,86.900,93.700,0.200,0.600,0.500,83.900,18.000,26.100,1.700,99.100,96.800,24.500,6.900,0.400,96.100,60.600,0.400,19.500,20.800,4.800,10.300,4.300,27.800,19.500,6.600,78.800,53.000,84.200,83.200,92.300,96.000,,48.300,3.500,22.100,83.800,100.000,99.700,35.100,10.600,4.900,96.200,951.000,949.000,17.000,2.600,1.000,0.800,1.600,2.600,98.700,7.500,84.900,33.000,80.700,7.700,65.500,3.700,9.900,5.000,23.700,15.800,5.300
India,Arunachal Pradesh,Upper Siang,"Calendar Year (Jan - Dec), 2019",27.200,29.200,62.000,54.000,12365.000,78.800,14.200,,18.300,2.000,21.900,61.400,67.200,68.400,63.400,64.500,23.800,86.700,70.000,0.000,97.700,24.300,6.700,51.000,,66.800,3.600,13.500,5.000,30.400,12.000,12.500,28.200,79.500,,52.900,,,,,7.600,71.700,18.400,0.400,0.700,0.400,69.500,30.000,22.100,3.300,36.300,99.100,34.600,7.400,0.600,76.000,74.900,0.000,61.200,59.200,5.700,10.300,4.200,31.700,20.100,10.700,12.600,5.400,54.500,34.000,56.400,73.500,,29.400,6.900,25.800,91.800,99.800,99.500,22.400,6.200,1.500,97.100,983.000,894.000,25.200,11.900,6.600,22.000,21.300,7.100,91.500,17.100,70.900,27.300,63.800,2.400,34.800,4.000,7.500,2.900,26.100,16.000,9.300
India,Jammu And Kashmir,Doda,"Calendar Year (Jan - Dec), 2019",74.100,66.500,69.500,49.400,4458.000,75.600,19.500,0.000,23.500,2.100,7.900,61.700,75.300,69.400,71.300,63.600,0.000,83.600,67.500,0.000,100.000,13.800,2.200,80.700,0.000,55.400,1.800,15.100,6.000,32.700,15.200,9.500,68.100,82.500,64.800,71.600,0.000,0.000,0.000,0.000,11.200,58.600,76.900,0.200,1.200,5.100,65.100,22.600,10.800,1.700,42.400,97.700,7.600,3.700,0.300,73.500,68.900,0.200,7.900,37.100,4.500,9.900,5.000,21.500,14.600,3.300,23.100,13.300,86.300,74.300,71.600,79.500,0.000,67.900,10.100,28.400,70.900,92.600,99.600,47.700,2.700,0.000,98.300,959.000,943.000,12.900,7.200,5.000,0.200,3.200,2.700,68.800,11.000,69.200,31.300,77.200,5.000,46.800,4.400,9.900,4.900,23.100,12.600,3.900
India,Assam,Dhemaji,"Calendar Year (Jan - Dec), 2019",59.300,62.900,72.600,45.000,5168.000,91.500,16.100,0.000,15.800,0.600,6.900,89.700,90.800,94.700,90.000,95.300,76.700,96.700,93.200,0.000,98.300,13.800,4.200,73.100,0.000,64.100,3.100,3.500,10.100,37.200,25.700,18.300,45.500,98.400,75.500,75.400,0.000,0.000,0.000,40.000,1.600,67.000,47.200,0.000,0.000,0.000,77.300,14.600,28.200,4.200,21.600,99.600,66.800,3.800,1.300,87.300,84.100,0.000,59.500,62.700,9.200,13.300,3.700,24.100,17.400,5.400,45.300,14.600,76.200,62.200,72.800,96.500,0.000,62.900,23.900,30.600,70.800,95.300,95.000,61.700,0.900,3.000,98.900,1022.000,1028.000,6.800,7.100,3.500,30.600,26.200,10.800,74.700,32.000,81.500,15.600,57.100,12.100,43.600,4.900,7.800,2.200,16.000,10.100,4.600
India,Madhya Pradesh,Shahdol,"Calendar Year (Jan - Dec), 2019",53.300,56.400,64.500,58.300,1274.000,86.900,9.300,,9.300,2.500,6.500,86.100,87.400,87.600,87.600,94.500,77.300,98.700,94.100,0.000,100.000,45.800,3.400,57.300,,88.200,26.700,2.100,5.500,44.000,39.200,20.400,32.900,98.400,66.800,79.300,,,,,3.200,72.700,87.300,0.000,0.000,0.000,67.200,47.100,35.300,4.600,26.500,89.400,58.400,1.700,0.200,85.600,83.000,2.600,26.200,46.400,8.500,16.600,7.300,23.200,15.500,6.400,55.000,31.700,74.200,57.400,83.200,94.400,,56.400,0.500,24.700,61.400,79.200,97.500,56.800,3.200,1.100,100.000,1032.000,979.000,6.200,9.200,5.100,2.300,8.600,5.800,51.000,27.500,68.500,14.500,52.000,28.300,30.700,5.500,11.500,5.600,19.800,11.900,6.400
India,Madhya Pradesh,Barwani,"Calendar Year (Jan - Dec), 2019",67.000,58.400,76.100,73.500,1599.000,89.900,10.400,,10.200,3.800,10.000,76.100,78.300,84.400,86.800,78.600,72.600,96.500,85.900,0.000,100.000,37.800,4.300,78.200,,75.000,8.600,3.600,6.000,45.800,41.000,18.900,45.900,89.900,77.900,82.500,,,,55.000,7.900,78.700,79.400,0.500,1.000,0.700,54.100,59.000,41.300,5.400,40.500,90.300,29.200,0.900,0.300,85.100,82.300,0.300,21.900,43.800,6.500,9.600,2.400,25.000,19.300,4.700,54.200,33.000,88.800,64.200,81.400,90.100,15.600,58.500,2.900,33.300,61.000,90.400,99.300,53.800,4.000,1.700,99.100,896.000,997.000,11.100,6.600,3.500,1.400,9.900,9.000,51.000,29.600,49.300,8.200,49.800,27.100,19.300,6.000,8.500,1.800,21.100,15.200,4.800
India,Manipur,Tamenglong,"Calendar Year (Jan - Dec), 2019",29.100,27.300,65.200,22.200,8744.000,69.900,10.300,0.000,15.400,2.300,25.100,67.400,78.100,78.600,73.400,71.200,3.700,91.200,77.800,1.800,98.200,17.200,25.400,37.000,0.000,41.500,0.000,1.600,3.200,27.100,19.300,9.600,62.900,90.400,0.000,49.200,0.000,0.000,0.000,19.800,4.400,52.500,51.800,0.700,2.200,0.300,78.400,3.900,4.000,11.900,30.500,99.500,16.800,12.300,0.000,57.700,53.000,0.000,33.900,52.200,7.400,12.700,4.700,29.400,21.100,7.500,31.000,9.900,69.400,56.400,52.700,81.000,0.000,26.900,1.500,33.200,77.900,51.600,93.600,31.400,3.200,1.400,78.300,932.000,1032.000,26.500,8.400,3.200,2.200,17.200,10.200,71.000,19.900,76.800,24.400,64.500,4.600,33.100,6.300,11.700,4.600,21.500,15.700,4.900
India,Uttar Pradesh,Aligarh,"Calendar Year (Jan - Dec), 2019",52.500,56.500,68.200,39.700,2638.000,85.500,18.700,45.600,7.000,3.900,9.100,70.100,83.900,78.600,77.600,72.400,69.500,93.300,81.800,3.700,89.700,40.600,8.300,62.600,46.500,69.400,1.400,2.000,4.000,35.000,26.300,10.900,43.400,64.600,57.000,80.300,85.300,39.800,42.800,67.600,20.300,69.000,56.200,0.400,0.200,0.000,68.000,12.700,27.700,2.900,51.400,96.900,17.600,2.700,1.300,82.600,49.200,0.200,16.900,37.000,7.800,14.900,6.100,22.000,16.300,4.100,25.200,12.600,69.500,44.700,82.100,93.900,12.300,56.400,2.300,32.100,69.400,100.000,95.300,59.000,5.600,3.200,98.100,1030.000,1031.000,9.900,6.400,1.600,0.100,5.100,4.500,79.600,15.800,66.000,29.400,42.900,18.600,37.500,7.400,13.100,5.300,18.200,11.800,4.300
India,Maharashtra,Osmanabad,"Calendar Year (Jan - Dec), 2019",50.900,49.100,78.900,77.100,2654.000,99.000,18.500,31.900,13.100,1.100,13.800,89.300,85.300,93.200,87.600,94.500,7.000,100.000,96.700,8.000,92.000,33.600,32.700,67.400,0.000,67.900,0.000,1.800,5.500,37.200,32.500,16.100,61.300,99.700,0.000,95.100,71.100,43.900,15.100,71.200,9.700,58.100,88.700,0.000,4.300,0.000,71.300,62.100,28.500,1.600,69.700,97.500,14.800,1.700,0.600,98.100,68.400,0.000,12.400,44.200,5.800,11.200,4.400,26.200,18.100,6.400,66.100,44.400,83.900,89.200,94.400,91.700,0.000,49.300,3.000,24.700,71.200,96.400,96.800,44.400,9.200,4.100,95.800,1050.000,992.000,12.800,6.400,3.300,0.300,8.000,16.100,86.500,36.600,83.700,25.100,44.500,19.100,41.500,4.900,9.500,3.800,23.500,14.100,6.300
India,Chhattisgarh,Baloda Bazar,"Calendar Year (Jan - Dec), 2019",60.200,61.200,71.500,62.800,2491.000,86.200,9.700,64.700,2.600,2.200,12.300,77.300,84.700,87.600,86.000,80.300,27.400,97.000,89.800,1.400,98.600,32.400,9.800,67.800,,77.100,3.600,7.300,9.400,40.900,34.100,19.400,35.400,96.000,73.300,69.700,,,,70.300,3.900,73.400,68.900,0.600,0.300,0.300,66.700,43.200,17.600,10.200,24.900,97.900,66.100,4.700,0.200,78.100,65.800,0.800,35.000,40.800,4.900,9.400,3.500,27.900,19.300,7.300,21.600,12.600,59.300,49.500,72.600,86.500,,61.500,3.800,27.200,78.900,94.800,99.200,56.200,4.700,3.000,98.600,1021.000,1070.000,11.500,5.300,2.400,1.800,14.900,2.700,59.800,11.400,73.400,14.700,63.000,19.400,38.700,3.100,7.100,3.400,22.600,14.200,6.200
India,Manipur,Pherzawl,"Calendar Year (Jan - Dec), 2019",28.700,32.000,61.800,22.600,10646.000,80.000,9.600,23.600,8.500,3.600,23.700,64.900,78.900,76.500,68.200,77.400,11.700,88.900,71.900,5.600,91.700,20.500,22.700,41.100,0.000,36.400,0.700,4.500,5.800,25.100,9.800,12.100,58.500,87.400,76.900,56.800,0.000,0.000,0.000,41.500,5.500,48.100,52.500,0.500,0.600,0.400,84.000,5.600,5.000,7.100,62.300,99.100,18.200,6.300,0.200,72.900,50.400,0.000,38.100,73.800,7.100,15.200,6.900,25.200,17.000,5.800,28.500,11.900,69.000,61.300,58.200,79.500,0.000,31.000,4.100,34.100,81.200,62.500,94.000,51.800,4.000,1.300,78.100,1057.000,1144.000,23.600,8.700,4.200,1.200,62.100,7.500,87.400,10.500,84.200,28.000,54.700,7.100,36.600,7.000,13.500,5.600,16.300,9.700,4.600
India,Jharkhand,Khunti,"Calendar Year (Jan - Dec), 2019",71.500,70.000,58.400,43.400,1314.000,80.100,7.200,46.200,4.300,0.700,10.200,71.900,79.600,81.700,83.800,76.500,70.500,91.600,87.400,0.000,100.000,28.500,6.600,66.900,,79.300,6.700,6.100,16.800,38.500,44.000,32.100,17.900,82.900,80.300,61.000,54.500,53.600,14.200,64.100,5.000,67.000,35.100,0.300,0.500,0.200,63.100,27.700,37.500,11.000,18.700,97.400,58.200,3.200,0.900,73.800,64.200,0.100,57.500,57.200,10.600,15.700,4.400,14.200,9.000,4.500,47.600,30.800,71.300,37.400,63.900,91.700,,70.900,4.500,29.800,55.200,68.600,92.900,34.000,11.700,1.900,95.100,709.000,992.000,10.500,11.800,4.800,19.800,16.200,4.300,71.000,21.700,55.300,3.900,63.500,20.600,29.300,6.100,8.600,1.900,11.700,7.200,3.200
India,Arunachal Pradesh,West Kameng,"Calendar Year (Jan - Dec), 2019",50.900,37.400,53.800,47.800,7645.000,92.000,10.000,,10.300,0.500,24.200,56.200,61.000,65.800,57.400,63.000,22.000,94.000,65.800,0.000,100.000,17.000,3.900,66.600,,79.900,,15.500,11.900,24.200,13.400,23.200,42.600,97.300,,33.800,,,,45.800,3.400,68.100,48.500,0.500,0.000,0.200,73.000,17.100,24.300,4.600,88.900,98.900,38.300,7.300,1.300,93.600,92.000,0.000,45.900,38.700,8.000,10.000,1.600,30.700,21.900,7.000,18.500,1.500,45.100,27.600,38.900,64.400,,38.400,17.200,21.700,88.900,99.800,97.500,18.200,10.000,2.500,90.100,766.000,971.000,19.700,17.000,13.500,19.500,13.900,1.400,90.300,12.500,71.100,25.700,76.800,1.900,43.600,3.600,4.700,0.700,19.800,12.400,4.300
India,Rajasthan,Pratapgarh,"Calendar Year (Jan - Dec), 2019",54.900,53.100,72.000,61.800,1213.000,97.100,3.600,,1.800,2.900,6.800,75.800,88.700,97.200,97.200,81.100,67.700,96.500,91.900,0.000,100.000,30.200,9.000,65.800,,76.100,,2.900,11.500,29.000,31.800,24.900,56.600,90.100,78.600,93.000,,,,,11.900,76.000,71.000,0.200,0.200,0.000,57.000,46.100,30.500,0.500,23.000,90.400,84.500,1.000,0.100,96.400,92.300,0.500,18.000,37.800,6.100,9.900,3.500,18.700,13.300,4.500,17.000,2.700,75.100,52.900,94.000,91.200,,53.000,1.800,30.700,46.300,88.600,97.000,56.200,5.000,0.800,98.700,919.000,1038.000,8.000,6.000,3.100,0.400,2.700,3.200,67.600,30.900,53.500,5.900,67.200,24.100,23.500,3.500,5.400,1.700,16.500,11.800,3.400
India,Madhya Pradesh,Khargone,"Calendar Year (Jan - Dec), 2019",56.100,50.100,77.800,75.000,1657.000,88.200,15.300,,13.600,2.700,7.100,77.400,76.900,86.600,88.600,81.000,69.500,95.100,88.200,0.000,100.000,51.400,0.000,71.500,,96.000,,4.900,11.900,31.400,44.000,27.400,42.200,94.600,63.100,83.600,,,,,9.100,85.700,78.800,0.300,0.100,0.300,62.100,62.400,40.000,1.300,61.600,97.200,43.700,0.900,0.500,92.800,85.600,0.100,16.600,43.000,5.700,9.400,3.000,24.900,17.600,6.500,45.300,27.800,72.800,61.300,83.700,93.200,,50.500,1.900,25.900,73.800,97.000,98.800,38.600,5.400,0.900,99.700,1043.000,936.000,6.600,5.500,3.700,1.100,8.500,6.800,69.100,13.300,59.500,15.000,52.900,16.700,27.200,4.600,8.900,3.800,21.200,13.600,5.900
India,Madhya Pradesh,Alirajpur,"Calendar Year (Jan - Dec), 2019",76.500,60.500,75.900,72.200,602.000,87.500,4.200,,3.300,5.000,2.600,84.100,82.700,87.500,85.100,84.100,70.700,97.600,87.300,0.000,100.000,30.800,0.000,76.400,,93.300,10.700,2.300,5.400,34.600,31.600,15.400,54.200,87.000,78.700,74.600,,,,,6.100,76.100,74.500,0.000,0.000,0.000,45.400,61.200,40.500,7.500,17.400,97.100,42.500,1.100,0.400,83.200,80.000,0.100,37.400,46.300,5.900,8.000,1.800,27.700,21.700,5.600,54.500,18.000,67.000,54.700,79.900,90.300,,60.400,3.300,34.800,84.700,89.600,98.500,61.700,2.400,0.700,99.300,942.000,1008.000,6.600,6.800,3.200,7.000,10.600,5.900,48.500,30.700,40.800,10.900,52.900,19.600,17.300,4.200,7.300,2.500,22.000,16.700,4.400
India,Punjab,S.A.S Nagar,"Calendar Year (Jan - Dec), 2019",59.500,59.500,76.500,53.600,5710.000,97.900,34.600,38.800,34.600,0.400,18.300,71.100,78.600,85.000,82.900,74.200,64.500,96.800,78.700,8.800,91.200,26.800,11.000,63.700,,72.600,,4.600,2.300,26.200,23.000,10.700,60.800,97.500,,86.600,,,,,29.700,69.600,89.700,0.000,1.300,0.000,84.300,20.100,29.400,0.500,88.900,96.800,31.000,2.400,0.000,97.400,74.700,0.400,20.900,12.300,7.200,18.100,9.900,34.000,21.600,8.300,70.300,58.800,81.200,69.000,87.300,91.800,,59.600,1.000,20.900,87.600,99.900,99.600,56.400,5.000,2.500,98.600,855.000,876.000,18.000,4.700,2.400,0.600,0.500,2.900,95.900,10.600,83.500,48.900,64.300,9.500,62.500,6.500,17.100,9.500,27.700,14.300,6.800
India,Madhya Pradesh,Harda,"Calendar Year (Jan - Dec), 2019",69.400,62.600,78.000,75.500,3011.000,84.100,14.500,56.700,10.000,0.600,11.600,90.800,93.800,98.100,96.100,92.600,86.900,100.000,96.300,0.000,100.000,51.400,15.300,85.600,64.600,89.900,,5.300,18.800,38.800,34.700,28.000,41.500,93.300,64.800,84.600,,,,58.200,10.900,78.300,75.600,0.000,0.200,0.300,74.100,57.000,23.900,0.700,57.600,99.600,33.300,0.400,0.900,88.400,76.300,0.300,16.000,49.000,5.200,10.200,4.000,20.900,13.600,5.400,67.700,47.400,75.500,71.900,83.900,91.400,,63.300,4.200,24.300,68.800,92.300,98.800,45.600,6.400,9.200,97.300,891.000,962.000,9.900,5.200,3.100,0.700,8.600,3.900,70.400,10.000,71.400,16.800,34.700,15.900,30.800,3.800,8.300,3.300,21.700,13.800,5.200
India,Odisha,Kandhamal,"Calendar Year (Jan - Dec), 2019",48.800,48.900,76.700,49.600,2210.000,94.900,10.000,,9.700,1.100,21.800,96.800,94.000,98.400,98.400,96.800,98.400,100.000,100.000,0.000,100.000,47.000,8.200,55.300,,87.200,,2.400,12.400,34.200,35.200,23.300,76.500,89.400,68.300,90.500,,,,,5.800,72.000,74.400,0.200,0.400,0.200,64.200,19.200,24.400,1.400,24.100,97.700,54.500,6.300,0.300,93.900,92.400,0.300,31.300,52.000,7.100,12.300,4.900,24.800,17.700,6.200,72.500,42.700,74.700,81.100,90.600,97.600,,48.800,16.100,29.000,52.400,64.400,96.600,53.400,5.300,1.400,100.000,985.000,1052.000,22.100,4.500,2.500,1.500,25.500,4.200,75.300,20.000,68.500,15.700,71.800,21.000,28.100,4.700,10.500,5.200,24.400,16.800,5.700
India,Karnataka,Udupi,"Calendar Year (Jan - Dec), 2019",49.900,47.300,72.000,71.300,2886.000,90.200,51.900,60.800,39.100,0.000,11.400,89.900,87.800,94.000,94.000,94.300,2.000,100.000,96.200,7.600,90.500,38.100,3.200,58.300,0.000,88.100,0.000,3.200,6.000,23.100,21.000,17.600,44.200,98.500,74.500,87.700,0.000,0.000,0.000,49.400,8.900,84.500,85.400,0.200,0.300,1.100,82.000,46.100,42.300,0.400,67.800,95.600,50.900,6.400,1.200,98.900,37.600,0.000,15.600,17.400,6.000,17.700,9.700,32.500,18.400,9.100,51.300,34.200,75.100,59.400,89.200,94.800,0.000,47.200,5.400,19.500,94.500,81.500,99.600,48.400,3.500,1.900,99.200,1093.000,1148.000,10.300,7.100,4.700,1.000,7.000,0.700,95.500,4.400,90.300,22.900,51.900,23.800,55.400,6.000,16.700,9.100,31.200,16.200,8.200
India,Madhya Pradesh,Jabalpur,"Calendar Year (Jan - Dec), 2019",49.000,48.900,83.000,77.800,525.000,94.700,7.200,,1.800,0.000,,,,,,,,,,,,,,37.800,,,,0.000,10.000,18.000,31.300,26.400,73.200,100.000,,88.900,,,,,1.900,54.500,,0.000,0.000,0.000,70.000,74.100,28.800,0.000,28.500,98.600,61.200,0.500,0.000,94.700,89.200,0.800,23.500,56.600,9.800,19.100,8.500,20.100,12.200,5.500,76.600,48.200,91.800,60.400,97.500,95.100,,48.600,0.500,23.400,61.900,98.000,99.700,,8.000,0.000,97.900,1111.000,965.000,,2.900,1.400,0.300,18.200,13.600,56.200,7.200,68.200,14.600,25.200,27.800,30.400,6.300,11.300,4.700,22.700,15.800,3.500
India,Chhattisgarh,Narayanpur,"Calendar Year (Jan - Dec), 2019",72.000,72.000,57.700,52.800,797.000,82.500,5.800,,5.300,1.300,16.300,81.700,82.700,87.100,83.800,84.500,63.400,100.000,87.300,0.000,94.200,14.700,5.500,86.800,,82.700,8.700,6.300,8.300,43.700,39.500,21.500,33.200,91.600,88.600,71.300,,,,,4.300,93.100,71.700,0.000,0.000,0.000,54.000,33.300,35.400,11.500,19.500,98.400,83.100,3.000,0.200,74.200,67.200,5.100,49.700,51.300,5.400,8.800,3.200,21.100,16.100,4.200,40.500,24.200,60.100,59.100,76.900,96.100,,72.800,3.500,28.800,52.800,90.500,90.100,57.200,4.600,1.600,98.300,1102.000,1077.000,14.800,9.200,3.400,24.700,32.700,2.500,55.600,11.100,52.000,5.700,56.800,28.100,26.500,3.900,7.000,2.800,18.800,13.400,3.700
India,Manipur,Ukhrul,"Calendar Year (Jan - Dec), 2019",20.600,21.900,56.900,12.300,13190.000,54.500,6.400,24.400,2.900,5.100,13.000,39.400,45.000,53.300,51.200,49.800,0.000,91.500,53.200,6.200,89.400,11.500,17.500,34.600,0.000,34.900,0.000,2.000,5.300,27.100,16.000,11.600,63.600,87.300,63.100,44.800,0.000,0.000,0.000,27.900,2.900,41.400,49.100,0.000,2.000,0.300,83.700,2.000,6.700,9.900,22.900,99.400,17.000,3.800,0.800,44.600,21.000,0.000,36.400,69.100,5.600,11.700,5.500,25.000,17.300,7.100,25.100,11.700,58.300,38.800,44.900,81.600,0.000,21.600,2.000,30.900,81.400,50.900,95.000,25.700,2.100,1.900,78.300,996.000,969.000,15.300,12.700,5.200,0.900,32.900,9.800,80.600,11.100,86.900,14.500,48.000,9.700,49.700,3.500,7.900,3.800,22.300,13.300,7.600
India,Himachal Pradesh,Kangra,"Calendar Year (Jan - Dec), 2019",57.700,63.400,59.100,52.000,2087.000,87.500,28.200,75.900,22.300,1.000,15.500,83.900,92.000,97.400,97.400,83.900,86.100,97.400,95.200,2.400,95.500,28.700,1.200,55.300,0.000,79.000,0.000,2.300,7.700,28.000,32.000,19.400,43.300,98.100,0.000,85.900,0.000,0.000,0.000,72.400,16.400,52.200,90.800,0.200,0.200,0.000,84.100,32.600,15.800,2.000,49.100,98.700,36.400,1.300,0.000,90.200,75.000,0.500,34.100,32.900,6.000,15.700,8.400,26.600,17.500,5.100,63.400,38.500,51.500,56.300,88.700,78.800,0.000,63.700,1.100,21.100,73.300,98.600,99.700,0.000,5.000,0.400,96.400,795.000,1051.000,18.600,11.800,3.600,1.100,1.200,0.800,89.000,1.500,94.400,31.000,60.900,15.200,69.900,7.400,16.400,7.900,24.900,13.400,6.800
India,Bihar,Madhepura,"Calendar Year (Jan - Dec), 2019",70.400,65.700,55.800,47.600,982.000,77.100,3.000,39.000,1.000,6.500,6.900,72.000,87.700,83.200,77.600,77.700,0.000,97.600,86.500,1.600,98.400,29.500,11.600,67.700,32.000,55.800,4.500,1.500,6.200,46.300,43.500,20.600,34.000,61.800,64.100,58.900,48.600,52.100,36.200,58.200,4.300,60.800,31.400,0.000,0.900,0.500,58.000,37.400,29.900,5.300,13.400,95.400,9.500,0.300,2.400,75.000,68.800,0.100,13.800,53.200,7.900,16.900,8.300,14.500,7.600,2.800,14.900,8.200,53.800,20.900,49.500,87.700,6.800,65.400,3.000,38.300,34.600,99.300,97.000,69.000,13.600,1.600,95.600,1058.000,1148.000,6.900,11.100,4.700,0.500,7.900,20.800,49.600,52.000,47.600,12.900,64.900,32.000,23.200,8.700,15.400,6.400,10.400,5.300,1.900
India,Kerala,Alappuzha,"Calendar Year (Jan - Dec), 2019",22.900,31.900,61.500,56.900,10557.000,100.000,47.800,53.800,42.200,0.600,17.200,61.900,0.000,76.800,76.800,79.300,8.700,96.900,83.300,0.000,100.000,22.200,46.800,30.300,0.000,92.100,0.000,4.500,2.100,20.100,20.400,14.400,62.100,95.300,0.000,85.100,0.000,0.000,0.000,79.900,4.300,40.900,100.000,2.600,4.700,0.700,97.800,49.600,11.000,0.600,79.200,99.900,60.400,1.300,0.000,99.400,49.000,0.600,29.000,18.300,8.200,25.400,14.600,36.200,20.500,7.700,61.000,52.000,85.100,65.700,89.200,87.500,0.000,32.000,0.200,16.600,99.200,98.400,99.900,0.000,4.500,2.800,96.400,1485.000,1108.000,17.900,12.300,6.000,0.200,1.800,2.900,93.100,3.800,99.700,41.900,58.900,14.300,78.800,9.400,25.200,12.400,32.100,15.200,6.300
India,Gujarat,Patan,"Calendar Year (Jan - Dec), 2019",60.200,59.800,65.600,52.900,783.000,97.100,18.900,20.900,14.300,2.100,4.000,81.000,91.900,92.600,85.700,82.500,0.000,97.200,95.600,3.400,96.600,37.500,1.500,76.200,0.000,81.100,0.000,3.100,6.500,50.500,42.300,20.900,41.400,98.200,35.900,92.000,0.000,0.000,0.000,84.400,8.400,77.300,88.800,0.000,0.000,0.000,64.800,35.400,37.500,0.000,62.600,98.100,50.200,5.200,0.100,98.600,25.200,0.000,2.100,38.900,10.100,18.800,7.700,16.300,9.500,3.500,68.100,55.600,86.200,79.800,93.600,72.900,0.000,59.800,3.600,25.100,73.100,99.400,98.300,60.100,6.800,0.500,99.600,976.000,967.000,3.200,11.200,5.000,0.200,6.900,2.300,56.900,35.400,71.100,18.300,30.300,29.300,22.600,10.200,18.100,7.300,16.300,8.300,3.700
India,Bihar,Purnia,"Calendar Year (Jan - Dec), 2019",64.000,66.000,25.700,24.300,4083.000,74.200,7.100,37.100,3.900,7.400,6.000,62.700,81.800,80.000,71.100,67.700,3.700,88.100,79.500,3.300,96.700,19.500,13.900,68.000,16.200,65.200,1.000,0.800,8.000,43.500,47.100,25.800,26.100,73.500,53.600,41.500,61.900,41.200,25.900,63.700,0.900,22.000,39.100,1.200,2.100,0.900,53.600,20.800,9.400,9.300,19.300,92.600,10.200,0.300,0.300,68.900,55.700,0.000,13.200,47.300,8.900,21.400,9.800,22.500,11.900,3.500,12.700,6.500,26.300,11.100,41.000,83.600,3.200,65.100,1.800,40.200,35.600,99.600,92.400,74.600,12.400,2.700,93.400,938.000,1128.000,5.500,20.200,9.300,0.900,6.200,21.400,51.500,51.200,47.500,14.400,48.600,31.400,19.200,6.900,16.500,6.800,18.700,8.200,2.700
India,Uttar Pradesh,Ballia,"Calendar Year (Jan - Dec), 2019",58.000,52.200,55.200,41.900,2441.000,93.100,7.400,32.400,2.900,3.500,1.000,62.200,65.700,69.400,63.400,67.700,31.500,96.800,80.300,2.800,94.100,20.300,9.400,71.600,,75.700,8.700,2.200,10.700,43.800,42.500,21.900,8.000,85.600,69.800,72.900,65.100,78.600,15.200,55.100,10.300,77.600,53.800,0.400,0.900,0.700,68.100,15.500,33.900,4.500,53.800,96.400,10.600,1.000,1.300,90.000,73.900,0.000,9.900,35.600,6.300,14.000,6.600,20.700,15.200,3.200,15.800,2.800,64.000,30.500,76.600,90.000,,53.000,12.400,29.000,61.700,99.800,89.100,16.300,10.300,7.100,95.800,1062.000,1009.000,0.900,20.200,5.700,0.500,2.200,1.700,71.600,9.900,70.000,16.600,69.100,16.800,50.100,5.000,12.200,6.100,17.100,10.600,3.800
India,Uttar Pradesh,Amroha,"Calendar Year (Jan - Dec), 2019",51.700,47.600,65.700,45.300,1736.000,86.700,20.300,36.400,6.900,4.700,17.900,72.900,91.100,86.100,85.200,78.000,61.100,95.300,84.400,0.000,92.500,33.600,6.100,69.600,,76.400,0.000,4.600,12.500,42.200,35.400,22.500,30.300,78.100,62.000,79.500,81.100,57.800,43.200,79.300,26.700,72.600,48.700,0.200,0.000,0.200,63.700,13.000,31.700,6.200,45.400,90.400,8.300,0.800,1.400,81.100,31.300,0.000,14.400,38.900,6.900,11.100,3.900,24.600,18.500,5.200,23.500,4.200,70.400,43.900,77.700,87.200,13.200,47.900,2.800,32.500,78.900,99.700,96.400,40.400,5.500,0.400,95.100,860.000,1001.000,16.800,6.800,2.400,0.400,4.400,4.000,74.000,11.600,61.200,19.700,72.800,16.000,35.400,2.800,6.300,3.400,19.100,13.400,4.200
India,Tamil Nadu,Madurai,"Calendar Year (Jan - Dec), 2019",46.900,48.000,69.700,68.400,3317.000,100.000,43.800,66.100,34.300,0.500,17.100,88.800,92.900,93.600,89.400,90.800,69.900,95.500,95.500,7.200,92.800,42.400,24.900,54.300,,66.600,,4.700,3.900,32.400,21.500,9.500,55.000,100.000,,94.500,,,,,3.100,88.000,97.900,2.400,12.100,0.400,83.900,58.300,21.500,0.000,91.200,88.400,66.300,6.400,0.000,100.000,70.000,0.000,24.500,20.300,9.500,22.700,11.300,31.800,22.400,6.000,71.000,59.700,70.000,89.500,91.400,85.600,,48.300,0.600,19.900,80.100,98.700,98.900,,4.300,0.600,100.000,815.000,1079.000,25.000,8.700,4.200,0.400,0.800,4.000,98.200,11.500,83.900,40.800,58.200,12.200,58.600,7.900,21.200,11.000,25.600,15.900,5.400
India,Kerala,Thiruvananthapuram,"Calendar Year (Jan - Dec), 2019",20.900,33.000,41.300,38.500,10165.000,100.000,32.800,36.000,27.200,0.800,31.900,72.800,0.000,84.000,81.000,76.300,11.500,100.000,93.400,14.300,81.700,15.100,28.500,33.000,0.000,91.800,0.000,2.800,6.300,19.500,15.200,17.400,52.100,99.400,0.000,88.000,0.000,0.000,0.000,80.800,3.400,33.900,94.200,6.800,6.700,1.200,94.500,33.200,18.600,0.600,72.200,99.300,48.700,1.200,0.000,99.500,34.700,0.000,15.200,15.000,10.200,36.200,21.100,32.100,14.500,6.900,71.600,59.900,87.700,55.300,86.200,91.900,0.000,32.500,0.200,20.300,95.400,92.900,99.900,0.000,6.400,4.900,79.100,1000.000,1145.000,32.300,19.300,9.800,0.000,0.800,4.600,98.100,6.200,98.500,50.600,74.100,6.600,83.100,6.300,26.100,16.500,31.400,12.300,6.000
India,Chhattisgarh,Dhamtari,"Calendar Year (Jan - Dec), 2019",59.800,59.600,81.100,78.300,1601.000,96.600,22.900,57.800,12.900,0.400,7.300,80.600,82.300,86.000,89.200,89.000,44.900,100.000,95.900,0.000,100.000,18.900,2.700,67.300,,92.800,,2.700,6.000,30.500,28.900,17.900,23.300,99.600,77.400,83.700,,,,,5.500,92.100,87.100,0.300,0.300,0.000,77.300,64.900,37.200,4.100,30.900,99.400,86.800,1.500,0.400,94.300,70.400,1.000,32.900,38.000,6.800,14.100,6.500,24.900,16.900,6.300,56.800,38.300,61.200,70.400,84.300,94.200,,60.000,2.000,23.600,89.800,99.100,99.900,,1.400,3.100,99.500,1120.000,1057.000,8.900,4.500,2.200,2.800,14.100,1.000,82.900,5.800,82.700,12.700,50.700,18.400,40.900,5.800,10.100,3.900,21.000,13.000,5.400
India,Puducherry,Karaikal,"Calendar Year (Jan - Dec), 2019",56.100,54.400,59.700,57.900,2788.000,99.600,45.900,45.900,46.200,0.000,18.700,88.900,96.600,96.800,96.500,92.100,11.800,100.000,95.900,4.000,94.400,33.200,33.100,65.500,,76.900,,4.300,3.800,25.500,19.700,15.300,60.600,99.100,,98.300,,,,,3.900,73.800,95.900,2.500,3.000,0.100,86.300,51.300,28.800,0.000,81.200,93.000,26.900,1.800,0.100,99.600,67.200,0.000,32.400,19.500,6.500,22.800,13.500,24.400,14.500,6.600,81.400,65.700,79.200,88.300,95.000,90.700,,53.700,0.400,21.900,84.300,99.900,99.600,66.300,1.600,4.100,99.300,884.000,1132.000,17.900,10.200,3.700,0.000,5.100,0.600,100.000,7.200,88.800,39.300,61.800,12.700,59.000,7.300,22.400,13.000,20.500,12.100,4.100
India,Jharkhand,Hazaribagh,"Calendar Year (Jan - Dec), 2019",54.100,56.100,60.800,53.600,2328.000,85.600,14.700,37.800,10.600,3.300,15.500,70.100,80.500,89.900,88.400,71.800,75.500,97.100,85.900,2.900,97.100,39.900,9.400,62.100,,71.100,8.000,1.400,5.900,37.800,32.500,16.200,17.900,75.400,77.000,67.700,64.200,54.400,20.000,67.300,3.400,37.800,31.800,0.000,1.000,0.000,66.100,45.800,20.300,7.200,36.800,95.000,55.000,0.800,0.300,82.000,59.800,0.200,35.100,42.500,6.400,13.500,6.300,30.800,19.400,9.900,23.800,16.800,59.800,36.400,65.400,88.500,,56.200,1.100,32.600,55.600,85.500,98.200,54.400,9.100,2.700,89.000,856.000,1083.000,16.900,11.500,6.400,3.400,4.800,10.900,74.600,38.600,67.200,15.000,51.700,25.300,40.100,4.400,8.800,3.800,18.800,10.600,5.900
India,Uttar Pradesh,Rae Bareli,"Calendar Year (Jan - Dec), 2019",49.700,48.200,69.300,55.800,1963.000,90.800,8.800,50.800,4.100,2.700,3.900,71.400,77.200,81.800,77.000,76.600,27.200,93.900,82.800,1.300,97.300,33.900,3.600,76.400,,73.400,0.000,4.300,6.300,47.000,28.800,13.000,28.600,78.100,64.400,61.600,,,,37.300,26.200,52.800,31.600,0.200,1.400,0.700,66.400,14.100,18.700,4.500,39.400,79.500,16.800,2.500,3.300,89.500,78.500,0.100,16.500,50.400,3.100,7.400,3.200,17.900,11.800,4.800,16.000,4.800,58.800,43.600,60.100,90.700,,48.300,4.800,30.400,55.000,98.100,88.900,44.400,2.100,4.000,97.300,871.000,1102.000,3.400,12.400,3.600,0.500,11.800,1.300,70.900,14.300,62.800,18.700,64.300,18.500,36.100,3.900,8.300,3.700,19.400,11.300,5.900
India,Odisha,Cuttack,"Calendar Year (Jan - Dec), 2019",59.000,64.500,84.400,47.000,4988.000,98.900,34.600,71.700,19.500,0.000,23.300,90.400,97.000,94.300,94.300,90.400,76.700,94.300,94.300,8.100,91.900,45.700,14.600,63.800,,71.700,,5.600,5.600,20.400,18.900,14.200,63.700,95.100,,92.200,,,,63.300,8.500,53.300,69.800,0.400,2.900,0.000,80.600,26.100,9.800,0.000,45.100,98.900,42.300,2.800,0.500,98.900,69.500,0.200,20.200,51.000,8.300,21.100,11.300,27.100,16.200,6.800,63.300,28.500,73.600,84.200,92.500,96.200,,64.700,8.200,21.300,60.200,92.300,98.200,,8.300,8.400,100.000,745.000,1019.000,21.300,3.700,1.100,0.500,25.800,5.700,88.700,14.200,80.100,32.500,63.700,15.700,40.900,7.900,17.800,8.800,22.700,12.100,4.600
India,Jharkhand,Dhanbad,"Calendar Year (Jan - Dec), 2019",69.900,63.800,67.300,51.600,2627.000,83.600,21.900,42.300,9.300,1.900,5.000,66.100,72.500,83.900,82.700,66.100,61.000,94.700,83.900,9.000,91.000,41.400,15.100,66.500,,74.500,0.000,4.100,5.200,27.000,25.100,14.000,19.200,77.700,73.500,74.300,64.300,29.500,18.100,71.700,5.200,41.300,45.200,0.000,0.300,0.100,68.700,37.700,15.000,5.900,37.200,98.300,45.700,1.000,0.400,78.800,34.500,0.300,25.800,45.700,5.000,13.100,6.700,24.900,16.200,6.700,18.600,8.300,65.400,44.600,73.200,92.300,,64.600,5.200,27.800,67.600,88.900,98.500,45.800,7.900,1.800,88.700,869.000,986.000,4.700,9.700,4.700,1.100,9.600,10.900,81.300,28.300,69.700,16.400,59.900,26.000,37.900,4.500,10.100,4.600,18.500,12.000,4.800
India,Meghalaya,South West Khasi Hills,"Calendar Year (Jan - Dec), 2019",53.800,58.900,26.500,15.700,3902.000,49.300,4.200,32.700,7.700,6.500,30.600,78.800,86.300,86.900,82.400,80.500,0.600,95.800,86.400,0.000,98.100,17.400,44.200,61.300,65.600,64.000,0.300,3.500,4.100,51.400,27.600,10.400,76.800,80.300,54.400,38.700,56.400,73.100,31.100,67.700,1.200,82.300,49.500,0.000,0.200,0.200,84.600,6.200,42.800,7.600,11.600,99.700,72.300,1.200,1.100,41.700,37.600,0.000,31.700,63.700,4.200,6.900,2.600,19.000,12.800,5.200,53.800,19.800,48.500,63.400,42.900,85.600,33.500,58.500,5.600,46.700,89.600,85.300,87.900,63.200,7.500,6.000,97.000,1032.000,1025.000,31.200,26.200,20.100,1.100,50.000,13.200,57.300,21.600,85.900,8.900,53.500,17.200,23.400,3.200,6.300,2.200,18.500,10.900,4.400
India,Arunachal Pradesh,Tirap,"Calendar Year (Jan - Dec), 2019",53.000,32.000,56.100,39.400,12104.000,73.900,22.200,,27.000,0.900,16.700,66.300,71.200,77.400,77.400,72.100,37.500,82.800,77.900,3.900,96.100,19.400,3.700,48.400,,72.800,3.600,11.700,7.300,38.600,16.000,13.800,72.000,91.100,49.300,51.600,,,,,1.000,65.200,64.800,0.200,0.200,0.200,69.000,17.100,27.100,4.600,50.400,98.300,30.800,2.900,0.300,70.200,62.800,0.000,49.000,44.800,5.600,10.900,4.700,31.600,22.800,8.100,27.400,14.500,59.300,35.700,49.800,73.900,,32.400,17.600,26.800,86.700,93.800,98.800,24.100,7.600,3.300,97.600,865.000,964.000,16.800,10.600,8.100,16.400,12.700,4.000,88.400,12.000,72.800,28.300,57.800,5.500,40.200,4.600,8.400,3.300,25.200,16.700,7.800
India,Uttar Pradesh,Mainpuri,"Calendar Year (Jan - Dec), 2019",61.400,57.800,80.100,46.400,2390.000,84.700,8.200,30.100,2.200,5.500,11.000,75.000,87.700,86.100,79.400,80.500,22.100,94.500,89.200,3.400,93.500,32.600,14.900,70.400,,68.300,1.600,4.000,6.700,44.300,33.600,14.600,30.300,63.400,61.900,66.900,55.300,43.200,33.700,49.000,29.200,76.500,46.600,0.400,1.000,0.000,74.600,10.800,21.400,2.200,39.800,74.900,16.100,1.300,1.100,82.700,59.700,0.200,15.200,41.300,6.300,10.200,3.700,17.900,13.700,3.300,16.200,3.000,63.700,38.100,63.300,92.000,,58.200,2.400,30.900,63.100,99.600,95.200,48.400,5.700,4.900,95.600,837.000,1016.000,10.100,4.400,1.600,0.500,2.900,4.000,71.300,16.000,74.200,21.700,48.000,15.300,45.800,4.400,8.400,3.600,14.400,9.700,3.300
India,Mizoram,Aizawl,"Calendar Year (Jan - Dec), 2019",31.500,31.700,21.600,21.000,9812.000,97.800,18.200,34.600,14.200,0.900,17.000,66.400,76.300,79.400,71.400,68.700,16.600,81.600,77.900,6.300,93.700,28.600,8.700,44.000,0.000,71.100,0.000,12.300,2.400,25.300,9.600,7.300,58.500,99.300,0.000,33.200,0.000,0.000,0.000,57.300,1.600,44.400,86.200,4.700,10.800,1.600,97.800,6.900,12.000,0.300,95.400,99.200,37.500,2.800,0.000,97.400,76.300,0.000,25.800,68.700,7.200,17.300,6.800,33.600,19.800,6.800,58.500,12.100,82.800,68.500,73.400,82.300,0.000,31.600,9.700,25.100,96.100,98.300,99.700,33.400,7.100,0.800,93.100,1042.000,1052.000,17.900,24.000,14.000,1.000,54.700,2.000,92.700,3.200,98.900,29.700,46.000,3.800,60.700,6.800,15.200,6.800,23.400,14.100,2.700
India,Uttar Pradesh,Kushi Nagar,"Calendar Year (Jan - Dec), 2019",45.700,42.300,64.200,48.500,2571.000,93.100,12.000,50.900,3.700,3.400,3.200,65.400,82.900,85.000,83.900,72.700,44.100,91.900,87.700,0.000,97.400,31.900,12.800,52.800,,77.300,2.600,2.200,9.000,32.200,36.600,24.300,16.700,85.400,63.200,74.700,,,,75.300,10.500,67.000,47.300,0.300,3.000,0.300,63.700,23.200,18.900,4.300,55.200,97.900,15.600,2.000,2.000,89.400,71.100,0.000,16.900,45.100,6.200,12.600,6.300,21.900,13.300,6.400,17.800,9.700,44.400,35.800,79.300,91.100,,42.700,10.100,34.900,73.100,100.000,91.500,31.900,4.600,5.900,96.500,1080.000,1145.000,3.000,14.500,6.600,0.200,4.300,2.600,77.300,17.700,62.500,20.200,51.500,19.000,34.100,4.900,10.600,4.900,16.400,9.300,4.600
India,Odisha,Mayurbhanj,"Calendar Year (Jan - Dec), 2019",63.600,72.200,76.300,50.800,2841.000,87.100,8.600,,8.600,1.300,24.600,84.400,85.400,89.600,88.000,86.200,86.200,93.200,88.000,3.000,97.000,39.900,10.100,71.700,,78.900,,3.000,10.400,36.700,45.900,28.500,58.400,85.100,68.600,81.200,52.100,59.500,34.700,49.100,5.400,69.400,65.500,0.200,0.500,0.000,63.000,25.000,18.400,2.400,16.100,98.900,46.500,2.900,0.100,91.700,90.200,0.300,45.600,62.200,4.900,12.300,6.700,28.800,19.000,7.800,41.700,21.600,65.900,52.900,86.300,91.200,,73.000,14.900,26.000,54.400,80.100,90.300,56.000,17.500,3.200,98.700,837.000,1056.000,23.700,5.900,2.500,17.000,34.900,17.200,76.200,31.300,58.600,14.300,61.300,30.200,25.100,4.300,8.800,3.800,26.100,14.300,8.900
India,Assam,Bongaigaon,"Calendar Year (Jan - Dec), 2019",73.800,70.600,57.600,45.300,4778.000,89.100,15.200,78.700,10.200,0.900,17.000,67.900,73.200,80.400,71.300,74.700,40.000,94.100,84.200,3.200,96.800,17.000,7.700,77.200,0.000,64.400,2.400,8.800,7.400,46.200,35.300,20.200,46.700,95.200,0.000,63.300,0.000,0.000,0.000,46.600,4.800,65.100,69.100,0.800,0.700,0.700,77.000,5.900,23.400,4.900,49.800,98.300,57.600,2.600,0.500,84.500,74.900,0.100,13.200,45.700,8.500,15.000,5.800,15.900,9.900,3.600,46.700,22.300,65.100,33.900,57.000,91.800,0.000,71.400,30.600,28.900,72.500,95.300,97.000,51.200,4.400,1.600,98.500,881.000,998.000,16.500,16.100,5.100,1.000,18.800,15.400,69.000,41.700,75.800,16.900,66.400,13.100,28.600,7.600,12.600,4.000,13.600,7.900,4.000
India,Madhya Pradesh,East Nimar,"Calendar Year (Jan - Dec), 2019",68.900,64.800,72.900,71.100,869.000,93.100,7.600,,7.600,2.000,3.800,87.900,94.000,94.500,94.500,87.900,73.200,97.000,94.500,0.000,100.000,36.900,11.300,86.800,,86.900,,3.200,7.500,38.400,35.300,20.700,52.900,93.100,,87.500,,,,,3.600,78.200,89.300,0.400,0.000,0.300,67.100,64.800,36.100,1.200,48.300,98.700,38.100,0.000,0.100,93.200,90.000,0.000,14.800,44.900,6.100,9.500,3.400,17.600,12.600,3.800,56.900,27.600,65.500,62.200,93.300,96.700,,66.900,2.200,26.000,76.700,88.700,99.300,,4.200,9.300,97.000,1272.000,999.000,3.500,8.500,6.400,0.400,6.900,2.800,68.400,10.800,65.800,13.700,34.600,21.700,27.900,5.000,9.000,3.000,21.300,13.900,4.800
India,Gujarat,Navsari,"Calendar Year (Jan - Dec), 2019",72.600,68.700,78.200,65.100,1188.000,99.100,26.500,33.300,20.100,1.400,0.000,95.000,95.500,96.900,95.000,95.000,3.200,100.000,95.000,3.000,97.000,41.200,0.000,75.300,0.000,95.500,0.000,3.400,9.300,36.800,43.600,29.000,17.000,100.000,0.000,99.600,0.000,0.000,0.000,63.300,9.300,87.500,99.200,0.500,0.500,0.200,77.900,52.100,62.800,0.700,70.200,95.100,42.000,1.300,0.100,99.300,49.600,0.800,11.800,29.200,7.200,16.100,8.100,22.100,14.800,5.500,79.100,67.000,93.400,94.700,98.200,97.600,0.000,68.900,0.700,19.600,80.100,97.400,98.700,0.000,6.600,3.900,97.600,1006.000,1056.000,0.000,6.500,3.700,1.400,9.000,3.300,77.200,15.700,84.100,18.700,59.400,21.800,47.700,6.200,16.000,8.800,23.700,14.900,5.400
India,Madhya Pradesh,Niwari,"Calendar Year (Jan - Dec), 2019",56.400,49.100,76.200,71.000,551.000,93.700,5.800,,0.800,2.200,9.200,79.000,79.900,86.900,83.300,84.500,72.300,100.000,89.800,0.000,100.000,26.900,4.100,67.500,,60.200,,0.000,7.300,27.500,34.900,19.700,52.400,96.400,,86.500,,,,,3.700,69.000,78.400,0.000,0.000,1.600,66.800,66.000,42.800,4.400,32.100,96.900,40.500,0.200,0.200,89.800,79.500,0.000,14.400,53.900,9.100,14.900,5.500,12.900,10.500,2.100,40.900,27.800,84.700,64.200,86.900,100.000,,49.900,0.800,26.600,56.600,80.000,99.700,36.700,4.400,0.800,99.500,1105.000,912.000,8.800,4.100,2.600,0.300,5.600,5.400,71.300,32.600,67.700,10.400,42.600,21.300,25.800,7.500,12.200,4.400,14.400,11.300,1.800
India,Madhya Pradesh,Damoh,"Calendar Year (Jan - Dec), 2019",57.000,48.100,72.900,67.500,1818.000,85.200,8.800,,7.300,3.700,13.500,60.800,76.900,75.600,71.600,68.300,53.300,92.700,78.600,2.000,98.000,36.900,17.200,76.300,,80.100,5.500,2.400,6.000,40.300,32.300,16.200,40.400,89.100,69.800,78.800,74.600,53.700,30.800,67.000,4.600,57.000,55.200,0.200,0.500,0.000,70.300,58.100,16.800,4.100,28.100,87.000,21.600,1.200,0.200,85.000,80.300,0.000,15.200,55.400,5.000,10.000,4.900,21.400,14.600,5.000,40.200,29.100,67.100,46.400,75.800,94.100,,47.900,1.400,28.400,40.600,81.000,97.300,50.900,10.500,4.100,96.200,751.000,953.000,12.700,6.400,3.600,0.100,16.100,5.900,40.900,28.600,61.600,17.400,46.000,23.700,24.800,4.400,8.500,3.200,22.600,13.600,6.300
India,Chhattisgarh,Balod,"Calendar Year (Jan - Dec), 2019",59.700,56.400,83.500,79.900,1905.000,99.200,17.800,58.100,13.000,0.300,2.900,85.200,92.400,92.000,89.800,85.200,56.700,100.000,92.400,2.300,97.700,28.900,2.700,68.300,,90.300,,7.700,8.000,33.600,36.000,15.100,22.400,99.100,,89.100,,,,,3.400,94.100,83.800,0.000,0.600,0.200,76.400,68.400,37.500,2.700,33.300,96.700,79.500,2.300,1.100,97.400,85.800,0.700,26.800,36.100,4.800,8.400,2.600,27.700,18.200,8.500,46.900,24.200,72.700,81.500,90.800,93.700,,56.600,0.800,20.700,83.800,99.500,99.700,48.600,1.300,1.200,99.400,1068.000,988.000,2.900,2.600,1.000,1.500,11.400,0.000,84.800,3.300,78.600,12.200,69.200,18.800,46.300,4.600,8.100,2.900,25.100,16.000,8.000
India,Maharashtra,Hingoli,"Calendar Year (Jan - Dec), 2019",60.500,51.300,73.100,72.900,3114.000,95.300,16.400,29.300,13.000,1.400,11.800,76.900,79.400,92.700,83.500,78.600,7.300,98.300,94.000,5.200,94.800,41.500,18.400,72.500,0.000,72.100,0.000,1.000,10.500,37.400,38.900,25.800,55.400,96.000,55.800,85.100,71.100,37.500,22.100,69.500,8.800,41.500,79.300,0.000,0.700,0.000,69.400,58.700,11.300,1.600,53.100,99.000,14.700,1.300,0.500,94.000,68.600,0.000,11.800,32.700,5.500,10.700,4.600,17.400,11.400,3.800,23.200,10.900,82.500,66.600,82.400,88.500,0.000,51.200,3.500,24.800,69.000,92.400,98.100,53.300,10.100,3.200,98.800,838.000,962.000,11.500,10.400,5.600,0.200,7.800,14.400,77.200,37.100,76.500,16.600,24.700,24.900,33.200,5.300,10.500,4.500,17.400,10.700,3.500
India,Gujarat,Ahmadabad,"Calendar Year (Jan - Dec), 2019",67.300,63.700,79.000,58.200,1279.000,95.300,32.400,43.800,24.500,0.500,3.600,65.200,76.500,80.000,82.100,69.100,2.200,93.000,82.700,10.600,89.400,13.200,6.500,72.000,0.000,85.100,0.000,4.600,7.400,35.500,34.000,17.500,33.900,98.400,0.000,86.400,0.000,0.000,0.000,0.000,19.700,76.500,96.100,0.000,0.000,0.000,79.800,30.800,36.200,1.200,89.700,98.700,36.200,3.300,0.100,94.500,46.700,0.000,3.600,33.400,12.000,20.100,7.200,16.200,8.100,3.500,69.000,54.300,73.500,77.800,90.000,85.900,0.000,63.500,3.800,22.100,86.400,98.700,99.500,70.100,1.800,1.000,98.700,994.000,928.000,3.000,6.500,3.400,0.300,6.200,4.400,66.400,17.500,81.500,30.100,38.000,19.400,42.700,10.200,20.300,8.300,18.500,8.400,3.300
India,Jharkhand,Bokaro,"Calendar Year (Jan - Dec), 2019",68.200,68.800,68.500,59.600,3372.000,86.500,21.000,41.500,13.400,1.200,16.500,71.000,72.900,85.400,88.200,76.900,75.200,97.000,92.300,4.900,95.100,40.700,9.000,66.500,,80.200,2.500,3.000,9.500,36.200,32.300,19.700,18.000,79.700,60.900,70.000,60.300,67.400,34.200,62.100,6.400,40.100,35.200,0.000,0.600,0.400,71.500,45.200,23.200,8.500,47.000,95.700,44.700,1.400,0.600,80.900,44.600,0.400,27.900,45.000,6.400,14.800,7.400,27.500,17.900,8.000,29.600,22.500,68.200,48.700,73.500,90.000,,69.000,4.100,27.300,64.400,86.400,97.300,63.600,15.600,2.200,87.900,899.000,1006.000,18.100,9.500,4.000,2.000,9.000,5.900,80.000,26.300,69.200,15.100,55.400,26.600,45.000,4.000,9.400,5.000,21.500,13.400,6.200
India,Rajasthan,Sawai Madhopur,"Calendar Year (Jan - Dec), 2019",64.600,57.500,58.700,50.200,2083.000,97.800,10.400,17.900,9.500,3.000,11.600,54.900,56.100,77.200,65.700,62.500,35.900,90.100,77.500,0.000,100.000,24.500,11.600,73.300,,56.600,,3.400,11.100,26.900,24.200,22.000,48.200,79.400,71.000,82.800,74.200,53.000,24.200,73.300,9.400,49.200,63.000,0.200,0.200,0.200,57.400,37.100,15.400,1.000,29.100,92.500,80.500,0.300,0.400,97.400,83.200,0.100,7.300,47.100,4.400,8.200,2.800,19.800,13.700,4.700,24.600,5.800,65.400,47.300,75.200,82.500,,57.600,2.400,28.900,71.200,92.500,95.500,55.900,8.700,7.000,95.300,849.000,999.000,10.400,11.500,5.300,0.600,13.900,2.900,78.200,35.400,55.700,11.100,59.600,25.800,28.300,3.000,5.500,2.000,15.400,9.600,3.700
India,Odisha,Malkangiri,"Calendar Year (Jan - Dec), 2019",67.400,71.900,74.100,53.400,1782.000,93.800,5.700,,6.100,2.200,21.600,94.800,97.200,97.300,97.300,94.800,96.200,100.000,97.200,0.000,100.000,46.900,15.600,78.700,,88.000,15.800,1.000,5.500,44.300,41.600,19.300,74.000,76.800,80.900,86.400,,,,60.500,2.400,82.800,60.900,0.000,0.600,0.000,48.900,34.300,37.100,3.400,20.900,96.500,47.000,4.200,0.100,90.700,89.900,1.000,42.100,54.900,7.400,13.900,6.000,20.700,13.500,6.300,63.800,34.300,81.700,82.800,89.500,95.000,,71.800,9.100,34.100,41.400,94.700,95.800,74.300,3.800,1.100,99.100,981.000,1137.000,19.800,4.400,2.000,18.400,33.500,11.700,64.700,32.400,39.000,10.100,62.800,38.600,14.000,7.400,11.600,3.600,17.100,10.500,4.900
India,Assam,Hailakandi,"Calendar Year (Jan - Dec), 2019",58.100,61.400,66.800,49.500,5090.000,84.800,12.800,69.300,9.700,1.700,1.700,68.600,76.900,78.900,77.400,77.800,50.000,95.400,85.600,0.000,100.000,22.100,6.500,59.500,25.800,80.000,3.700,2.000,8.200,42.900,42.400,22.200,24.400,96.600,50.900,70.100,0.000,0.000,0.000,45.400,12.800,94.700,60.300,0.000,0.000,0.000,81.500,4.100,26.100,2.200,35.200,97.600,53.600,4.300,2.200,83.000,75.100,0.000,10.100,58.300,9.000,18.900,7.300,24.400,15.600,5.600,29.000,8.300,77.600,43.100,68.800,96.200,0.000,61.500,25.000,33.700,60.000,41.200,91.200,58.700,5.100,4.900,100.000,951.000,1054.000,1.600,8.600,4.200,3.100,45.100,10.400,56.100,32.900,82.200,10.900,77.500,25.700,25.300,7.100,14.200,5.800,21.800,12.200,5.800
India,Bihar,Araria,"Calendar Year (Jan - Dec), 2019",64.000,67.900,46.000,42.800,3606.000,70.300,9.200,45.200,4.900,6.800,13.100,61.600,71.100,77.400,74.200,67.300,0.000,90.000,83.000,1.600,94.700,32.300,8.800,75.800,35.900,57.100,2.600,3.000,5.200,49.900,47.800,23.900,30.600,59.800,69.000,48.200,65.900,50.500,9.200,57.900,1.700,33.900,25.500,0.700,1.100,0.700,53.000,36.200,11.000,6.500,15.200,93.700,19.500,0.100,3.200,66.200,51.500,0.000,8.400,53.200,10.100,18.800,7.800,15.800,8.900,3.100,17.600,7.600,41.600,25.800,46.400,86.400,10.700,67.700,0.900,40.500,32.200,100.000,96.200,70.500,16.300,6.000,90.600,885.000,1094.000,12.800,15.900,6.400,0.200,12.300,13.300,36.400,52.000,43.700,9.900,57.200,30.400,16.800,6.900,13.600,6.400,12.100,5.000,2.900
India,Gujarat,Gir Somnath,"Calendar Year (Jan - Dec), 2019",50.900,49.900,57.800,51.100,1194.000,91.800,17.200,26.500,9.200,2.000,16.000,69.900,93.500,92.500,92.300,77.100,0.000,98.800,81.800,1.600,98.400,18.800,16.700,68.900,0.000,89.900,4.200,5.000,4.900,44.400,30.300,18.500,37.600,96.800,75.600,87.700,80.800,58.000,35.000,87.100,9.500,48.600,87.700,0.200,0.400,0.000,65.800,39.900,24.000,4.800,46.800,87.600,46.600,1.200,0.100,87.100,34.000,0.000,5.200,60.700,7.200,14.200,6.500,12.300,7.700,3.100,53.500,35.400,79.200,80.700,90.800,89.300,0.000,49.600,0.400,23.400,74.300,98.200,99.500,57.700,9.900,0.700,95.600,921.000,981.000,14.600,12.400,4.800,0.400,18.900,0.900,74.100,9.900,73.100,17.300,25.200,24.800,30.800,6.200,13.200,6.300,14.000,6.500,3.300
India,Haryana,Mahendragarh,"Calendar Year (Jan - Dec), 2019",67.300,61.200,70.200,63.200,2497.000,98.900,22.600,36.500,15.900,0.400,8.900,73.900,70.100,86.400,84.200,76.000,82.500,94.300,87.600,2.200,97.800,30.000,7.000,72.300,,62.500,,5.000,2.100,25.200,15.400,8.400,51.800,96.200,69.600,90.400,,,,,9.800,64.500,84.300,0.100,0.100,0.100,70.000,45.900,36.900,0.700,34.200,97.400,25.600,3.300,0.200,98.900,65.300,0.400,13.900,32.900,5.600,12.300,6.000,25.800,15.800,8.100,48.500,28.400,88.100,55.200,88.000,89.400,,61.200,3.200,22.300,79.800,99.700,99.600,62.800,4.700,0.800,97.500,962.000,936.000,8.700,9.300,5.300,0.400,2.300,9.600,95.700,13.400,81.100,29.500,69.400,14.300,52.400,5.000,10.300,5.100,21.600,13.700,5.000
India,Assam,Kamrup Metro,"Calendar Year (Jan - Dec), 2019",80.600,74.600,56.800,41.500,8275.000,90.100,38.000,65.800,28.700,0.400,1.100,53.600,69.000,77.000,71.200,59.100,50.900,90.600,74.700,19.200,78.900,11.100,2.600,80.400,0.000,53.600,0.000,8.700,7.300,25.400,25.000,18.200,53.000,95.200,0.000,79.900,0.000,0.000,0.000,58.800,6.600,50.300,77.400,0.200,0.200,0.400,87.500,13.400,16.600,2.200,85.100,99.700,45.500,4.500,0.000,89.100,55.700,0.000,24.200,39.900,7.800,20.300,10.400,20.300,11.400,2.800,51.700,16.900,77.600,68.900,75.600,96.300,0.000,75.200,16.800,20.000,65.200,87.200,99.200,56.400,5.200,1.300,98.300,986.000,946.000,1.000,8.800,2.500,3.900,11.800,10.100,86.300,21.900,86.000,21.300,69.100,12.600,49.100,8.300,17.100,6.800,17.000,8.200,2.600
India,Jharkhand,Jamtara,"Calendar Year (Jan - Dec), 2019",77.400,77.700,69.300,54.100,2771.000,82.500,13.400,50.500,9.700,0.600,13.300,78.800,82.900,89.700,87.900,80.400,71.400,91.400,91.400,0.000,100.000,32.500,11.500,72.800,,82.500,4.300,4.300,9.900,41.900,46.200,23.000,13.800,71.200,87.000,66.500,51.800,64.400,21.300,50.100,4.100,49.100,36.900,0.000,0.000,0.000,63.700,35.300,34.700,7.700,20.300,98.300,62.900,1.300,0.400,75.400,60.400,0.100,29.900,49.700,6.700,12.900,5.300,21.900,14.200,5.300,31.200,19.100,66.700,36.000,69.900,89.300,,78.400,9.500,29.500,52.800,93.000,92.200,57.300,13.800,5.800,95.100,825.000,996.000,15.900,9.900,3.600,5.300,13.600,14.900,73.100,50.500,53.500,7.100,57.300,30.600,21.400,5.600,10.500,4.200,17.800,10.100,5.100
India,Arunachal Pradesh,Tawang,"Calendar Year (Jan - Dec), 2019",76.300,59.100,62.100,56.300,5345.000,89.900,17.300,,20.200,0.800,20.400,67.500,76.800,81.900,77.600,69.300,28.700,93.100,90.800,0.000,100.000,19.200,3.300,89.600,,84.400,0.000,21.100,1.900,30.400,9.000,7.100,60.600,95.300,,48.800,51.500,73.300,59.100,57.500,1.700,67.700,51.200,0.800,1.000,0.700,59.300,9.100,24.800,5.700,88.100,99.900,33.500,10.400,1.300,84.200,83.800,0.000,43.200,24.000,5.500,8.500,1.600,36.400,25.700,9.200,28.200,14.600,79.900,37.600,49.600,85.300,,59.200,29.500,27.300,81.700,99.800,99.700,57.400,14.800,6.200,99.600,834.000,1063.000,18.800,14.600,11.700,23.400,5.100,1.400,88.400,11.900,56.600,35.400,68.300,1.200,39.200,3.100,4.500,0.700,30.300,17.400,11.700
India,Maharashtra,Ratnagiri,"Calendar Year (Jan - Dec), 2019",33.700,43.400,62.300,60.500,3096.000,95.600,30.800,35.700,28.000,0.700,9.800,77.200,95.200,85.300,79.000,85.600,5.800,89.900,86.200,0.000,97.600,36.900,26.600,69.400,0.000,76.000,0.000,3.800,12.600,31.700,29.500,23.700,45.700,97.800,0.000,92.200,0.000,0.000,0.000,0.000,7.600,57.500,95.500,0.400,1.400,0.200,80.300,50.100,22.000,0.700,58.100,91.100,16.600,1.600,0.000,97.800,53.500,0.000,13.000,31.300,6.200,16.500,9.300,33.900,21.100,8.700,54.600,29.300,64.600,78.600,89.700,93.200,0.000,43.400,1.000,16.300,85.600,90.900,99.200,0.000,2.700,2.400,97.000,948.000,1069.000,8.600,10.400,3.800,0.500,18.400,1.200,84.600,4.400,87.200,17.700,53.200,25.800,41.200,8.100,16.900,7.700,32.400,18.200,8.100
India,Bihar,Muzaffarpur,"Calendar Year (Jan - Dec), 2019",66.100,58.900,66.100,55.700,3663.000,78.200,10.500,40.300,3.900,5.500,16.300,74.900,83.700,88.500,88.400,75.900,1.100,99.100,91.900,2.000,98.000,34.400,4.900,64.600,0.000,57.800,4.600,1.900,8.100,42.600,34.700,19.900,29.700,82.200,71.900,55.900,61.600,66.300,27.900,80.300,4.700,57.900,38.300,0.200,1.400,0.000,65.100,45.000,20.800,7.900,41.500,96.100,13.200,0.900,1.200,72.500,51.300,0.000,11.200,51.500,6.900,16.400,7.200,24.000,14.100,6.900,13.700,8.100,55.900,28.200,55.900,93.800,0.000,58.700,2.300,34.900,55.200,99.900,96.600,61.700,14.600,4.300,84.100,685.000,1097.000,17.200,12.100,6.000,0.500,7.200,8.200,67.800,32.900,63.000,16.500,57.300,25.200,33.800,6.900,12.400,4.900,18.100,9.800,5.000
India,Maharashtra,Mumbai,"Calendar Year (Jan - Dec), 2019",60.079,47.664,70.126,66.106,5250.060,98.386,30.959,40.305,24.359,0.559,14.946,0.000,0.000,0.000,0.000,0.000,0.000,0.000,0.000,0.000,0.000,0.000,35.081,69.710,0.000,75.997,0.000,7.989,8.284,31.150,27.454,22.424,53.490,96.454,0.000,96.458,0.000,0.000,0.000,0.000,18.057,65.095,96.867,0.904,1.947,1.018,90.779,42.912,19.715,0.215,98.472,98.815,26.193,3.282,0.114,98.898,55.715,0.000,13.430,20.172,9.901,19.399,8.199,25.313,17.371,3.857,64.826,41.195,74.108,80.688,90.987,93.119,0.000,48.105,1.470,17.917,60.317,99.914,99.428,11.337,2.727,1.700,92.885,883.363,931.274,15.688,7.267,2.545,0.756,5.558,1.215,97.852,6.867,93.138,31.627,56.078,12.086,68.776,8.727,18.447,7.849,23.410,14.789,3.090
India,Bihar,Katihar,"Calendar Year (Jan - Dec), 2019",66.700,68.400,33.800,26.400,2333.000,73.800,4.000,37.800,2.300,4.400,13.600,73.700,82.600,84.100,78.300,79.100,3.100,93.200,83.900,0.900,92.100,26.100,8.800,65.600,53.100,50.200,1.600,1.400,8.700,43.900,48.100,23.500,25.800,80.900,36.100,44.300,64.600,60.400,17.100,66.000,1.700,57.500,36.600,0.000,0.000,0.000,57.500,18.400,22.600,9.300,16.900,96.700,8.400,0.500,1.300,66.900,59.900,0.100,10.300,49.200,9.100,19.600,8.800,17.800,8.500,2.900,16.200,8.400,40.900,15.300,41.700,84.400,0.000,68.900,3.400,39.000,44.600,99.200,92.000,61.000,10.600,2.100,91.700,888.000,1053.000,13.800,22.400,9.200,0.600,6.100,16.100,49.500,49.400,49.700,13.100,62.100,26.400,19.800,6.500,14.400,6.300,17.000,6.000,4.000
India,Maharashtra,Gondia,"Calendar Year (Jan - Dec), 2019",65.200,60.400,78.300,77.800,1684.000,98.300,27.000,0.000,22.100,1.600,4.300,88.200,90.400,91.100,89.500,91.100,2.600,95.800,93.000,0.000,100.000,31.400,16.300,78.000,0.000,77.400,0.000,8.300,11.100,36.900,35.600,23.700,58.900,99.600,0.000,89.200,0.000,0.000,0.000,73.600,6.600,61.700,90.700,0.600,0.900,0.700,80.400,62.300,36.400,0.900,68.000,98.000,30.600,0.900,0.300,99.100,88.600,5.800,22.600,55.100,6.000,10.200,3.900,18.900,10.900,5.000,46.000,19.000,69.000,66.200,90.000,98.300,0.000,60.900,1.100,21.600,74.300,91.600,98.200,43.600,4.500,2.600,98.700,1050.000,994.000,7.200,7.800,2.400,0.400,17.200,0.000,88.600,6.500,87.500,9.400,43.000,23.400,54.100,3.700,7.900,3.300,21.800,11.600,5.500
India,Rajasthan,Kota,"Calendar Year (Jan - Dec), 2019",59.500,51.800,77.200,68.300,1647.000,99.000,20.700,35.600,17.400,1.800,10.300,84.400,85.200,91.800,85.300,86.300,71.900,98.400,95.300,6.400,93.700,25.800,15.700,66.700,,61.600,,3.300,7.900,29.500,26.400,20.800,47.900,95.100,77.600,91.300,,,,62.100,22.700,59.500,84.400,0.300,0.300,0.700,74.700,39.900,31.100,0.500,72.300,96.000,80.900,2.100,0.800,97.900,77.800,0.000,12.600,43.200,5.000,7.800,2.100,20.200,14.100,3.800,37.300,11.900,88.000,81.300,88.800,94.800,,51.800,2.500,23.900,79.000,99.600,99.400,49.500,6.400,7.400,98.700,870.000,981.000,9.300,4.600,2.700,0.300,9.200,0.500,83.300,13.200,76.500,13.000,57.300,15.500,44.000,3.100,5.800,1.800,15.900,10.000,2.800
India,Kerala,Kasaragod,"Calendar Year (Jan - Dec), 2019",39.600,35.400,56.400,46.600,3778.000,100.000,28.800,28.900,28.400,1.400,9.400,92.500,98.000,96.600,95.300,94.400,24.700,98.600,97.300,11.700,88.300,9.300,9.600,34.300,0.000,83.400,0.000,1.600,5.700,25.300,21.400,12.600,86.100,99.100,68.200,95.900,0.000,0.000,0.000,97.000,3.500,69.100,95.500,1.700,3.500,0.600,90.800,39.000,23.900,0.000,73.500,99.600,44.000,2.400,0.000,100.000,29.900,0.200,14.900,14.200,10.000,22.300,10.200,26.000,15.900,4.600,89.400,83.700,97.400,91.200,95.000,99.200,0.000,35.600,0.000,24.100,98.900,93.200,99.500,27.300,1.900,0.300,92.800,984.000,1134.000,12.200,12.500,6.400,0.100,3.500,3.700,93.900,4.700,95.900,28.400,76.800,9.400,68.300,8.100,20.400,10.200,26.100,13.500,5.300
India,Haryana,Karnal,"Calendar Year (Jan - Dec), 2019",61.500,61.900,79.100,67.100,1047.000,98.600,18.700,40.800,6.100,2.400,19.100,88.900,84.600,98.800,97.800,91.400,91.900,100.000,98.700,6.100,93.900,36.100,19.200,78.300,,74.700,,2.900,4.800,29.200,20.500,9.800,46.500,99.400,79.700,97.300,,,,80.700,28.100,83.900,91.200,0.400,0.700,0.400,79.200,23.400,36.300,0.500,74.100,97.800,24.600,3.100,0.000,99.000,62.500,4.800,22.000,26.600,3.700,9.000,4.200,21.200,15.200,4.600,78.000,53.700,91.200,84.700,97.500,93.500,19.500,62.100,4.800,26.400,83.500,99.900,99.200,53.200,4.400,5.100,100.000,821.000,970.000,19.200,5.400,2.200,0.300,2.600,3.100,92.900,6.600,84.000,36.500,72.600,14.900,46.800,3.500,9.400,4.800,17.600,10.700,3.800
India,Madhya Pradesh,Umaria,"Calendar Year (Jan - Dec), 2019",55.300,51.500,71.200,60.500,1304.000,85.600,10.500,,8.800,4.300,9.500,90.600,91.900,94.900,88.900,95.600,72.500,98.600,94.500,0.000,100.000,29.400,10.800,71.500,,84.600,,2.700,4.000,45.300,36.600,15.500,41.300,97.000,79.700,87.900,,,,,5.300,82.900,66.000,0.400,0.900,0.800,68.000,49.600,40.500,3.300,26.900,92.200,19.900,0.800,0.100,92.200,89.200,1.400,29.800,59.100,6.900,13.100,5.700,22.100,17.500,3.800,43.000,26.000,79.200,48.900,89.700,93.700,,51.600,0.900,26.100,53.700,79.500,98.200,48.600,4.400,3.200,96.300,906.000,1026.000,9.800,5.700,2.600,2.000,13.900,4.700,48.900,21.200,63.000,14.600,58.600,21.100,26.400,4.600,9.400,4.300,20.900,14.200,5.800
India,Chhattisgarh,Kabirdham,"Calendar Year (Jan - Dec), 2019",45.400,43.600,75.200,72.200,1340.000,93.400,9.600,50.400,3.200,1.500,7.000,95.400,96.900,95.400,95.400,96.900,80.400,98.500,96.900,0.000,100.000,21.000,0.000,67.500,,86.500,,6.000,3.100,37.900,27.300,12.000,44.400,98.600,71.200,94.300,,,,,1.700,92.400,84.100,0.300,0.200,0.200,61.700,63.800,43.700,3.400,25.000,95.600,72.100,2.800,0.300,91.700,77.700,0.500,27.600,40.200,5.900,9.400,2.600,26.500,19.400,6.600,59.800,36.900,67.200,58.900,93.000,89.300,,43.900,1.900,27.400,80.300,97.900,99.500,35.600,0.000,0.000,99.200,826.000,983.000,6.800,6.200,2.900,2.600,13.700,1.500,63.500,15.300,66.200,11.800,59.300,20.600,32.600,5.600,8.500,2.500,24.000,16.500,6.700
India,Karnataka,Shivamogga,"Calendar Year (Jan - Dec), 2019",44.700,41.900,76.400,76.400,5284.000,96.500,43.700,69.300,35.100,2.500,18.600,96.100,97.900,98.000,87.100,98.100,2.100,100.000,98.000,8.100,91.900,37.400,22.900,68.900,0.000,90.900,0.000,6.000,13.500,29.000,34.400,23.200,35.300,100.000,46.300,89.700,0.000,0.000,0.000,77.300,2.400,74.700,83.900,0.300,0.400,0.200,78.800,68.300,42.000,0.300,85.700,91.000,26.500,3.400,0.700,99.700,74.100,0.000,18.500,32.000,8.500,16.700,6.900,28.700,19.300,7.100,56.600,39.100,58.700,79.400,91.500,96.900,0.000,42.100,0.700,22.900,85.400,94.600,99.500,33.400,4.800,3.300,98.500,1111.000,1010.000,18.500,5.300,3.900,1.400,11.300,2.400,86.300,11.100,79.800,30.300,52.600,15.000,49.100,6.300,15.300,7.200,27.200,15.400,7.100
India,Delhi,Shahdara,"Calendar Year (Jan - Dec), 2019",53.500,49.200,78.000,56.100,3703.000,97.200,22.200,41.900,17.800,1.900,8.500,82.500,75.500,89.500,87.500,82.500,37.700,100.000,90.600,7.900,92.100,29.000,24.900,71.400,,67.800,,3.700,11.500,32.900,30.200,21.200,50.000,95.100,64.900,92.300,,,,69.700,30.200,79.300,85.500,0.400,0.800,0.400,83.100,14.900,22.100,1.400,99.800,96.400,21.500,5.600,0.400,95.800,74.500,0.000,18.100,24.600,4.400,12.500,6.300,35.000,23.100,9.800,67.800,37.500,80.800,88.900,91.500,96.000,,49.400,2.700,23.200,83.400,99.800,99.900,,8.700,4.500,93.600,976.000,935.000,8.300,4.600,2.100,0.700,1.800,3.600,96.600,7.300,83.900,42.800,83.900,11.000,58.400,3.600,12.300,6.400,26.100,15.300,6.900
India,Rajasthan,Bundi,"Calendar Year (Jan - Dec), 2019",57.200,55.900,75.800,66.600,1961.000,95.100,10.500,32.700,8.100,2.200,9.500,75.700,81.400,92.300,87.500,83.100,65.500,97.700,91.100,0.000,100.000,28.700,9.300,74.900,,62.800,,1.000,6.200,30.000,29.100,19.600,41.800,90.700,72.700,89.400,74.700,56.300,44.500,52.900,14.200,63.200,81.900,0.200,0.000,0.200,57.900,46.100,29.100,0.500,26.500,94.900,87.700,0.300,0.900,95.300,83.700,0.000,11.500,52.800,3.400,8.000,4.000,19.000,13.400,4.000,35.500,8.700,81.000,74.000,85.200,91.100,,56.300,3.900,28.400,56.300,95.700,98.400,44.800,7.400,9.500,97.900,803.000,1002.000,10.800,7.100,4.000,0.500,13.800,2.300,77.600,34.100,56.900,12.400,53.800,29.600,27.400,3.400,5.900,2.000,17.200,10.500,4.600
India,Manipur,Kakching,"Calendar Year (Jan - Dec), 2019",19.200,24.200,72.200,17.800,13144.000,91.100,20.200,49.300,17.500,0.600,23.700,74.200,79.900,84.600,83.200,80.200,4.900,98.700,77.400,0.000,96.800,19.700,37.400,39.700,0.000,43.500,3.100,4.900,2.900,31.500,14.900,8.300,46.500,87.200,77.700,73.000,0.000,0.000,0.000,28.600,4.800,54.200,40.400,0.700,2.900,0.200,79.900,2.400,2.000,3.300,74.700,99.800,19.100,5.500,0.200,87.800,72.400,0.000,34.100,58.500,5.500,12.900,6.200,33.400,20.400,10.500,68.500,45.300,90.600,89.900,75.600,92.900,0.000,23.800,4.900,28.500,61.300,72.500,98.600,32.000,3.700,1.100,91.400,909.000,1095.000,22.900,6.000,2.300,1.000,47.900,7.500,81.600,17.500,85.400,31.300,74.900,7.300,40.700,4.200,10.600,5.400,23.200,13.800,6.500
India,Madhya Pradesh,Bhind,"Calendar Year (Jan - Dec), 2019",69.900,69.900,58.700,48.500,1252.000,93.500,11.900,64.900,5.400,2.200,14.800,70.700,77.800,83.100,81.700,74.900,78.000,92.200,89.400,1.500,98.500,24.400,6.900,75.600,,67.100,,1.200,4.900,32.200,29.000,12.400,50.100,93.100,88.800,85.900,73.200,49.100,24.100,,5.700,69.700,79.300,0.200,0.400,0.600,66.900,38.400,27.800,2.300,31.000,94.800,31.000,1.200,0.300,93.500,82.100,0.200,6.700,37.900,7.500,13.800,6.100,17.000,12.000,4.300,48.100,29.800,82.600,63.100,84.200,94.300,,70.300,0.700,28.500,79.900,95.500,98.200,56.200,7.000,0.200,97.800,968.000,979.000,13.600,17.200,7.600,0.400,5.600,5.500,75.300,25.100,70.200,20.500,30.500,24.300,28.900,7.100,12.700,5.000,15.200,10.600,3.500
India,Delhi,West Delhi,"Calendar Year (Jan - Dec), 2019",54.700,57.200,75.400,56.600,1750.000,93.900,22.500,41.600,14.400,3.400,15.900,67.500,78.400,76.300,74.500,76.000,11.000,98.500,89.700,13.600,85.000,33.800,16.100,68.500,,47.600,,2.100,3.500,36.100,19.000,8.400,47.800,90.700,,91.400,83.400,62.800,14.800,82.200,24.600,62.900,88.800,0.000,0.400,1.900,83.300,18.900,9.200,2.800,99.000,96.300,21.000,7.500,0.100,91.800,57.700,0.100,24.300,28.500,5.200,14.400,7.500,34.100,23.300,9.100,67.500,49.200,65.300,67.100,86.900,91.700,,57.400,4.100,25.400,76.800,99.800,100.000,49.200,10.700,7.300,90.500,932.000,953.000,12.900,7.000,1.500,0.500,2.000,1.200,96.100,10.500,82.300,40.600,59.600,10.500,56.300,4.500,12.900,6.200,23.800,13.300,6.700
India,Jharkhand,Latehar,"Calendar Year (Jan - Dec), 2019",62.200,63.600,56.600,45.900,1268.000,83.800,10.200,48.600,9.600,3.100,7.800,75.000,74.500,95.200,95.200,75.000,88.900,97.800,95.200,0.000,100.000,29.900,1.800,68.300,29.600,85.900,1.100,1.800,5.200,40.100,39.400,19.200,18.900,81.300,69.000,61.700,76.300,70.200,51.000,77.600,2.300,63.800,36.800,0.000,0.500,0.200,60.500,35.900,46.500,14.600,14.200,96.800,52.200,1.100,0.800,70.300,61.400,0.300,47.300,51.600,6.400,11.400,4.500,22.200,14.000,6.400,41.600,29.100,75.000,43.100,70.700,94.200,,63.800,1.400,35.900,51.400,79.200,89.000,58.400,6.600,6.100,98.000,967.000,1115.000,7.500,13.400,5.500,12.700,11.000,8.800,72.100,32.200,54.900,7.300,65.100,31.100,26.500,5.100,9.000,3.300,15.300,8.700,5.700
India,Uttar Pradesh,Kannauj,"Calendar Year (Jan - Dec), 2019",68.800,65.200,69.400,60.300,1914.000,81.500,11.800,48.000,4.000,4.300,13.400,55.800,56.800,73.200,68.000,62.900,20.600,92.700,82.200,0.000,99.000,31.600,17.400,79.600,,72.700,1.500,5.200,10.800,43.000,33.500,21.500,12.600,81.100,53.900,66.800,75.900,64.500,48.800,58.200,43.900,75.900,35.200,1.000,2.300,1.200,71.300,7.700,31.300,8.800,35.500,80.600,15.300,1.500,0.600,76.400,56.500,0.000,15.300,50.900,2.800,6.900,3.300,14.400,10.800,2.200,25.400,10.500,65.600,46.400,70.300,92.900,,65.200,4.700,32.700,70.100,99.900,87.300,66.400,5.600,3.500,96.200,1038.000,1003.000,13.500,7.200,2.900,0.300,8.700,1.300,66.500,10.400,64.800,18.800,61.400,20.500,37.300,3.100,7.300,3.300,14.900,8.900,3.200
India,Telangana,Jayashankar Bhupalapally,"Calendar Year (Jan - Dec), 2019",64.900,65.900,64.800,64.300,5993.000,95.100,64.300,87.400,50.400,2.000,11.100,87.900,97.200,94.000,94.400,87.900,6.500,96.900,96.900,2.600,97.400,45.600,3.900,67.900,0.000,70.500,0.000,1.400,14.600,32.500,36.700,31.800,44.600,90.900,0.000,89.600,0.000,0.000,0.000,71.200,1.000,47.100,58.900,0.800,7.300,4.900,52.400,51.000,13.500,0.500,90.300,97.700,71.500,0.000,0.200,99.500,61.300,11.300,53.100,27.400,9.800,17.400,6.300,31.500,20.800,7.500,58.900,35.300,94.600,72.700,89.100,94.100,0.000,66.400,0.500,18.500,65.600,95.100,99.300,0.000,7.000,1.900,94.000,903.000,1079.000,12.600,7.000,2.400,4.300,5.600,13.200,90.800,24.900,58.900,22.400,46.300,17.700,36.300,5.300,13.500,7.100,28.400,15.800,7.900
India,Uttar Pradesh,Jalaun,"Calendar Year (Jan - Dec), 2019",39.500,44.200,62.400,50.500,2194.000,85.600,12.100,60.600,4.100,2.600,3.000,66.200,64.700,71.600,69.800,71.700,32.000,90.300,79.100,0.000,100.000,18.900,9.900,55.200,,77.300,2.700,2.300,8.500,45.100,36.100,19.500,37.300,84.800,58.100,65.900,,,,,12.200,72.500,39.400,0.000,1.400,0.000,71.900,35.200,28.800,6.100,36.500,91.400,17.600,0.400,0.100,85.100,70.000,0.100,11.700,49.900,2.800,6.000,2.800,20.000,14.700,4.100,20.500,11.400,67.900,62.800,67.500,92.100,,44.000,0.800,26.000,80.200,99.000,96.900,52.700,1.200,0.800,98.800,797.000,937.000,2.800,13.500,4.600,0.200,13.400,2.200,80.100,16.900,66.800,14.600,53.000,22.200,38.900,2.600,5.200,2.300,16.800,11.500,3.600
India,Uttarakhand,Dehradun,"Calendar Year (Jan - Dec), 2019",45.600,47.900,75.000,59.100,4277.000,92.700,25.900,34.500,22.800,1.000,14.400,76.000,83.000,87.800,85.900,76.000,38.900,95.400,86.200,4.000,96.000,40.500,19.300,59.500,,61.000,,3.800,2.400,20.900,19.100,10.100,55.400,95.600,55.400,84.200,,,,,32.800,66.400,73.700,0.000,0.200,0.000,82.900,19.200,27.700,0.700,88.800,92.300,67.300,1.900,1.000,91.700,49.400,0.500,21.600,25.600,5.800,17.800,10.600,31.900,17.900,10.200,57.700,33.200,83.500,75.300,82.400,98.400,,47.900,2.800,23.100,83.900,99.000,99.700,,1.700,1.400,98.000,823.000,915.000,13.300,6.500,2.800,0.200,2.400,0.400,94.100,6.600,85.800,39.800,58.700,13.100,62.600,4.500,13.800,8.200,23.700,12.700,6.000
India,Uttar Pradesh,Sitapur,"Calendar Year (Jan - Dec), 2019",61.200,55.300,51.100,36.500,1577.000,87.800,8.400,35.700,4.600,4.000,3.100,65.900,72.200,81.800,80.700,71.100,51.400,91.700,80.500,1.000,95.900,35.100,9.800,66.400,,89.400,2.000,2.900,6.500,47.800,37.900,18.200,24.300,88.700,60.800,67.900,74.000,52.500,39.200,53.900,12.900,60.400,41.900,0.200,3.800,0.400,65.000,16.800,39.800,5.500,31.500,96.200,23.200,1.100,0.100,84.800,70.400,0.000,13.800,59.700,4.500,9.700,4.800,23.000,16.100,5.700,18.000,9.600,66.800,35.400,71.500,91.200,,55.200,1.600,33.600,52.500,99.700,68.400,57.800,9.500,5.400,94.800,1011.000,970.000,4.100,17.900,6.100,0.100,13.800,3.400,55.500,20.800,53.400,15.400,42.100,30.100,23.900,3.700,7.900,3.900,17.800,11.400,5.500
India,Tripura,Sepahijala,"Calendar Year (Jan - Dec), 2019",70.400,69.400,58.900,44.200,8389.000,87.200,21.800,0.000,21.300,0.500,11.900,70.300,78.600,89.600,86.800,78.100,60.800,97.600,84.700,0.000,97.400,18.800,17.600,72.100,0.000,79.700,0.000,12.400,6.700,34.500,21.000,14.900,46.400,95.300,0.000,70.100,0.000,0.000,0.000,61.600,2.700,39.600,67.400,0.200,0.900,0.400,78.900,10.900,9.800,1.100,37.100,99.700,31.600,0.800,0.700,87.700,81.700,0.000,29.500,50.400,10.000,22.200,11.300,19.900,11.300,3.300,18.800,6.800,61.900,52.800,72.100,90.200,0.000,69.800,26.300,23.400,75.400,97.400,99.000,55.800,9.900,0.400,93.000,930.000,1021.000,12.800,15.300,3.900,8.100,47.600,26.600,68.300,51.900,79.600,24.200,72.700,13.900,21.700,8.700,18.200,8.600,19.300,9.900,4.300
India,Tripura,Khowai,"Calendar Year (Jan - Dec), 2019",64.800,63.700,79.900,49.900,7328.000,95.200,27.800,0.000,25.600,0.000,12.300,60.700,65.800,87.700,85.700,60.700,63.700,96.100,85.700,0.000,100.000,22.500,21.300,73.400,0.000,68.100,0.000,8.100,6.200,47.000,24.700,16.600,20.900,94.800,0.000,62.900,0.000,0.000,0.000,0.000,1.800,34.700,83.900,0.000,0.200,0.000,81.300,9.500,8.700,1.600,41.500,100.000,44.100,0.200,0.000,95.700,90.700,0.000,40.300,61.900,10.300,18.300,7.600,21.400,14.600,5.000,38.000,16.600,57.200,41.500,59.700,96.800,0.000,63.700,36.200,23.500,67.800,83.200,99.000,63.700,0.700,2.000,97.700,959.000,1059.000,12.900,4.100,2.200,9.600,51.300,24.300,69.200,28.300,80.500,15.400,62.700,18.700,18.900,9.900,17.800,7.000,19.000,11.300,5.200
India,Uttar Pradesh,Lalitpur,"Calendar Year (Jan - Dec), 2019",42.000,38.100,73.800,65.700,1381.000,84.500,6.400,,4.800,3.100,4.800,70.800,73.000,80.900,79.100,77.800,38.900,94.700,81.900,0.000,100.000,29.000,5.600,56.000,,78.700,2.800,6.700,7.500,46.600,34.800,18.700,29.200,87.300,56.000,64.800,,,,,10.900,64.900,33.700,0.200,0.900,0.500,66.800,50.000,27.800,2.400,20.300,90.700,11.700,0.300,0.300,90.800,86.600,0.400,16.700,54.500,3.800,6.300,1.800,17.900,13.200,3.600,26.800,9.900,65.700,45.700,71.100,89.600,,37.500,2.200,31.700,64.200,96.600,94.100,51.000,2.700,0.800,98.200,998.000,997.000,4.800,7.400,3.800,0.700,5.500,9.400,63.800,42.500,55.300,13.200,50.200,22.400,23.800,2.600,4.700,1.700,17.200,10.700,4.700
India,Uttar Pradesh,Amethi,"Calendar Year (Jan - Dec), 2019",45.400,46.100,48.400,30.500,2713.000,91.400,11.100,40.300,4.500,3.300,5.000,75.900,86.800,82.000,82.000,78.700,65.200,96.800,85.700,0.000,95.900,27.500,5.300,52.400,,80.700,12.700,1.200,5.100,35.800,33.100,19.900,21.600,87.500,72.600,73.700,,,,57.300,11.700,77.400,52.400,0.200,1.500,0.400,66.100,14.400,34.400,3.400,26.400,97.200,20.900,0.700,0.500,90.800,71.300,0.000,9.100,49.300,5.700,12.000,5.600,21.200,14.300,5.700,15.900,10.400,72.600,31.700,76.300,93.500,,46.600,1.600,32.100,60.900,98.700,92.300,36.600,4.400,3.700,96.800,844.000,1170.000,5.700,19.900,7.000,0.400,11.500,1.900,71.800,14.900,63.300,23.500,39.900,21.000,34.600,5.900,12.900,6.500,19.200,12.700,5.000
India,Tamil Nadu,Tirupathur,"Calendar Year (Jan - Dec), 2019",47.200,50.600,65.200,63.200,2272.000,100.000,42.400,43.900,42.100,1.900,8.800,92.700,97.200,94.300,91.200,93.900,80.800,97.000,95.500,13.900,86.100,46.400,16.600,60.900,,71.600,,4.200,2.500,29.800,19.700,13.100,76.400,96.500,,96.700,,,,,0.500,98.900,91.700,0.500,1.800,0.200,80.000,59.500,32.700,0.500,85.300,93.800,71.400,3.100,0.200,99.500,67.600,0.000,23.000,14.400,8.000,21.400,12.400,25.600,16.800,6.400,94.200,84.600,84.400,95.400,98.600,96.800,,50.700,0.000,22.400,76.200,97.700,99.300,,2.800,0.300,100.000,722.000,1070.000,9.900,6.700,3.600,0.300,4.300,4.900,98.500,14.900,81.600,45.400,51.500,11.400,52.500,8.100,20.400,11.100,25.900,14.100,7.100
India,Tamil Nadu,Virudhunagar,"Calendar Year (Jan - Dec), 2019",59.700,56.900,68.100,66.300,2607.000,100.000,50.000,65.600,44.300,0.000,21.600,76.700,77.700,95.300,90.400,81.400,71.000,100.000,100.000,4.800,95.300,55.800,6.600,58.900,,74.800,,6.800,7.600,29.200,23.700,14.400,39.100,100.000,,86.500,,,,,1.000,71.900,91.700,1.800,2.200,0.800,80.500,61.200,23.100,2.200,90.500,89.500,51.300,3.100,0.500,97.800,66.300,0.000,22.800,18.800,8.300,21.600,10.600,22.900,13.300,6.000,69.500,58.300,65.000,83.400,80.200,86.300,,57.100,0.200,21.400,59.800,97.400,99.500,,9.300,0.000,99.300,730.000,1109.000,18.500,6.400,2.900,0.500,1.800,3.600,97.300,15.500,84.100,37.400,51.900,14.100,53.500,6.200,19.200,10.300,20.200,10.200,4.300
India,Tripura,North Tripura,"Calendar Year (Jan - Dec), 2019",72.300,69.300,78.300,54.400,4418.000,86.700,18.200,42.800,14.700,0.600,12.600,69.600,67.900,77.500,74.600,74.100,50.900,93.100,74.600,0.000,97.600,9.500,25.100,52.500,0.000,60.300,0.000,9.000,18.100,26.200,32.200,30.000,61.100,93.500,58.100,77.400,0.000,0.000,0.000,69.400,4.600,62.200,85.900,0.000,0.200,0.000,86.400,10.900,13.500,1.300,41.600,99.200,28.700,1.100,0.000,85.400,65.200,0.100,33.500,64.000,12.800,22.900,9.200,19.300,10.300,5.200,17.300,3.800,75.500,67.100,76.600,95.000,0.000,69.600,35.300,26.200,74.100,75.600,96.200,55.300,5.700,0.700,93.800,913.000,1040.000,11.800,6.100,2.500,6.100,52.500,11.900,74.200,34.200,83.100,16.800,56.000,18.600,23.700,10.600,18.300,7.300,18.800,9.800,4.500
India,Tamil Nadu,Ramanathapuram,"Calendar Year (Jan - Dec), 2019",52.200,53.600,72.200,68.100,3729.000,99.300,47.500,62.500,42.100,1.100,13.800,90.400,91.100,90.400,88.700,96.500,62.100,96.500,96.500,6.700,93.300,39.400,14.500,57.200,,75.000,,6.300,6.000,26.400,21.600,17.700,58.400,99.000,,95.800,,,,,2.500,82.700,87.800,5.300,12.800,0.400,80.300,56.600,28.000,0.000,82.700,90.600,69.700,6.500,0.800,99.600,72.500,0.000,29.900,22.800,7.900,20.200,10.700,28.200,18.400,7.400,77.100,56.000,82.900,88.200,94.900,89.100,,53.800,1.000,24.400,78.600,93.900,99.300,46.700,3.300,0.000,100.000,787.000,1147.000,19.900,7.900,3.900,0.600,1.100,6.000,98.300,14.700,84.100,34.100,66.900,15.700,53.700,8.000,17.200,7.700,23.300,14.100,6.000
India,Assam,Kamrup,"Calendar Year (Jan - Dec), 2019",72.500,71.500,38.700,32.300,8654.000,88.500,32.800,72.400,31.100,0.000,6.700,63.600,73.000,86.100,73.200,70.100,38.100,90.500,83.000,6.100,93.900,17.400,6.500,72.900,0.000,64.000,0.000,7.500,5.300,22.600,19.700,14.800,45.500,91.400,0.000,67.000,0.000,0.000,0.000,52.900,4.800,58.900,52.400,0.000,0.200,0.300,79.400,8.000,17.100,4.300,57.400,98.200,47.000,3.400,0.300,85.000,69.800,0.000,19.100,44.700,9.300,19.600,7.300,19.200,10.500,3.700,42.500,24.300,57.000,46.900,61.400,85.900,0.000,71.700,15.800,25.600,68.700,92.100,94.800,66.500,5.000,1.500,95.500,701.000,997.000,6.500,17.600,7.700,3.200,14.300,15.700,62.100,21.900,79.600,23.500,75.100,12.900,39.200,7.100,18.100,8.400,22.200,12.000,3.900
India,Jharkhand,Sahebganj,"Calendar Year (Jan - Dec), 2019",67.600,71.500,50.400,34.000,1546.000,75.700,4.900,46.400,4.100,3.700,7.600,66.000,72.600,74.500,73.600,68.800,70.900,95.700,76.400,0.900,99.100,25.900,4.500,72.600,,67.100,1.300,2.600,5.800,49.100,44.800,19.700,23.600,78.900,82.600,61.000,,,,58.900,1.800,56.800,49.500,0.200,0.200,0.900,57.300,23.200,32.900,14.000,17.400,98.200,34.800,1.000,0.400,64.700,59.500,0.000,34.400,47.200,8.000,17.100,8.500,16.600,10.600,3.800,15.000,7.300,67.100,36.200,64.800,83.800,,72.100,2.700,39.400,43.200,88.200,91.600,63.600,3.400,2.200,94.100,984.000,1092.000,8.200,13.200,3.200,6.700,4.700,18.900,58.400,39.900,48.800,14.300,66.400,28.500,18.600,6.800,12.800,5.700,15.000,8.200,5.200
India,Madhya Pradesh,Ratlam,"Calendar Year (Jan - Dec), 2019",60.500,59.500,72.600,68.300,1729.000,96.100,12.300,50.200,9.400,2.100,18.100,93.000,95.500,94.400,94.400,93.000,91.500,97.300,94.400,1.500,98.500,40.900,10.900,74.000,,86.000,,1.200,4.200,29.000,28.600,16.200,41.600,97.300,78.600,87.700,59.600,92.500,70.400,69.900,12.400,70.900,81.200,0.200,0.200,0.200,66.200,51.600,29.300,1.900,53.100,98.800,37.900,0.500,0.200,95.200,87.100,0.600,15.600,33.900,5.300,9.700,4.300,24.000,18.300,5.400,66.000,50.300,80.200,65.100,84.600,94.900,,59.400,1.900,28.200,69.400,91.000,99.000,61.700,9.300,3.300,99.300,1067.000,991.000,16.700,7.000,3.500,0.200,3.900,7.600,59.600,31.300,62.400,17.000,30.800,23.400,23.800,3.600,7.900,4.200,21.300,13.400,6.300
India,Uttar Pradesh,Farrukhabad,"Calendar Year (Jan - Dec), 2019",58.300,56.900,67.200,40.000,1611.000,74.700,10.000,38.800,4.200,4.300,16.100,68.500,83.700,82.700,79.000,72.200,34.700,95.300,85.600,0.000,98.000,33.600,4.500,77.100,48.500,71.000,0.000,4.700,6.100,47.800,31.100,14.300,32.900,67.700,58.600,72.000,,,,67.500,24.600,81.300,47.000,0.200,0.100,0.400,67.100,8.300,29.600,7.100,45.500,77.500,13.500,2.300,1.600,69.300,48.800,0.000,19.700,49.000,3.900,7.100,2.700,14.800,12.100,1.900,24.500,10.500,71.400,41.500,72.500,94.800,7.900,57.500,2.600,32.700,72.600,99.700,91.800,47.700,4.600,4.100,91.700,789.000,972.000,14.800,7.700,3.500,0.300,6.400,4.100,61.000,18.800,63.100,15.700,51.700,18.300,33.300,3.300,6.700,2.900,13.800,9.100,3.400
India,Uttar Pradesh,Bulandshahr,"Calendar Year (Jan - Dec), 2019",54.000,52.000,72.900,40.400,1709.000,86.700,17.000,40.000,6.500,4.800,9.900,67.300,84.700,80.000,81.000,70.900,65.600,92.900,77.900,0.500,92.500,33.600,5.900,64.100,,69.600,1.800,2.900,2.600,37.600,26.500,13.800,21.700,73.800,49.700,82.800,77.800,38.900,13.400,82.200,22.300,64.000,66.200,0.200,0.000,0.000,67.700,13.700,19.600,5.100,48.400,95.700,20.500,1.900,0.500,83.500,49.100,0.300,17.200,34.400,6.900,14.900,7.500,26.200,18.800,6.500,30.400,7.800,78.300,47.600,82.500,94.800,5.100,51.500,1.400,31.300,81.500,100.000,96.300,61.200,5.400,1.800,97.100,841.000,979.000,8.900,5.100,1.800,0.200,4.100,5.500,79.000,12.800,69.200,32.200,46.400,15.800,37.800,6.700,12.800,5.700,21.200,13.000,6.400
India,Punjab,Mansa,"Calendar Year (Jan - Dec), 2019",63.500,60.400,67.600,57.200,2903.000,93.500,30.300,45.100,29.800,2.400,9.900,79.100,88.800,93.200,89.900,85.300,55.500,97.700,89.300,3.300,94.400,34.000,10.000,78.200,,68.500,,3.100,3.400,36.600,22.700,12.100,60.700,98.100,55.000,83.200,,,,49.900,15.700,66.700,84.300,0.300,3.400,0.000,63.600,30.900,19.000,5.700,52.300,97.300,18.400,7.300,0.000,88.800,63.800,1.000,28.400,16.900,4.400,10.900,5.800,42.200,25.900,14.800,48.800,31.600,66.900,49.400,84.300,89.900,,60.200,2.200,23.000,85.400,99.300,99.500,68.200,2.900,5.800,94.900,871.000,924.000,11.700,7.200,2.800,0.300,0.400,2.700,88.000,11.500,67.400,32.900,65.100,16.100,37.500,5.300,11.600,5.700,30.200,17.100,9.600
India,Meghalaya,West Jaintia Hills,"Calendar Year (Jan - Dec), 2019",54.200,55.900,19.300,17.500,2917.000,50.700,6.200,34.400,8.300,4.800,25.700,59.700,84.100,77.000,72.000,65.200,4.800,90.900,72.300,2.300,93.300,22.400,33.300,54.600,77.700,63.200,0.400,3.000,4.000,48.700,28.300,9.700,88.500,81.700,46.400,30.800,67.600,71.300,41.900,79.100,1.000,70.400,55.700,0.100,0.500,0.400,73.800,4.500,31.400,7.700,20.700,97.300,65.600,2.500,2.400,42.200,31.900,0.000,36.900,64.700,4.400,7.800,2.800,15.500,8.600,3.200,32.700,19.800,44.000,43.100,28.600,79.200,20.800,55.300,7.100,44.800,75.100,70.600,75.400,64.600,13.700,4.800,88.100,1036.000,1143.000,24.500,29.300,21.700,1.300,44.800,11.900,32.600,19.900,80.000,15.400,59.100,9.600,24.700,3.800,8.800,3.500,18.000,9.000,3.300
India,Madhya Pradesh,Rewa,"Calendar Year (Jan - Dec), 2019",65.300,61.700,70.700,59.900,2318.000,79.900,9.700,,9.500,5.500,11.200,70.300,77.700,92.200,86.600,70.300,68.000,96.100,93.500,0.000,97.200,39.800,12.300,78.000,,82.200,6.000,2.900,8.300,37.000,31.500,18.700,35.900,93.800,65.900,77.800,68.500,50.500,33.200,69.500,6.400,66.300,55.100,0.000,0.300,0.200,65.200,46.700,24.200,4.100,21.400,92.100,29.400,1.300,1.000,80.400,76.400,1.200,17.600,55.300,7.500,14.400,6.400,20.100,14.900,4.200,29.900,18.300,51.700,33.000,77.700,95.500,,61.700,1.200,28.600,46.100,82.100,96.500,60.500,12.000,2.800,96.200,954.000,1055.000,10.100,8.800,3.800,0.600,7.600,4.800,40.300,28.200,62.300,18.200,57.500,16.500,23.100,6.400,12.400,5.700,17.600,12.700,3.700
India,Odisha,Deogarh,"Calendar Year (Jan - Dec), 2019",73.500,72.200,74.100,42.800,4319.000,90.800,15.900,54.600,10.300,0.900,13.000,100.000,97.100,100.000,100.000,100.000,97.200,100.000,100.000,0.000,100.000,47.000,9.800,61.500,,80.900,,3.200,12.100,28.400,34.300,27.300,71.500,92.400,,89.000,77.900,62.200,43.400,84.600,3.800,71.400,67.900,0.000,0.900,0.200,71.800,21.900,21.000,3.700,18.400,98.800,57.500,4.100,0.200,91.200,76.600,0.000,44.200,59.200,8.200,16.900,7.900,27.500,17.000,7.800,60.200,31.700,75.200,77.500,88.500,94.200,,72.100,11.900,25.000,69.900,86.200,95.300,,13.400,4.400,100.000,822.000,1053.000,13.000,6.800,2.400,6.900,20.800,8.500,79.400,19.200,66.700,13.400,54.700,23.300,31.300,5.600,10.700,4.500,20.100,11.800,5.500
India,Tamil Nadu,Thiruvarur,"Calendar Year (Jan - Dec), 2019",49.000,58.200,70.200,66.700,4590.000,100.000,60.600,80.500,48.800,0.600,19.100,97.100,97.100,97.100,97.100,100.000,78.700,100.000,100.000,8.100,91.900,59.000,24.200,45.000,,70.900,,3.000,6.800,19.800,21.500,18.400,45.000,97.200,,92.200,,,,,1.600,78.400,86.800,10.400,17.700,0.700,84.900,59.000,26.200,0.000,58.900,94.600,75.200,4.300,0.000,100.000,62.700,0.200,32.200,24.300,8.700,25.900,15.400,31.000,18.000,7.800,86.300,65.500,80.500,92.300,89.500,86.800,,58.300,0.300,19.600,71.000,100.000,98.600,,4.300,0.700,97.200,901.000,1131.000,18.700,9.600,4.700,0.400,11.500,2.700,98.400,9.100,89.300,37.200,58.900,15.400,57.500,10.600,26.500,14.400,23.800,14.400,5.100
India,Punjab,Pathankot,"Calendar Year (Jan - Dec), 2019",57.400,55.000,62.600,42.700,3141.000,95.000,52.900,75.100,39.100,0.000,4.700,77.400,74.500,91.900,89.400,77.400,72.100,92.200,91.900,2.900,97.100,24.200,0.000,68.300,,65.800,,7.800,2.900,22.100,10.800,10.300,41.400,98.600,49.400,82.400,,,,,22.200,81.300,95.800,0.400,0.900,0.500,82.800,15.500,25.100,2.100,79.800,96.600,27.000,1.700,0.000,94.800,50.900,0.000,24.300,15.800,5.100,10.100,4.500,32.500,23.900,7.500,61.300,43.600,63.500,52.400,88.500,97.300,,55.800,2.800,20.900,79.200,98.600,99.900,31.800,2.700,0.400,97.900,756.000,952.000,8.700,10.500,3.600,0.300,0.400,2.700,96.800,4.600,88.700,40.000,84.700,11.000,74.000,4.700,15.100,9.300,33.000,20.400,10.000
India,Maharashtra,Aurangabad,"Calendar Year (Jan - Dec), 2019",47.400,52.400,48.100,46.000,4039.000,96.300,17.500,19.500,17.900,1.000,11.900,56.700,81.700,89.000,75.400,62.400,27.800,94.200,81.500,1.600,98.400,11.800,31.600,64.500,0.000,69.200,0.000,2.800,11.800,34.200,42.900,26.400,39.900,94.500,75.700,82.600,55.700,55.100,30.800,64.200,11.700,44.400,83.200,0.200,2.500,0.400,78.400,28.800,11.800,3.100,78.400,98.900,12.400,2.400,0.300,94.800,61.100,0.000,13.700,33.800,8.000,14.100,5.000,20.900,14.300,4.000,14.500,6.900,65.200,57.200,76.400,86.200,0.000,52.600,2.800,27.400,69.100,91.700,97.000,48.200,12.600,4.100,95.000,875.000,978.000,11.700,17.100,5.100,0.200,7.900,12.400,77.300,35.800,83.100,24.400,24.700,20.300,48.400,6.500,13.100,5.500,20.800,11.500,5.200
India,Madhya Pradesh,Dindori,"Calendar Year (Jan - Dec), 2019",64.200,65.200,78.100,70.400,193.000,84.300,2.100,,2.100,3.000,13.000,80.300,81.700,83.300,80.200,88.600,66.600,96.400,85.400,0.000,100.000,29.700,16.300,78.100,,76.500,16.400,1.900,4.600,38.900,33.600,15.800,48.400,98.100,85.500,80.900,,,,30.600,2.200,73.400,79.800,0.200,0.200,0.200,64.800,62.400,38.300,7.000,12.100,88.400,47.200,1.800,0.700,77.600,76.600,0.600,36.000,60.600,4.400,10.600,6.000,27.700,21.000,6.300,52.600,37.500,79.500,56.500,82.900,95.800,,65.000,1.000,27.200,47.900,66.100,97.400,69.800,6.900,4.800,99.500,903.000,1037.000,12.900,3.500,2.500,6.800,22.800,8.700,37.500,21.100,63.700,7.900,37.200,29.300,25.800,4.500,8.800,4.000,25.200,16.200,7.900
India,Madhya Pradesh,Dewas,"Calendar Year (Jan - Dec), 2019",59.000,51.300,63.600,61.200,2815.000,91.900,13.500,63.100,7.500,1.900,10.600,87.100,95.000,94.900,91.800,88.500,79.500,96.700,96.500,1.300,98.700,42.200,21.400,79.400,,86.700,,4.500,7.600,36.800,30.700,20.400,36.300,94.700,79.100,82.700,68.900,72.400,46.500,64.700,9.800,64.900,72.400,0.000,0.200,0.800,68.600,45.500,15.100,3.600,51.000,99.100,35.100,0.900,0.800,92.200,80.300,0.100,15.400,42.100,5.200,9.300,3.500,28.600,18.300,9.000,58.000,40.800,61.900,49.100,84.300,92.100,,51.800,3.600,25.000,69.600,93.600,99.600,37.300,8.500,4.700,96.100,885.000,946.000,13.100,7.700,3.100,0.500,7.300,2.200,68.800,28.100,64.200,19.200,29.600,22.500,27.700,4.000,7.900,2.900,24.400,14.300,7.600
India,Delhi,North East,"Calendar Year (Jan - Dec), 2019",50.100,45.900,79.000,57.800,1991.000,89.800,23.500,48.600,19.500,0.600,31.800,86.400,83.200,93.400,89.200,86.400,43.600,95.700,91.600,7.700,92.300,31.300,14.600,62.500,,42.800,,6.200,3.800,38.700,21.800,8.800,50.300,95.600,74.800,85.900,63.100,61.200,46.400,69.900,34.200,72.400,91.300,0.000,1.000,0.000,82.700,12.900,20.500,1.100,99.700,96.300,19.400,6.800,0.200,89.200,68.300,0.300,14.600,24.100,3.800,14.500,9.600,37.000,24.900,10.100,78.100,55.800,81.600,86.200,82.600,95.500,,46.100,1.700,25.800,89.500,98.200,99.900,39.400,11.500,2.300,94.300,936.000,906.000,29.500,5.100,1.700,0.200,3.100,1.600,98.600,5.000,83.800,43.300,64.700,9.600,59.800,3.600,12.900,7.500,27.200,16.600,7.500
India,Mizoram,Khawzawl,"Calendar Year (Jan - Dec), 2019",31.565,25.838,49.784,49.379,4382.716,97.485,6.758,0.000,5.956,1.398,3.703,85.287,87.133,90.372,90.361,87.658,2.347,97.428,92.547,0.000,100.000,30.360,4.825,38.408,0.000,63.162,0.000,10.558,7.529,27.302,13.129,12.018,70.437,100.000,1.413,51.899,0.000,0.000,0.000,0.964,2.485,69.774,98.192,0.619,3.793,0.213,93.376,22.351,24.732,1.578,79.453,99.776,64.765,4.165,0.196,96.689,91.483,0.000,21.325,74.493,7.395,13.898,6.089,19.557,13.868,3.882,74.272,12.489,79.948,63.333,72.601,85.883,0.000,26.221,19.598,27.240,98.298,98.580,99.985,16.299,0.853,0.007,99.985,733.915,944.818,5.744,11.302,8.376,1.574,66.614,4.565,94.961,10.918,97.743,22.924,51.998,5.802,47.698,6.902,13.417,5.800,16.003,9.070,4.457
India,Nagaland,Tuensang,"Calendar Year (Jan - Dec), 2019",28.500,28.800,52.600,37.400,3394.000,39.200,1.500,0.000,4.300,3.800,14.800,39.900,58.800,56.500,49.100,47.600,1.900,75.600,53.300,2.100,94.600,9.800,5.500,38.800,71.400,26.100,0.300,5.500,10.300,37.100,34.200,24.600,69.400,66.000,27.100,30.200,0.000,0.000,0.000,13.800,3.200,51.700,26.500,0.700,0.900,0.500,80.500,9.900,7.900,4.800,19.700,98.200,22.000,15.600,0.500,34.800,34.100,0.000,18.500,50.200,7.000,10.500,3.400,24.300,17.100,6.800,3.300,0.900,27.100,4.400,29.500,69.000,8.400,29.300,5.800,32.800,92.000,90.400,96.600,20.000,5.500,1.800,90.900,902.000,946.000,13.000,12.900,5.900,0.600,14.900,6.700,72.800,10.400,77.800,10.800,58.800,15.900,27.000,4.300,6.400,1.900,20.400,12.300,7.800
India,Bihar,Saran,"Calendar Year (Jan - Dec), 2019",70.900,62.800,41.100,31.400,2903.000,79.100,8.000,43.900,1.900,4.200,5.900,72.000,85.700,89.100,83.100,75.700,16.200,95.200,88.900,0.900,99.100,31.100,7.200,69.800,58.700,50.200,1.900,2.000,10.000,39.700,45.000,28.800,28.200,73.100,45.000,58.300,72.100,51.500,36.800,71.400,4.900,36.700,43.800,0.800,0.500,0.300,64.800,23.600,18.000,8.600,36.800,92.900,9.400,0.400,0.500,73.000,57.200,0.000,17.400,44.000,7.900,18.100,8.400,19.300,12.700,2.600,14.800,8.500,44.400,30.700,54.100,88.100,0.000,63.000,1.700,35.300,37.200,99.700,93.600,59.100,15.900,1.600,94.300,779.000,1077.000,7.100,17.300,7.700,0.600,4.200,6.200,59.000,26.200,65.600,19.100,50.700,22.100,35.500,8.100,16.500,6.800,16.700,8.400,3.300
India,Bihar,Aurangabad,"Calendar Year (Jan - Dec), 2019",56.900,60.500,69.400,53.500,1804.000,84.600,10.200,52.700,3.100,3.600,6.300,89.700,90.600,95.900,91.200,91.300,6.100,99.400,96.800,0.000,99.200,33.300,12.000,68.400,0.000,63.900,1.400,4.700,18.500,41.200,48.700,32.900,35.500,75.400,61.800,72.000,83.500,64.400,36.900,84.400,4.300,52.800,33.900,0.000,0.000,0.000,65.000,44.200,26.600,9.100,38.900,92.400,15.400,0.900,0.600,77.500,61.900,0.000,23.900,46.700,8.900,14.100,4.100,15.300,10.400,3.200,20.300,9.400,53.600,29.300,71.500,93.200,0.000,60.900,2.500,35.200,47.100,100.000,97.700,53.100,7.100,2.500,92.300,886.000,1074.000,5.800,7.200,3.500,1.100,3.300,7.300,68.400,27.300,67.600,10.000,52.400,25.800,36.900,6.500,10.600,3.700,16.200,10.400,4.200
India,Tamil Nadu,Tirunelveli,"Calendar Year (Jan - Dec), 2019",54.500,51.000,69.800,64.400,3281.000,100.000,60.200,68.000,51.500,1.200,0.000,93.300,95.500,95.500,93.300,93.300,72.300,97.700,97.700,9.200,90.800,41.300,12.700,49.900,,69.000,,3.700,3.100,29.400,22.700,12.000,50.900,100.000,,93.000,,,,,2.700,77.400,98.300,5.500,18.900,0.200,84.400,55.400,23.500,0.000,87.900,89.900,61.300,5.000,0.300,100.000,47.200,0.200,17.300,16.300,7.600,22.300,13.400,25.500,15.500,6.400,87.400,65.500,84.500,85.000,92.900,90.800,,51.500,0.000,22.100,79.800,98.100,99.500,,2.700,0.000,98.000,939.000,1109.000,8.700,7.100,3.700,0.000,0.700,4.300,97.200,10.700,85.600,40.200,58.800,13.500,54.200,6.700,21.000,12.400,22.100,12.800,5.800
India,Bihar,Sitamarhi,"Calendar Year (Jan - Dec), 2019",61.400,61.700,52.800,41.000,2538.000,69.600,8.500,40.800,5.300,6.300,17.400,66.600,76.100,78.300,77.700,70.400,0.900,92.700,78.400,0.000,100.000,27.300,9.500,70.000,0.000,60.000,1.000,2.200,4.700,54.200,40.800,16.200,22.600,78.900,63.700,57.300,63.900,69.600,18.300,67.700,2.100,52.200,35.600,0.000,0.000,0.000,59.100,33.900,17.300,7.900,40.500,95.000,20.700,1.200,1.500,64.400,49.900,0.000,12.700,55.400,8.800,14.600,5.300,17.900,10.800,4.800,14.300,9.600,57.800,20.300,51.100,87.600,0.000,61.800,1.300,38.200,50.700,99.700,93.100,59.700,26.600,3.400,91.100,1009.000,1209.000,16.300,17.000,7.100,0.100,6.400,13.100,47.600,46.800,51.700,13.900,59.500,31.800,19.200,6.200,12.300,5.600,17.800,9.900,4.300
India,Tripura,Gomati,"Calendar Year (Jan - Dec), 2019",63.200,62.300,65.500,48.700,10954.000,94.100,23.600,0.000,23.400,0.000,13.400,67.100,85.100,83.900,80.600,75.600,34.800,91.800,89.900,0.000,95.100,16.700,30.900,70.700,0.000,73.400,0.000,3.400,11.200,22.700,29.000,27.600,24.800,92.900,46.600,68.600,0.000,0.000,0.000,62.800,2.200,40.200,70.800,0.400,0.700,1.200,80.100,8.600,13.100,0.500,47.700,99.000,29.900,0.000,0.000,93.200,90.000,0.100,33.700,55.800,8.400,17.400,8.000,21.400,13.100,3.400,22.000,6.600,54.000,40.600,66.300,91.700,0.000,62.600,37.100,24.200,77.400,87.700,98.800,52.800,9.800,1.600,91.100,1043.000,1011.000,12.600,12.100,3.700,9.400,49.600,24.400,71.500,42.800,77.200,19.600,72.500,14.100,22.800,7.900,16.800,7.500,19.800,10.500,3.600
India,Odisha,Jajapur,"Calendar Year (Jan - Dec), 2019",74.100,63.400,76.200,44.900,5002.000,96.100,25.800,75.500,15.000,0.900,14.600,79.500,70.500,91.000,91.000,81.300,67.700,98.200,96.500,0.000,100.000,44.900,8.500,66.400,,90.000,,2.200,6.400,25.500,21.800,15.900,60.800,91.400,53.700,91.800,57.700,57.400,28.800,62.600,7.200,54.100,61.900,0.600,4.600,0.600,78.700,27.100,11.900,1.700,28.400,98.700,53.900,1.900,0.100,93.800,74.400,0.000,21.900,58.800,7.000,17.500,9.600,28.000,17.600,7.200,49.000,21.200,65.200,73.800,92.400,94.700,,63.400,7.800,25.400,47.400,92.000,97.000,62.400,12.000,9.100,99.200,898.000,1018.000,13.900,9.000,2.000,3.400,34.400,7.700,83.400,11.400,75.800,21.300,58.500,24.400,38.000,6.600,15.200,7.700,23.800,13.600,6.100
India,Gujarat,Junagadh,"Calendar Year (Jan - Dec), 2019",55.500,58.800,48.000,42.300,1272.000,97.700,23.000,33.900,17.300,1.600,5.200,93.500,93.400,95.000,93.200,95.000,2.000,95.300,96.900,1.900,98.200,36.300,5.500,74.700,0.000,87.000,0.000,4.400,7.100,37.300,26.400,17.300,32.500,97.800,0.000,82.800,0.000,0.000,0.000,0.000,11.100,69.000,94.300,0.200,0.400,0.400,73.800,25.900,26.500,0.800,67.200,97.400,47.300,2.900,0.000,97.400,60.300,0.100,2.900,54.400,10.100,19.300,8.200,20.800,14.600,3.800,39.600,28.000,82.000,72.500,84.100,88.200,0.000,58.800,2.000,21.600,81.700,97.000,99.300,57.300,7.500,1.500,100.000,876.000,999.000,5.200,13.800,4.000,0.200,13.800,5.000,75.200,11.200,82.800,33.400,37.700,18.700,35.000,9.200,18.500,7.600,23.300,12.700,5.600
India,Punjab,Faridkot,"Calendar Year (Jan - Dec), 2019",58.900,63.200,56.300,47.700,3455.000,97.700,26.000,35.900,24.000,2.800,10.900,70.800,81.500,86.500,74.400,72.500,41.100,95.700,86.100,8.200,90.100,24.200,6.700,76.100,,76.500,,2.700,2.800,28.100,20.700,10.300,47.600,97.800,55.700,84.300,27.400,67.900,12.300,51.100,17.100,78.400,91.800,0.300,0.900,0.700,71.700,24.700,13.400,4.400,79.100,94.000,20.400,3.000,0.300,94.300,66.300,0.200,27.600,18.600,7.900,16.500,7.700,35.400,21.700,10.900,48.100,34.600,62.600,53.400,81.700,86.100,,63.400,2.300,23.400,87.500,92.500,99.000,57.700,9.400,3.700,92.800,914.000,924.000,16.900,15.700,5.000,0.200,0.100,4.700,91.500,11.900,72.600,39.400,69.100,16.300,46.500,5.300,15.100,9.100,26.100,13.200,7.600
India,Madhya Pradesh,Shajapur,"Calendar Year (Jan - Dec), 2019",51.400,45.800,78.200,71.800,1974.000,95.400,10.400,46.800,6.900,1.900,7.200,90.000,89.200,97.200,96.000,91.400,70.600,98.600,97.500,0.000,100.000,49.800,21.800,76.100,,73.000,,2.500,9.700,27.800,27.600,23.400,43.400,96.300,79.500,88.200,,,,77.200,10.900,75.900,67.700,0.700,1.000,0.900,62.600,53.400,28.200,0.700,37.700,97.200,34.300,1.800,0.900,98.100,89.000,2.000,11.600,46.600,4.500,7.500,2.400,26.100,17.500,7.200,48.700,29.800,85.800,64.700,85.600,96.300,,45.900,1.900,25.000,74.500,91.800,99.900,44.500,4.000,1.800,97.900,1012.000,957.000,8.200,6.100,3.000,0.300,5.300,5.900,59.800,24.400,58.000,16.000,32.600,23.100,19.600,3.400,7.000,2.600,23.300,14.700,6.800
India,Punjab,Amritsar,"Calendar Year (Jan - Dec), 2019",49.700,52.100,68.900,57.600,3822.000,98.800,43.300,61.300,29.700,2.000,9.100,65.800,74.300,85.200,82.800,74.000,60.700,96.100,89.400,6.800,93.200,18.500,3.600,73.600,,66.900,,6.300,6.300,19.400,11.200,11.900,56.800,99.600,51.400,88.500,,,,,26.300,81.700,90.700,0.800,6.500,0.400,78.000,26.200,24.500,2.900,82.900,88.900,26.200,2.700,0.000,95.900,49.100,0.800,18.300,8.200,6.300,13.000,6.400,43.000,26.600,14.900,45.100,27.300,70.900,56.500,90.100,85.900,,52.600,0.600,22.900,86.000,99.600,99.900,35.100,2.900,1.600,98.600,1037.000,921.000,8.200,9.700,3.700,0.100,0.200,4.400,96.000,9.200,80.200,42.300,72.400,9.600,56.700,5.400,13.500,7.300,35.900,23.700,9.400
India,Manipur,Thoubal,"Calendar Year (Jan - Dec), 2019",19.200,24.200,72.200,17.800,13144.000,91.100,20.200,49.300,17.500,0.600,23.700,74.200,79.900,84.600,83.200,80.200,4.900,98.700,77.400,0.000,96.800,19.700,37.400,39.700,0.000,43.500,3.100,4.900,2.900,31.500,14.900,8.300,46.500,87.200,77.700,73.000,0.000,0.000,0.000,28.600,4.800,54.200,40.400,0.700,2.900,0.200,79.900,2.400,2.000,3.300,74.700,99.800,19.100,5.500,0.200,87.800,72.400,0.000,34.100,58.500,5.500,12.900,6.200,33.400,20.400,10.500,68.500,45.300,90.600,89.900,75.600,92.900,0.000,23.800,4.900,28.500,61.300,72.500,98.600,32.000,3.700,1.100,91.400,909.000,1095.000,22.900,6.000,2.300,1.000,47.900,7.500,81.600,17.500,85.400,31.300,74.900,7.300,40.700,4.200,10.600,5.400,23.200,13.800,6.500
India,Madhya Pradesh,Guna,"Calendar Year (Jan - Dec), 2019",49.200,49.800,73.000,69.200,1544.000,92.800,6.700,62.200,2.300,2.800,8.200,78.800,81.700,83.700,83.800,82.200,83.000,95.400,87.000,2.100,97.900,43.100,6.500,75.100,,81.500,,1.600,4.300,31.900,25.100,10.100,44.100,97.100,81.800,87.900,,,,,8.000,67.700,79.600,0.200,0.400,0.200,61.400,56.600,35.100,1.600,34.500,95.900,43.100,0.600,0.600,98.000,90.600,0.100,12.800,42.100,6.100,9.600,2.700,18.200,12.800,4.200,60.800,43.400,84.600,68.300,78.000,97.200,,49.600,2.300,28.600,55.600,81.400,98.300,55.000,3.800,1.100,98.600,825.000,907.000,9.900,8.500,5.000,0.400,6.000,5.500,48.300,28.100,53.200,12.000,42.400,18.400,17.700,5.000,8.400,2.800,17.000,11.800,3.800
India,Madhya Pradesh,Sehore,"Calendar Year (Jan - Dec), 2019",50.500,45.300,53.400,51.500,3654.000,86.900,14.500,49.000,10.500,2.100,6.500,60.300,82.700,80.700,76.900,65.700,55.100,93.300,80.800,0.000,100.000,30.100,16.500,82.400,,70.500,,3.000,9.600,21.900,27.600,20.300,35.300,91.700,83.700,80.400,51.300,50.700,19.000,70.800,11.300,51.500,66.200,0.800,1.400,1.500,68.500,34.600,14.600,1.200,33.700,97.600,33.200,0.700,0.800,94.700,82.900,0.400,10.500,47.100,4.700,10.000,3.900,26.600,17.900,7.000,47.300,28.300,58.500,45.000,74.400,92.800,,44.800,2.900,25.600,75.200,92.200,99.200,58.800,8.900,2.800,95.400,824.000,894.000,5.500,14.700,6.100,0.300,9.700,4.200,49.800,21.700,64.300,20.600,36.800,27.100,28.200,3.300,8.200,3.100,26.000,14.100,8.000
India,Uttar Pradesh,Hamirpur,"Calendar Year (Jan - Dec), 2019",49.700,46.100,61.300,47.500,965.000,96.200,10.700,56.900,6.800,2.600,5.800,77.100,79.800,86.600,81.300,84.500,45.000,97.500,92.500,0.000,100.000,45.100,4.500,68.500,,87.100,,9.100,10.700,48.000,36.300,20.600,19.900,98.000,57.200,79.000,72.600,66.700,54.300,60.100,19.100,77.700,61.700,0.200,2.800,0.500,70.800,21.900,38.400,1.800,29.000,94.400,21.900,0.100,0.600,96.300,88.000,0.000,13.300,64.500,4.400,6.700,1.800,18.800,15.400,2.600,27.100,11.500,77.700,43.200,87.200,94.500,,46.400,3.800,28.200,77.700,99.400,94.600,34.500,8.400,2.700,99.700,882.000,1003.000,5.800,14.400,6.200,0.200,17.000,1.400,77.400,10.500,69.400,9.300,55.600,22.500,37.600,2.600,5.300,1.600,16.700,13.700,2.300
India,Bihar,Buxar,"Calendar Year (Jan - Dec), 2019",66.000,66.200,60.500,44.600,1686.000,90.600,7.700,19.100,0.700,5.800,8.400,75.000,81.700,90.500,89.600,75.000,6.300,97.300,90.500,6.400,90.400,35.700,18.300,68.300,45.900,50.400,2.200,4.900,15.100,39.600,45.300,33.200,36.900,77.100,33.000,68.300,87.200,49.200,26.800,81.600,3.800,67.300,40.500,0.300,0.300,0.000,64.800,35.100,31.400,2.800,44.700,93.500,11.400,1.000,1.400,89.500,50.900,0.000,11.400,42.200,6.600,11.500,4.500,10.500,7.400,2.000,21.100,9.800,61.500,27.400,66.900,93.400,8.100,67.000,2.400,32.700,52.400,99.800,98.500,55.100,10.400,3.700,92.200,886.000,1005.000,8.300,9.100,3.400,0.100,1.800,7.200,56.600,30.800,68.100,16.600,57.700,21.100,33.300,7.100,12.900,4.900,13.900,9.200,2.800
India,Bihar,Munger,"Calendar Year (Jan - Dec), 2019",73.800,71.400,68.600,49.000,2461.000,92.300,21.800,48.400,9.500,4.200,5.800,73.400,84.800,85.900,83.400,75.100,1.200,95.000,86.800,1.300,97.600,44.100,22.200,74.300,34.600,44.600,4.400,2.400,9.100,35.500,39.500,26.700,28.300,84.800,60.300,83.400,67.100,58.700,24.400,69.900,8.600,65.300,50.700,1.500,1.500,1.700,69.500,33.700,23.300,2.800,59.400,92.600,15.200,0.600,1.100,93.200,60.000,0.200,12.900,40.900,11.600,21.800,9.600,18.300,10.600,3.900,33.000,15.300,68.700,36.800,80.700,90.500,0.000,71.300,3.100,31.300,62.800,97.700,98.400,72.900,14.500,2.600,89.800,966.000,1032.000,5.100,10.300,5.700,0.100,2.500,9.600,80.200,34.700,69.500,20.900,70.700,23.700,44.400,9.800,19.500,8.700,16.100,9.800,3.500
India,Maharashtra,Gadchiroli,"Calendar Year (Jan - Dec), 2019",67.300,66.200,76.500,76.000,1847.000,98.200,17.300,0.000,12.500,0.400,5.400,97.900,95.600,97.900,97.900,100.000,7.900,100.000,100.000,0.000,100.000,45.100,21.800,76.600,0.000,88.100,0.000,9.500,13.500,35.700,35.400,30.000,66.000,99.600,0.000,93.700,0.000,0.000,0.000,0.000,10.100,58.300,92.200,0.900,1.100,0.900,67.100,50.600,32.700,1.800,60.500,97.700,33.300,0.600,0.200,97.300,90.500,13.000,34.700,61.400,5.400,10.300,4.300,17.200,11.100,3.700,70.800,34.800,84.600,86.800,91.500,91.400,0.000,67.100,1.200,22.700,62.400,83.000,95.800,39.300,4.700,3.200,98.000,1098.000,1048.000,4.500,5.600,3.200,3.100,26.500,5.100,80.900,10.100,79.400,5.600,45.100,24.300,42.300,4.300,7.300,2.300,17.000,10.400,3.100
India,Tamil Nadu,Cuddalore,"Calendar Year (Jan - Dec), 2019",55.600,58.600,65.300,63.500,3803.000,99.100,51.400,64.500,47.100,0.800,12.300,79.000,77.300,91.500,91.500,84.800,68.000,88.600,97.300,2.800,97.200,50.600,15.900,64.800,,72.700,,1.600,4.000,20.200,18.000,13.900,61.700,99.100,,93.900,,,,82.600,1.800,75.100,83.300,4.600,7.100,0.600,76.800,58.100,24.000,0.400,75.600,88.100,64.400,2.700,0.000,99.200,72.500,0.000,32.600,24.400,7.400,20.700,11.500,27.000,16.900,8.300,68.500,52.600,75.500,82.200,87.700,88.100,,58.600,0.400,22.900,61.300,99.500,99.200,,3.400,1.600,98.300,819.000,1062.000,23.200,9.200,3.600,0.600,7.500,4.900,99.100,12.600,78.300,35.100,55.200,14.800,50.100,8.300,20.500,11.000,20.100,11.800,4.500
India,Gujarat,Rajkot,"Calendar Year (Jan - Dec), 2019",72.700,60.500,78.800,53.500,668.000,100.000,24.700,34.300,11.400,2.300,13.600,84.900,85.600,88.100,88.100,89.500,0.000,95.800,88.800,13.200,86.800,37.000,2.200,77.000,0.000,84.200,0.000,8.100,7.300,38.900,37.000,17.600,45.200,97.100,0.000,98.300,0.000,0.000,0.000,0.000,16.500,86.200,96.100,0.000,0.500,0.100,78.400,26.500,48.100,0.700,83.600,98.600,45.100,8.000,0.000,99.300,40.900,0.100,1.200,53.400,8.500,15.400,6.200,14.500,8.900,2.400,60.600,42.000,94.000,93.500,98.100,94.800,0.000,60.600,2.400,22.000,85.400,99.500,99.600,0.000,4.300,1.200,98.200,1049.000,975.000,14.200,6.200,2.400,0.100,7.200,1.800,84.500,12.100,84.700,28.000,44.200,19.500,42.600,7.700,16.600,7.500,17.800,9.400,2.500
India,Punjab,Fazilka,"Calendar Year (Jan - Dec), 2019",66.000,66.900,68.000,56.300,1803.000,93.700,25.200,40.400,18.100,2.500,14.900,60.500,72.600,87.700,78.900,71.100,43.600,93.900,83.100,3.900,94.300,25.400,9.800,70.000,,57.600,,4.200,3.700,35.900,20.200,9.500,50.500,96.800,62.700,83.600,,,,56.700,20.100,68.600,79.900,0.200,5.200,0.000,70.800,28.600,12.200,3.800,57.100,97.100,20.600,4.300,0.100,91.700,53.200,0.200,20.800,17.500,6.200,14.000,7.200,36.200,25.300,8.900,38.600,25.900,65.200,36.500,84.300,84.300,,67.100,2.700,23.700,81.800,97.300,99.800,62.600,5.200,1.800,95.000,951.000,944.000,13.000,7.100,2.600,0.300,0.400,2.600,85.300,12.400,69.400,31.600,63.300,19.400,41.300,6.000,13.300,6.800,27.900,16.800,6.200
India,Uttar Pradesh,Ambedkar Nagar,"Calendar Year (Jan - Dec), 2019",55.000,52.700,48.900,20.700,2611.000,87.900,16.000,29.000,7.400,2.400,2.800,75.100,91.300,84.900,84.900,76.700,55.600,90.000,83.500,0.000,91.000,28.300,10.000,54.900,,80.000,,1.900,3.900,31.100,29.200,17.800,20.400,90.300,68.000,74.500,,,,62.100,4.600,62.600,57.400,0.400,4.800,0.400,71.600,12.700,20.200,3.700,32.200,98.300,23.000,0.400,0.400,92.200,49.800,0.000,16.500,52.900,8.500,18.400,9.300,22.000,13.600,6.900,25.200,11.600,61.100,44.500,76.800,94.600,,52.900,0.900,29.200,63.600,100.000,94.200,47.900,3.000,1.600,97.800,818.000,1097.000,5.000,22.900,6.900,0.200,12.800,0.000,77.500,5.500,76.200,20.300,47.200,26.700,53.000,7.200,14.600,6.600,17.200,9.100,5.600
India,Punjab,Gurdaspur,"Calendar Year (Jan - Dec), 2019",54.700,55.200,58.500,43.300,3575.000,92.700,47.600,69.400,34.400,1.600,9.900,80.000,90.200,88.600,82.300,87.000,66.300,91.800,87.800,9.900,88.200,27.300,5.000,70.100,,80.300,,6.500,4.500,25.100,15.300,9.500,50.500,98.900,43.800,83.800,,,,,20.800,96.300,89.200,0.200,0.300,0.000,79.000,17.100,27.700,3.400,81.300,95.200,23.500,3.300,0.200,92.400,47.100,0.300,21.300,7.900,6.000,13.800,6.300,39.200,25.700,11.200,56.100,43.400,69.400,61.100,86.000,94.800,24.000,55.700,1.700,23.700,85.400,97.600,99.100,43.100,2.300,1.300,98.700,746.000,952.000,14.600,15.400,6.000,0.600,0.400,8.200,91.800,6.500,82.000,41.000,82.600,11.100,64.600,5.200,15.100,8.400,36.800,22.000,11.200
India,Uttar Pradesh,Mirzapur,"Calendar Year (Jan - Dec), 2019",43.600,42.100,61.500,53.300,2576.000,88.600,17.600,43.700,8.000,3.300,4.200,68.300,83.300,77.700,77.700,74.000,55.500,92.900,80.900,0.000,100.000,30.000,2.800,59.800,,72.000,0.000,2.900,3.300,43.400,27.600,12.500,8.700,87.400,71.500,69.600,,,,60.800,9.000,66.900,44.400,0.200,3.300,0.800,69.000,32.400,23.600,1.600,42.500,97.000,15.000,1.800,0.900,91.100,62.100,0.000,14.000,42.200,5.400,11.300,5.000,29.000,18.600,8.100,11.600,3.300,55.700,36.500,69.800,94.200,,42.300,7.500,31.900,72.300,96.900,92.700,36.400,3.800,2.600,98.100,812.000,1003.000,4.600,14.500,6.100,0.100,5.400,2.400,75.400,16.600,70.900,22.300,58.300,20.900,43.800,3.800,9.400,5.100,21.700,13.700,6.300
India,Himachal Pradesh,Bilaspur,"Calendar Year (Jan - Dec), 2019",55.500,53.000,80.800,70.300,3360.000,87.600,19.200,26.200,19.500,0.500,11.600,100.000,100.000,100.000,100.000,100.000,90.300,100.000,100.000,0.000,100.000,57.900,3.500,44.800,0.000,75.400,0.000,5.000,2.800,40.100,38.800,12.000,51.100,96.900,0.000,90.000,0.000,0.000,0.000,0.000,12.400,49.800,93.400,0.000,0.400,0.200,81.300,53.100,25.000,0.500,35.800,98.700,35.400,0.400,0.200,91.700,72.100,2.500,26.200,33.300,9.800,19.900,9.100,20.300,12.100,4.600,72.400,48.900,76.400,81.400,92.900,92.400,0.000,53.400,1.500,22.100,80.800,92.900,100.000,0.000,6.300,0.000,99.300,875.000,1096.000,10.600,7.200,2.400,0.300,1.800,3.200,94.400,10.000,91.200,29.100,53.200,17.500,64.200,9.300,17.900,8.000,22.100,11.500,4.300
India,Maharashtra,Akola,"Calendar Year (Jan - Dec), 2019",60.300,52.600,77.000,72.800,1753.000,86.400,29.100,42.000,23.900,2.000,4.000,69.500,66.100,80.100,71.600,77.000,10.000,97.800,83.800,10.200,89.800,25.200,16.200,77.500,46.700,88.300,0.000,8.600,14.700,31.800,30.800,29.400,63.100,98.800,59.600,92.200,77.300,70.600,41.100,75.800,16.300,59.500,94.400,0.400,1.600,0.500,86.300,48.600,33.800,0.900,75.500,95.200,40.100,2.900,0.500,97.700,65.900,0.600,12.900,44.000,5.700,9.800,3.200,19.100,12.600,4.200,60.600,40.400,75.100,76.300,82.300,92.900,4.100,53.200,3.800,23.500,69.500,95.100,97.600,39.200,12.000,6.500,98.300,896.000,951.000,4.000,6.800,3.700,0.200,10.400,5.700,79.700,13.500,87.500,19.600,25.200,16.100,52.700,5.100,9.600,3.500,19.400,11.700,4.200
India,Delhi,South,"Calendar Year (Jan - Dec), 2019",42.000,46.200,83.200,62.000,2426.000,90.000,24.500,50.900,18.200,1.100,19.900,86.200,85.100,93.000,91.100,88.500,49.300,100.000,95.400,19.600,80.400,48.100,23.300,65.400,,37.800,0.400,7.100,1.700,33.400,18.900,9.400,46.600,98.300,70.900,81.300,,,,,31.500,64.400,87.500,0.200,0.400,0.400,83.500,21.900,10.200,7.100,97.700,98.600,28.700,6.100,0.400,82.000,52.600,0.200,25.100,28.200,5.800,15.900,9.400,30.400,22.300,6.100,70.800,49.200,82.700,85.600,82.900,97.800,,46.300,1.700,22.900,89.500,100.000,99.900,,9.500,0.900,96.600,985.000,922.000,17.800,2.600,0.800,0.700,3.800,1.500,97.200,6.600,86.100,40.000,75.600,10.100,61.600,4.800,12.100,6.500,22.300,15.200,4.500
India,Uttar Pradesh,Shravasti,"Calendar Year (Jan - Dec), 2019",46.400,44.400,49.800,35.600,1969.000,84.300,3.200,28.000,2.400,3.800,4.000,59.600,69.800,76.100,70.900,65.500,33.400,92.200,78.100,0.000,98.700,33.100,0.600,61.200,25.500,81.700,0.000,3.300,9.300,50.900,40.800,20.300,14.100,75.500,70.200,68.400,67.900,47.300,29.000,59.100,13.000,76.500,34.600,0.400,1.200,0.600,47.000,6.900,37.200,6.100,36.900,81.900,13.500,2.000,4.400,80.400,75.300,0.200,8.000,64.200,4.600,9.700,3.700,18.700,13.100,3.500,16.600,8.800,42.200,42.400,68.300,94.400,0.000,44.600,8.300,40.200,58.100,99.300,73.700,41.000,9.800,6.700,95.900,971.000,1037.000,3.400,20.100,8.700,0.300,24.200,5.300,47.400,51.900,39.100,13.700,56.800,22.800,15.900,3.900,8.100,3.600,18.400,9.800,4.600
India,Telangana,Hanumakonda,"Calendar Year (Jan - Dec), 2019",54.900,57.900,67.700,64.400,2825.000,93.000,69.300,87.900,44.200,1.300,5.500,70.100,86.800,83.300,80.000,72.700,1.600,89.200,91.800,8.600,91.400,54.900,11.600,67.000,0.000,78.500,0.000,4.400,12.600,29.500,36.000,29.500,29.800,82.400,0.000,92.300,0.000,0.000,0.000,81.500,1.200,49.400,77.700,0.000,1.400,0.400,70.300,50.100,27.800,0.000,94.600,96.600,62.000,0.400,0.000,99.700,41.900,11.200,43.300,14.000,7.900,19.000,8.900,32.700,17.600,8.500,63.700,38.900,88.400,71.300,92.600,96.200,0.000,57.800,0.700,20.200,81.200,99.100,99.600,0.000,8.700,4.300,96.400,829.000,1087.000,9.300,8.900,3.200,2.900,1.500,4.300,96.400,22.700,76.900,32.000,50.700,16.800,57.200,7.700,17.100,7.300,24.500,10.800,5.600
India,Jammu And Kashmir,Shopian,"Calendar Year (Jan - Dec), 2019",77.500,63.900,60.800,53.100,5792.000,97.500,31.700,0.000,29.700,0.400,18.600,92.200,100.000,100.000,100.000,92.200,2.900,100.000,100.000,0.000,100.000,47.800,0.000,57.100,0.000,69.700,0.000,2.900,17.400,22.000,33.500,32.800,42.900,98.800,0.000,83.000,0.000,0.000,0.000,0.000,8.800,49.800,85.600,0.000,0.400,0.000,71.400,20.200,8.700,0.400,66.100,98.500,8.400,4.500,1.100,98.300,94.300,0.300,0.400,47.000,2.900,5.100,0.900,14.200,11.500,1.100,34.400,7.600,80.800,86.800,84.500,92.300,0.000,65.500,16.400,23.000,86.500,99.200,99.900,33.500,2.700,3.800,96.900,1142.000,958.000,16.600,7.100,4.000,0.400,5.000,0.000,69.800,2.100,80.800,27.600,91.000,2.000,55.200,3.000,5.400,1.100,15.100,11.500,1.400
India,Kerala,Thrissur,"Calendar Year (Jan - Dec), 2019",36.500,44.400,69.700,61.500,5007.000,100.000,45.700,43.000,51.900,0.000,11.500,0.000,0.000,0.000,0.000,0.000,0.000,0.000,0.000,0.000,0.000,0.000,30.900,48.700,0.000,87.700,0.000,6.100,3.800,22.000,17.300,9.600,69.000,100.000,0.000,88.400,0.000,0.000,0.000,89.400,4.600,59.700,100.000,2.800,3.000,0.900,97.800,52.900,10.100,0.000,76.300,99.700,48.700,2.900,0.000,100.000,30.900,0.000,26.200,17.800,11.000,31.700,16.600,36.800,18.100,8.200,78.600,70.800,97.100,82.400,95.200,95.700,0.000,44.900,0.600,18.800,99.500,93.700,100.000,0.000,8.200,2.300,87.000,763.000,1167.000,14.300,10.900,4.900,0.200,2.300,1.000,87.500,1.000,99.400,42.800,71.600,10.900,79.200,8.900,28.300,15.100,31.400,14.300,6.100
India,Uttarakhand,Bageshwar,"Calendar Year (Jan - Dec), 2019",27.300,27.800,78.800,66.400,2542.000,85.000,12.400,,9.900,0.700,6.400,86.900,91.000,93.800,82.600,88.800,41.900,95.300,93.200,0.000,95.500,16.700,41.800,43.700,,37.000,0.000,3.500,3.700,23.600,11.900,7.700,37.000,94.700,,79.800,,,,,23.100,58.200,76.100,0.000,0.000,0.000,73.900,33.400,17.300,3.700,34.600,98.600,71.900,1.500,0.400,82.000,75.100,4.200,39.500,43.700,4.600,12.000,6.000,34.900,20.800,11.900,42.400,25.100,63.800,67.900,78.100,94.800,,27.800,2.600,24.600,88.500,92.000,99.800,27.600,4.000,1.800,99.400,940.000,1174.000,7.200,8.400,2.900,0.500,7.700,1.700,91.200,12.900,87.200,17.600,53.500,17.200,52.200,3.800,7.900,3.800,20.200,13.100,5.700
India,West Bengal,Kalimpong,"Calendar Year (Jan - Dec), 2019",60.100,59.200,82.200,67.000,2183.000,99.200,30.500,84.600,18.400,1.100,28.000,94.200,94.200,98.300,94.700,95.900,5.400,100.000,100.000,3.700,92.000,57.600,7.600,68.100,0.000,76.200,0.000,8.200,11.600,34.300,31.600,20.600,54.300,98.400,41.600,84.700,0.000,0.000,0.000,78.600,8.800,49.200,92.000,0.300,0.500,0.200,78.300,32.600,11.800,0.900,68.800,97.700,26.300,2.200,1.400,98.400,79.500,0.000,32.900,49.000,9.000,16.500,6.600,29.500,18.700,8.700,62.200,30.100,85.000,79.200,73.900,96.600,0.000,59.100,19.500,20.700,83.000,90.800,98.200,0.000,6.600,3.100,96.800,1059.000,1029.000,29.400,5.900,2.700,5.800,14.400,6.300,92.700,21.200,77.000,28.300,74.500,11.800,41.300,7.000,13.200,4.800,29.200,16.200,10.100
India,Maharashtra,Palghar,"Calendar Year (Jan - Dec), 2019",52.100,56.900,71.800,66.000,1948.000,95.700,22.600,54.400,10.900,0.900,2.300,94.000,90.800,100.000,96.800,94.000,0.000,100.000,100.000,0.000,100.000,31.300,33.800,70.300,0.000,72.700,0.000,9.300,10.500,33.000,37.100,23.900,60.100,98.800,0.000,96.500,0.000,0.000,0.000,70.900,12.400,53.000,91.700,0.400,1.800,0.000,77.500,49.600,21.600,1.900,75.000,86.500,18.800,1.200,0.200,94.200,65.900,0.100,22.400,26.200,6.500,12.900,5.600,22.400,16.000,4.100,65.300,44.300,84.700,86.300,97.000,94.400,0.000,57.200,1.900,22.600,75.100,91.100,97.700,48.500,1.800,4.700,92.900,747.000,963.000,5.200,8.200,4.000,1.400,8.300,4.700,83.800,14.600,77.600,17.000,61.900,27.900,48.300,4.900,12.200,6.100,23.400,16.000,3.600
India,Uttar Pradesh,Varanasi,"Calendar Year (Jan - Dec), 2019",42.000,37.600,72.500,60.900,3698.000,93.400,23.000,46.300,10.500,2.200,6.600,79.300,78.600,84.300,84.300,87.100,48.400,96.100,89.500,2.300,97.700,27.400,13.000,65.200,,80.500,,3.100,13.300,37.400,39.000,21.000,36.400,95.600,47.500,82.000,,,,,23.700,77.000,61.800,0.900,3.400,1.600,74.100,23.900,27.400,2.800,71.500,99.900,12.800,1.500,2.000,95.200,58.700,0.100,13.400,38.400,7.200,12.600,5.000,27.100,20.900,5.600,30.100,10.700,74.300,51.400,85.100,95.000,,38.200,9.100,27.300,83.200,98.400,97.200,17.300,4.400,2.100,99.000,885.000,951.000,5.800,8.700,4.200,0.400,5.500,0.000,85.600,10.400,79.000,22.600,67.100,15.700,55.000,4.300,9.300,4.200,19.000,13.300,3.900
India,Tamil Nadu,Vellore,"Calendar Year (Jan - Dec), 2019",47.200,50.600,65.200,63.200,2272.000,100.000,42.400,43.900,42.100,1.900,8.800,92.700,97.200,94.300,91.200,93.900,80.800,97.000,95.500,13.900,86.100,46.400,16.600,60.900,,71.600,,4.200,2.500,29.800,19.700,13.100,76.400,96.500,,96.700,,,,,0.500,98.900,91.700,0.500,1.800,0.200,80.000,59.500,32.700,0.500,85.300,93.800,71.400,3.100,0.200,99.500,67.600,0.000,23.000,14.400,8.000,21.400,12.400,25.600,16.800,6.400,94.200,84.600,84.400,95.400,98.600,96.800,,50.700,0.000,22.400,76.200,97.700,99.300,,2.800,0.300,100.000,722.000,1070.000,9.900,6.700,3.600,0.300,4.300,4.900,98.500,14.900,81.600,45.400,51.500,11.400,52.500,8.100,20.400,11.100,25.900,14.100,7.100
India,Uttar Pradesh,Muzaffarnagar,"Calendar Year (Jan - Dec), 2019",48.800,46.000,73.200,44.900,1747.000,89.900,22.400,33.300,18.700,4.300,18.300,69.500,79.600,75.500,75.500,74.100,62.200,91.100,77.600,4.100,93.800,23.600,4.400,65.400,,72.900,0.000,4.200,9.900,29.800,29.900,20.700,18.200,80.200,61.800,87.300,77.200,29.000,11.600,,24.700,78.800,70.500,0.200,0.200,0.200,69.100,14.400,17.600,4.200,59.800,96.300,8.200,1.600,0.100,87.000,45.000,0.200,13.700,31.700,8.500,14.300,5.800,24.200,16.600,6.800,34.500,8.400,75.500,44.000,88.500,94.000,10.600,46.200,3.600,30.400,80.100,99.900,97.800,40.200,6.400,0.500,96.400,865.000,957.000,16.100,5.000,1.900,0.300,3.700,1.000,78.100,7.300,72.100,28.100,67.700,11.100,41.800,5.500,11.500,5.200,21.600,14.900,5.000
India,Jharkhand,Garhwa,"Calendar Year (Jan - Dec), 2019",61.000,62.700,58.300,48.700,2256.000,88.200,10.200,48.800,3.300,3.700,6.200,77.200,82.900,86.000,84.800,78.200,79.300,96.800,86.100,2.200,91.800,29.300,9.700,62.500,,61.200,7.000,0.500,5.300,47.700,40.600,18.900,25.200,63.000,87.500,70.600,51.200,18.800,18.600,69.800,0.900,48.000,35.800,0.200,0.900,0.200,60.500,44.200,18.400,4.400,24.700,97.500,55.300,0.800,0.500,84.000,67.600,0.200,29.200,46.700,7.100,15.700,7.700,23.400,13.500,7.900,16.800,3.300,66.300,29.800,70.300,92.100,,62.900,0.400,33.300,54.100,92.500,85.000,58.900,6.600,0.200,87.100,829.000,1108.000,6.400,12.300,5.700,3.000,4.800,8.700,59.300,31.300,59.600,13.600,35.500,28.800,31.000,7.000,12.300,4.700,18.300,11.100,5.300
India,Uttarakhand,Uttar Kashi,"Calendar Year (Jan - Dec), 2019",66.100,60.900,73.800,60.200,3168.000,84.500,6.200,28.700,4.800,2.500,7.400,81.800,91.500,94.300,94.300,86.200,44.400,89.900,95.800,0.000,100.000,29.400,4.200,73.600,,55.600,0.000,2.700,5.400,34.100,23.500,10.600,61.700,94.100,52.400,72.400,,,,,11.700,51.500,81.100,0.100,0.100,0.800,69.000,42.300,34.200,0.400,32.600,87.200,80.300,1.300,0.500,85.900,77.000,2.700,26.900,35.100,4.400,10.900,6.000,24.400,16.500,6.300,46.900,18.900,77.100,66.800,72.000,95.300,,60.800,1.900,25.000,75.700,96.100,99.600,64.000,4.800,1.700,99.600,869.000,1024.000,7.600,7.700,3.900,0.500,2.500,4.800,90.200,5.700,80.100,21.500,59.700,12.900,53.600,4.500,8.200,3.500,19.000,12.500,5.000
India,Bihar,Pashchim Champaran,"Calendar Year (Jan - Dec), 2019",56.300,50.600,50.700,40.200,1882.000,78.400,6.400,25.200,2.800,5.800,9.400,62.100,82.700,74.300,73.400,74.700,1.000,88.800,79.900,2.000,96.800,21.400,9.200,61.600,0.000,62.000,1.400,2.400,5.400,43.500,30.300,13.200,25.900,71.500,64.200,64.100,59.700,56.800,16.400,60.200,2.700,38.900,29.400,0.000,0.300,0.000,59.800,34.500,21.000,4.000,31.400,97.700,20.000,0.200,0.700,79.500,60.600,0.000,10.800,48.100,5.900,13.400,6.800,22.600,12.300,7.800,9.900,6.500,55.000,25.400,57.300,89.700,0.000,49.800,1.000,36.500,43.300,99.700,93.500,61.400,22.100,6.600,83.900,904.000,1088.000,13.600,12.100,6.300,0.900,5.900,12.500,42.900,39.100,52.500,20.600,59.400,24.600,21.600,4.300,9.300,4.500,18.100,11.300,5.100
