Output Feature,Model,Actual Values,Predicted Values,RMSE,R2 Score
6,Linear Regression,"[62.4, 47.7, 50.0, 82.7, 74.7, 70.0, 71.2, 71.6, 69.1, 68.8, 75.0, 65.9, 74.1, 76.2, 78.7, 80.2, 67.7, 79.7, 65.6, 73.3, 85.0, 76.3, 60.1, 69.1, 66.4, 76.8, 42.6, 66.2, 74.7, 83.2, 19.2, 57.4, 76.2, 79.8, 58.2, 64.1, 75.2, 57.6, 65.2, 73.3, 60.4, 76.1, 54.2, 77.8, 58.9, 78.2, 78.8, 50.1, 70.3, 71.6, 77.9, 68.8, 59.9, 82.2, 41.1, 68.5, 59.2, 47.6, 60.3, 66.7, 53.8, 62.0, 78.1, 55.4, 74.4, 75.0, 80.0, 72.6, 72.0, 21.6, 71.0, 56.8, 65.6, 64.7, 77.3, 79.8, 76.7, 73.1, 69.1, 73.2, 65.2, 29.7, 74.2, 38.4, 48.9, 49.784, 75.0, 45.8, 84.1, 79.2, 84.7, 56.9, 67.2, 69.2, 73.2, 80.2, 56.5, 64.9, 78.2, 58.3, 63.6, 64.0, 44.0, 75.9, 46.8, 76.2, 62.0, 76.6, 76.5, 53.8, 73.8, 58.8, 66.8, 76.3, 74.4, 76.6, 63.7, 71.5, 50.1, 55.2, 85.8, 62.5, 53.7, 60.7, 75.3, 81.8, 59.8, 71.9, 61.6, 61.2, 54.6, 70.7, 74.9, 54.3, 73.1, 70.0, 78.9, 76.4, 63.8, 45.4, 79.0, 57.8, 50.7, 76.9, 73.0, 65.5, 75.2]","[58.14914560354646, 52.80347947603603, 60.463280009369214, 78.37871584995976, 79.17066698073566, 75.58550174192035, 65.32253300990277, 71.28415875454891, 68.09619131858159, 75.30990989096784, 72.52708079611189, 68.27584687445065, 72.03577871929487, 67.8975924171576, 66.96876137146268, 75.01353733304347, 67.42951018193003, 80.27670910737959, 62.4217673456827, 74.04926407115873, 74.50084743575144, 75.15530619780266, 53.718256126016186, 70.61992209281742, 66.08759491655789, 73.58607078577128, 42.10359422894615, 64.9296117030893, 72.34742524024283, 81.55018441529222, 22.227226577122035, 58.74249783289837, 76.5540514998396, 76.29190159079624, 57.51851913689033, 65.66656481831481, 73.58118183593115, 52.94280386587515, 73.36852853879236, 77.71509164203391, 54.49309593235158, 68.30151119096017, 53.58992920316614, 74.23136410194786, 53.94496381886975, 75.01170531192903, 77.98396252203185, 50.8089374697271, 70.74763656186181, 71.28415875454891, 76.18557494222685, 74.75810839495468, 78.3053869426601, 77.44744032934476, 35.96964101288869, 70.00090554695599, 63.69096615756082, 38.20983405760613, 61.902968931241745, 65.82483255370886, 41.466246791335436, 57.02904908118774, 76.73370705570866, 61.020577568725685, 69.65809330585274, 67.98069922413757, 79.72796454009213, 72.26248641214843, 64.23909827104265, 34.079593634034715, 73.48035659100753, 61.9420751896604, 64.90333493277414, 60.04224991112615, 75.70405076509012, 79.55564240898329, 77.75236587933813, 70.97006775868088, 74.30224853432745, 77.64359475584868, 73.15343076673352, 43.67771859081766, 70.60648015090825, 28.329396278916082, 40.59668491692289, 60.25717731758294, 74.11281507877811, 47.86723352597394, 76.63960278173963, 72.14454984278433, 83.11453087748343, 55.99694831564913, 70.48304217789837, 59.69699319510282, 75.49567396398584, 72.52280430007738, 75.51706178446085, 58.86899273463398, 73.82927734925973, 71.32448992057886, 60.633157665557974, 63.189886181063514, 51.894204229701664, 78.44960028233936, 55.24471589709752, 77.26839722728134, 53.52637819554677, 71.73818659406169, 73.3972497840276, 39.91167288852203, 70.66025325884735, 72.29792862833824, 66.84349137733834, 72.73790207213622, 72.26004193722837, 70.26122343488494, 63.6836327328006, 69.25661900697025, 50.8089374697271, 56.37642234025097, 80.67818340626208, 59.791709922877494, 71.21082984724924, 66.69927803765907, 73.38808433815294, 73.1418208459388, 56.086163639778015, 75.4058461860513, 65.23392479927703, 60.62154774476326, 57.653567030694944, 68.57343899968382, 70.93462554249108, 64.39308951040219, 62.95401304233529, 69.30367114395477, 74.97320616701353, 77.40772161712044, 57.283865565470904, 39.67579974979381, 75.83115278032888, 61.23995183681903, 49.73833755927298, 74.1794230151232, 69.76441995442214, 69.50227004537876, 71.47603668501833]",5.936839966394715,0.7658473446189678
6,Ridge Regression,"[62.4, 47.7, 50.0, 82.7, 74.7, 70.0, 71.2, 71.6, 69.1, 68.8, 75.0, 65.9, 74.1, 76.2, 78.7, 80.2, 67.7, 79.7, 65.6, 73.3, 85.0, 76.3, 60.1, 69.1, 66.4, 76.8, 42.6, 66.2, 74.7, 83.2, 19.2, 57.4, 76.2, 79.8, 58.2, 64.1, 75.2, 57.6, 65.2, 73.3, 60.4, 76.1, 54.2, 77.8, 58.9, 78.2, 78.8, 50.1, 70.3, 71.6, 77.9, 68.8, 59.9, 82.2, 41.1, 68.5, 59.2, 47.6, 60.3, 66.7, 53.8, 62.0, 78.1, 55.4, 74.4, 75.0, 80.0, 72.6, 72.0, 21.6, 71.0, 56.8, 65.6, 64.7, 77.3, 79.8, 76.7, 73.1, 69.1, 73.2, 65.2, 29.7, 74.2, 38.4, 48.9, 49.784, 75.0, 45.8, 84.1, 79.2, 84.7, 56.9, 67.2, 69.2, 73.2, 80.2, 56.5, 64.9, 78.2, 58.3, 63.6, 64.0, 44.0, 75.9, 46.8, 76.2, 62.0, 76.6, 76.5, 53.8, 73.8, 58.8, 66.8, 76.3, 74.4, 76.6, 63.7, 71.5, 50.1, 55.2, 85.8, 62.5, 53.7, 60.7, 75.3, 81.8, 59.8, 71.9, 61.6, 61.2, 54.6, 70.7, 74.9, 54.3, 73.1, 70.0, 78.9, 76.4, 63.8, 45.4, 79.0, 57.8, 50.7, 76.9, 73.0, 65.5, 75.2]","[58.149770757391295, 52.80440928016485, 60.463365017796484, 78.37805288875222, 79.16975024720614, 75.58488334377533, 65.32201138780243, 71.28396965947822, 68.09614140571584, 75.30858726580371, 72.52693677724177, 68.27574808615314, 72.03546178825539, 67.89762208088163, 66.96890321255007, 75.01299789543546, 67.42969273539146, 80.27569585509207, 62.42225203375976, 74.04883367919304, 74.50023032116924, 75.15477928707897, 53.71897538586536, 70.61990093003676, 66.08752939654407, 73.58566421546874, 42.10442032751335, 64.9296057372333, 72.34733009680447, 81.54934843900062, 22.22846549971139, 58.74294879101101, 76.55368055911705, 76.2914103611099, 57.51889431764435, 65.66681822071286, 73.58090433370286, 52.94381073092541, 73.3682322462376, 77.71411104197733, 54.49401315813874, 68.30167367053228, 53.59121987418632, 74.23082030051327, 53.94580023596165, 75.01074483721911, 77.98339417996672, 50.80995003362411, 70.74752955904923, 71.28396965947822, 76.18507431737727, 74.75774063741054, 78.30478225204753, 77.44695407953773, 35.9718676082657, 70.00079731203792, 63.69127161856903, 38.212064349299624, 61.90259840217789, 65.82513231587033, 41.46653094778418, 57.02967238687434, 76.73328723955436, 61.02097082083874, 69.65811665467727, 67.98041248111805, 79.7273560502484, 72.26228663835168, 64.23948454074613, 34.08149134724122, 73.47945505440268, 61.94254986652149, 64.90355327018759, 60.042653841965276, 75.70311909192263, 79.5548891924599, 77.75180944810457, 70.96972141004622, 74.30171099633503, 77.64309346348901, 73.15318021788943, 43.678295280889444, 70.6058750500723, 28.331951397697527, 40.59880236374291, 60.25727713702133, 74.11258455236597, 47.86798615702149, 76.6388509002364, 72.14417777287096, 83.113703628845, 55.99712429835967, 70.48287942015914, 59.6975932437217, 75.49508000355667, 72.52230377814249, 75.51637258883652, 58.86845124447368, 73.82902176907898, 71.32417488915496, 60.63345193470205, 63.19027686605092, 51.89472993889677, 78.44894358457397, 55.245505286915915, 77.267474281767, 53.52746900101338, 71.73774624233735, 73.39666465416626, 39.913567931688185, 70.66010615971351, 72.29773198626256, 66.84365452442054, 72.73735580649067, 72.25990669746875, 70.26081445182871, 63.68413179592023, 69.25644500590954, 50.80995003362411, 56.37737647918098, 80.6773675038598, 59.79215646570623, 71.21069902277353, 66.6994931918941, 73.38727177330108, 73.14140739614132, 56.08680075591175, 75.40527666333801, 65.23433422313356, 60.621679112953956, 57.653662769305626, 68.57346363207118, 70.93427606213534, 64.3931656368043, 62.954059135089466, 69.30366317556852, 74.97279266575872, 77.40687573252757, 57.284802762232694, 39.677350200726735, 75.83062083826852, 61.240655848286224, 49.739449773649056, 74.17884224908843, 69.7644526984099, 69.50218250040274, 71.47547604433021]",5.936722422191167,0.7658566165599576
6,Lasso Regression,"[62.4, 47.7, 50.0, 82.7, 74.7, 70.0, 71.2, 71.6, 69.1, 68.8, 75.0, 65.9, 74.1, 76.2, 78.7, 80.2, 67.7, 79.7, 65.6, 73.3, 85.0, 76.3, 60.1, 69.1, 66.4, 76.8, 42.6, 66.2, 74.7, 83.2, 19.2, 57.4, 76.2, 79.8, 58.2, 64.1, 75.2, 57.6, 65.2, 73.3, 60.4, 76.1, 54.2, 77.8, 58.9, 78.2, 78.8, 50.1, 70.3, 71.6, 77.9, 68.8, 59.9, 82.2, 41.1, 68.5, 59.2, 47.6, 60.3, 66.7, 53.8, 62.0, 78.1, 55.4, 74.4, 75.0, 80.0, 72.6, 72.0, 21.6, 71.0, 56.8, 65.6, 64.7, 77.3, 79.8, 76.7, 73.1, 69.1, 73.2, 65.2, 29.7, 74.2, 38.4, 48.9, 49.784, 75.0, 45.8, 84.1, 79.2, 84.7, 56.9, 67.2, 69.2, 73.2, 80.2, 56.5, 64.9, 78.2, 58.3, 63.6, 64.0, 44.0, 75.9, 46.8, 76.2, 62.0, 76.6, 76.5, 53.8, 73.8, 58.8, 66.8, 76.3, 74.4, 76.6, 63.7, 71.5, 50.1, 55.2, 85.8, 62.5, 53.7, 60.7, 75.3, 81.8, 59.8, 71.9, 61.6, 61.2, 54.6, 70.7, 74.9, 54.3, 73.1, 70.0, 78.9, 76.4, 63.8, 45.4, 79.0, 57.8, 50.7, 76.9, 73.0, 65.5, 75.2]","[58.25380295103517, 53.01511424120714, 60.59051140174719, 78.1013558634998, 78.91266127013807, 75.38337933518271, 65.4081501859484, 71.13704070984011, 68.0200417862075, 75.2347739952535, 72.33553229998694, 68.20262111280613, 71.88796114234562, 67.81390028054614, 66.89366113744927, 74.81503822927583, 67.33388978498682, 80.00221912382631, 62.42353693328601, 73.86093534406069, 74.33064427656448, 74.95049319774893, 53.93831243725574, 70.46414932462669, 66.07358881650693, 73.4074460805159, 42.64973985551253, 64.9398656576449, 72.15295297338832, 81.2080532240769, 23.292609246213853, 58.85896685201206, 76.28148070341712, 76.04739356154093, 57.684037440927995, 65.6112223941069, 73.3809248485014, 53.13730859367298, 73.17774239579174, 77.51098722728162, 54.65679353184325, 68.18344239089541, 53.71737566683567, 74.05677528666656, 54.138535837013634, 74.88430036226382, 77.7023334681843, 51.06570221855481, 70.60256334605151, 71.13704070984011, 75.9458023351861, 74.53821018642617, 78.02036776325602, 77.1678561043957, 36.46122147307025, 69.87816414556052, 63.68537255051734, 38.634419074543246, 62.06440663054339, 65.75697892563551, 42.12271524637884, 57.16720415029868, 76.46406003001573, 61.079288811610574, 69.5233070554188, 67.94793084481893, 79.40143868000146, 72.08818454210352, 64.20363024534696, 34.682662809760735, 73.3883776031563, 61.959746106685685, 64.87652163056039, 60.12814497934717, 75.55127364157377, 79.25864120142458, 77.4755888364119, 70.85878826279016, 74.12450277090312, 77.36073699404983, 72.96129932707485, 44.21930820476007, 70.54963112657366, 28.991909240588193, 40.969592876503825, 60.38801605813987, 73.8888809802755, 48.255011622738095, 76.42877188369715, 72.00281298470769, 82.72457910929545, 56.241157145849485, 70.35521558816808, 59.760027273198205, 75.2920896718834, 72.39153381696768, 75.32891246695341, 59.149165755420114, 73.6179710433293, 71.1974256839729, 60.720048264316816, 63.18475892884702, 52.20096002616827, 78.16908334773636, 55.407713964348744, 77.06779952679231, 53.68943003062087, 71.62001025835116, 73.25434703888351, 40.342401445215614, 70.52453429875945, 72.12204828422179, 66.76850773203168, 72.60797688568456, 72.07492392609626, 70.18151342042468, 63.645590702495596, 69.16702556107677, 51.06570221855481, 56.47809309612626, 80.35850061816834, 59.877838168512014, 71.05605260959632, 66.61979214755134, 73.28382732384975, 72.97751899603384, 56.24992406015355, 75.20080000858408, 65.16507564066588, 60.7362679332758, 57.86223331037458, 68.47057199680057, 70.82492452067189, 64.4053882938563, 63.01401581405534, 69.18466963423606, 74.75465325514307, 77.18999387925817, 57.36150944415311, 40.17165833042394, 75.60716491400336, 61.23973036334673, 50.010008106984856, 74.01260998149277, 69.62489828177362, 69.39081113989744, 71.38592311647498]",5.92107903000147,0.7670889365982589
6,Random Forest,"[62.4, 47.7, 50.0, 82.7, 74.7, 70.0, 71.2, 71.6, 69.1, 68.8, 75.0, 65.9, 74.1, 76.2, 78.7, 80.2, 67.7, 79.7, 65.6, 73.3, 85.0, 76.3, 60.1, 69.1, 66.4, 76.8, 42.6, 66.2, 74.7, 83.2, 19.2, 57.4, 76.2, 79.8, 58.2, 64.1, 75.2, 57.6, 65.2, 73.3, 60.4, 76.1, 54.2, 77.8, 58.9, 78.2, 78.8, 50.1, 70.3, 71.6, 77.9, 68.8, 59.9, 82.2, 41.1, 68.5, 59.2, 47.6, 60.3, 66.7, 53.8, 62.0, 78.1, 55.4, 74.4, 75.0, 80.0, 72.6, 72.0, 21.6, 71.0, 56.8, 65.6, 64.7, 77.3, 79.8, 76.7, 73.1, 69.1, 73.2, 65.2, 29.7, 74.2, 38.4, 48.9, 49.784, 75.0, 45.8, 84.1, 79.2, 84.7, 56.9, 67.2, 69.2, 73.2, 80.2, 56.5, 64.9, 78.2, 58.3, 63.6, 64.0, 44.0, 75.9, 46.8, 76.2, 62.0, 76.6, 76.5, 53.8, 73.8, 58.8, 66.8, 76.3, 74.4, 76.6, 63.7, 71.5, 50.1, 55.2, 85.8, 62.5, 53.7, 60.7, 75.3, 81.8, 59.8, 71.9, 61.6, 61.2, 54.6, 70.7, 74.9, 54.3, 73.1, 70.0, 78.9, 76.4, 63.8, 45.4, 79.0, 57.8, 50.7, 76.9, 73.0, 65.5, 75.2]","[57.586000000000084, 51.92500000000001, 63.50438666666665, 82.40799999999986, 77.96399999999997, 73.33500000000002, 70.33000000000003, 72.68599999999994, 63.73599999999993, 68.666, 66.15100000000002, 67.27125999999996, 71.75399999999996, 69.38799999999998, 68.75100000000006, 72.78699999999998, 65.38600000000002, 78.67699999999999, 64.87299999999999, 75.2899999999999, 74.64399999999995, 74.99699999999997, 53.66240000000003, 67.43099999999995, 69.5466700000001, 77.66209, 43.81660000000001, 65.27625000000005, 72.54000000000008, 82.87599999999996, 26.363999999999972, 62.68099999999995, 75.30799999999991, 78.58600000000008, 54.05439999999996, 67.723, 68.33266666666664, 50.90200000000002, 72.1866666666667, 75.83399999999997, 51.553000000000004, 65.38799999999993, 57.96199999999993, 73.15499999999993, 57.21299999999996, 74.79299999999995, 77.04299999999992, 41.34099999999999, 72.59999999999997, 72.68599999999994, 78.79600000000003, 72.77399999999994, 77.11466666666657, 72.357, 44.84300000000001, 70.83999999999999, 63.095, 46.42299999999998, 63.07050000000006, 66.38945000000001, 43.18986999999999, 51.11399999999999, 74.24599999999995, 62.96900000000006, 69.67599999999995, 71.5497, 78.27399999999997, 70.73800000000001, 62.666, 30.916000000000032, 75.55299999999995, 62.65700000000002, 66.18240000000003, 62.173000000000066, 76.33999999999993, 79.99519999999995, 76.55799999999992, 67.38300000000002, 73.81399999999998, 73.84999999999997, 65.9419999999999, 44.621059999999986, 73.93200000000007, 33.56199999999997, 46.55499999999998, 62.05259999999999, 72.05066666666667, 41.431289999999954, 79.51100000000002, 69.18633333333328, 80.7190000000001, 57.14199999999997, 72.0793333333334, 59.75499999999998, 73.50318000000004, 74.41649333333334, 74.88600000000002, 65.25411999999994, 67.87266666666667, 66.03726000000005, 59.17399999999994, 62.01000000000002, 51.03620000000007, 81.32099999999984, 54.551999999999936, 81.46199999999995, 56.79699999999999, 71.3114666666666, 75.86166666666666, 48.20299999999997, 73.16699999999994, 69.21800000000002, 68.54400000000008, 77.08883333333338, 66.31200000000004, 70.87067999999998, 63.67450000000001, 73.50326, 41.34099999999999, 55.35299999999993, 82.18099999999993, 59.27800000000004, 74.139, 68.37000000000006, 70.79000000000006, 75.81352000000003, 45.4352, 72.221, 66.45830000000002, 57.675813333333345, 57.40311999999997, 64.82200000000006, 69.50399999999995, 69.68199999999993, 57.804666666666705, 69.26600000000002, 80.78799999999997, 77.44200000000005, 56.10500000000001, 34.208999999999996, 74.08099999999996, 60.38999999999999, 47.69800000000001, 76.396, 69.78499999999994, 72.51533333333342, 71.69000000000003]",6.309413691930977,0.735536092416761
6,Support Vector Regressor (SVR),"[62.4, 47.7, 50.0, 82.7, 74.7, 70.0, 71.2, 71.6, 69.1, 68.8, 75.0, 65.9, 74.1, 76.2, 78.7, 80.2, 67.7, 79.7, 65.6, 73.3, 85.0, 76.3, 60.1, 69.1, 66.4, 76.8, 42.6, 66.2, 74.7, 83.2, 19.2, 57.4, 76.2, 79.8, 58.2, 64.1, 75.2, 57.6, 65.2, 73.3, 60.4, 76.1, 54.2, 77.8, 58.9, 78.2, 78.8, 50.1, 70.3, 71.6, 77.9, 68.8, 59.9, 82.2, 41.1, 68.5, 59.2, 47.6, 60.3, 66.7, 53.8, 62.0, 78.1, 55.4, 74.4, 75.0, 80.0, 72.6, 72.0, 21.6, 71.0, 56.8, 65.6, 64.7, 77.3, 79.8, 76.7, 73.1, 69.1, 73.2, 65.2, 29.7, 74.2, 38.4, 48.9, 49.784, 75.0, 45.8, 84.1, 79.2, 84.7, 56.9, 67.2, 69.2, 73.2, 80.2, 56.5, 64.9, 78.2, 58.3, 63.6, 64.0, 44.0, 75.9, 46.8, 76.2, 62.0, 76.6, 76.5, 53.8, 73.8, 58.8, 66.8, 76.3, 74.4, 76.6, 63.7, 71.5, 50.1, 55.2, 85.8, 62.5, 53.7, 60.7, 75.3, 81.8, 59.8, 71.9, 61.6, 61.2, 54.6, 70.7, 74.9, 54.3, 73.1, 70.0, 78.9, 76.4, 63.8, 45.4, 79.0, 57.8, 50.7, 76.9, 73.0, 65.5, 75.2]","[63.40939227639538, 60.58151955975571, 63.28519526138457, 73.44562362712513, 73.25121072616277, 71.74499132667435, 64.72122080306772, 70.09647820393485, 68.32285098096379, 69.04996956288622, 71.03714851991742, 68.29748106577595, 70.23436962398871, 68.42536023204966, 68.11740234160952, 71.5933399197224, 68.5473175140857, 73.69317873797115, 65.99174078143004, 71.26286774843351, 71.00922464054293, 71.72424686904785, 60.540287725351206, 70.11571608209813, 66.8516017737277, 71.02105536592128, 53.258183982515334, 66.21572673609292, 71.04455081698504, 74.97333288670315, 46.941662766635105, 63.26446704756246, 73.01657007318437, 72.56305150172975, 62.129485169994666, 67.54969323154104, 71.37385373012687, 60.935883599059686, 71.18492315749948, 72.0567544449161, 61.74789056312976, 69.07545220123535, 62.314851789533044, 71.05103580609106, 61.08926391090702, 70.2071567430063, 73.43461043496345, 59.43416899978754, 69.96756246229168, 70.09647820393485, 72.4705268690159, 71.89917956104134, 73.54557345977881, 73.29872779501963, 53.25272033155589, 69.46058756801568, 66.33170854469859, 54.77865536448633, 62.78050740902177, 67.79196770756613, 52.29399322868212, 62.59948895879119, 73.01497013216154, 64.71341047337447, 69.59988142206834, 67.47752300083204, 74.39719004150982, 70.71847051047627, 66.95734372964112, 51.05987860136271, 69.3107601792357, 65.62537743735263, 66.91414005163946, 64.0459003123207, 70.80682619514933, 73.9540030538763, 73.3197999208361, 69.40832603107813, 71.11838696541793, 73.38393493438672, 71.16660111555295, 53.66153734141973, 68.28258643895005, 49.49491843090129, 56.02141026799069, 63.185909663303505, 71.83260749543632, 56.5966868336975, 72.05347687335961, 70.14334037145564, 75.89715300178312, 60.393717047225984, 69.63000651464483, 64.43228972574965, 71.75697085997504, 70.00461419866814, 71.48225835222058, 60.16832644007831, 71.59041260491375, 69.75200252637755, 64.11016497993933, 66.2423106104464, 58.638005735263405, 73.50621874934953, 61.865477085962674, 71.93846774739335, 61.62753088014004, 69.64758171201576, 70.34432084712738, 54.78070781721376, 69.79557223928484, 70.75024855495766, 68.0937155629546, 70.00787091118063, 70.88719376223115, 68.70458576584639, 66.90359833576618, 68.74985519905957, 59.43416899978754, 63.20463152488859, 74.49251307234627, 64.00533267230635, 70.21045104389898, 68.14518724250411, 69.5643754796981, 70.70078410709951, 61.967065446143714, 71.76833810994383, 67.70023988642969, 63.55640208997902, 61.30288182091911, 68.87362092868679, 69.3736371510585, 66.10002668513937, 64.96119156980488, 69.2754932317596, 71.91794673986867, 72.28317688027708, 63.788280047704056, 53.54834417892252, 72.15637936616712, 65.82584207997112, 59.00410578584688, 70.90142093287551, 69.69576320079494, 69.18091501657403, 69.06396344130157]",7.731300085974228,0.6029058731761163
7,Linear Regression,"[50.5, 41.1, 49.6, 70.1, 69.6, 67.7, 54.2, 68.6, 61.3, 56.5, 67.8, 61.9, 42.8, 44.9, 73.7, 67.0, 58.5, 47.9, 46.3, 52.5, 67.6, 72.6, 41.6, 68.5, 55.5, 72.1, 37.5, 58.0, 42.4, 62.0, 17.7, 46.8, 53.9, 69.1, 43.1, 56.0, 70.1, 45.3, 62.3, 73.2, 48.7, 61.9, 39.0, 75.0, 44.2, 77.9, 61.0, 16.9, 61.2, 68.6, 66.7, 43.5, 57.7, 73.9, 37.1, 60.9, 36.5, 24.3, 56.8, 57.7, 47.8, 53.6, 77.5, 45.4, 63.0, 60.0, 78.5, 45.0, 53.8, 21.0, 70.4, 30.0, 49.7, 34.3, 76.5, 79.4, 49.6, 39.7, 68.4, 73.0, 63.2, 29.1, 71.4, 33.4, 20.7, 49.379, 59.1, 41.0, 81.2, 78.1, 71.7, 12.3, 40.0, 48.5, 44.9, 70.7, 52.2, 57.4, 65.1, 57.7, 50.9, 60.3, 43.6, 48.6, 36.5, 68.3, 55.2, 68.2, 76.0, 40.2, 60.2, 54.4, 40.2, 50.8, 48.6, 59.0, 31.3, 60.8, 16.9, 49.1, 52.6, 38.3, 51.4, 59.3, 56.4, 65.2, 50.1, 68.7, 35.7, 48.4, 47.3, 59.9, 61.3, 54.1, 72.9, 68.0, 66.4, 72.4, 48.9, 38.3, 57.8, 47.6, 40.3, 66.7, 69.2, 57.6, 72.2]","[49.3080095741114, 42.052046829894095, 51.55275935077216, 64.22927117795004, 71.17763245225758, 71.53887669906473, 51.94985515378647, 70.22721474934916, 61.10562786721323, 53.586463012155434, 61.23541427242213, 65.3254415764306, 51.888735320581596, 50.918003591374685, 60.762833265487664, 66.97581470482032, 64.18018705806934, 60.20069963929082, 48.39500392639803, 56.72696119052458, 56.48388222296249, 67.26275955389707, 37.495446337499565, 62.824976795166286, 56.19627547274042, 67.42919074795475, 41.72974384582005, 42.116691981018946, 53.8930901558862, 57.357428121602084, 21.726936367220958, 47.0888667241625, 59.29585760918644, 66.1198527721525, 43.775797269089466, 56.886868220914764, 68.96371821888985, 37.63259436627593, 68.65909919664813, 77.84597383044442, 47.188622283884165, 59.69627334444178, 37.145427170940806, 70.6228970180239, 39.641630490436, 78.10384318701401, 57.99333058079848, 31.546635516520194, 58.233624240423424, 70.22721474934916, 64.8311610350577, 48.17630026365242, 55.693892247948995, 65.0703789607973, 23.85630261636043, 61.61093084586604, 45.12973401664904, 28.42062679718193, 63.86378486768346, 53.022003528192734, 44.640063092810095, 47.786535243491905, 72.55956392698238, 45.21644299150604, 56.07806199137484, 53.89258609151394, 77.07995584605719, 48.19742200808296, 42.07877292472115, 29.764592449528635, 74.93755401825806, 38.7337955380314, 51.9391913456394, 46.38254417698591, 77.52847746463607, 77.17646055086438, 53.50821573984325, 45.33728113330877, 73.58134673086084, 70.90959920012719, 68.4374792336255, 33.990448267970905, 70.04641156449125, 16.618288251290167, 30.06292819947072, 51.310575526853334, 52.78686850675273, 45.670416173913026, 73.44317455797386, 71.90169298634201, 66.83918022260424, 32.52494984468947, 41.22083871923273, 40.21849690047107, 49.63287188320867, 66.27642837320445, 58.197585689567944, 47.72671882997578, 66.63937737685097, 64.84426792138004, 41.42202412779174, 56.08413806878336, 50.28168672941533, 57.401883381632395, 38.662108064613754, 66.01194395718426, 40.250579375920424, 67.92588734886169, 66.90116256025469, 36.84092298933577, 60.901159742854446, 52.84342234205283, 44.92496397603274, 54.27768339028514, 56.682861979088564, 55.052038468825835, 43.78681270539718, 41.02481309366972, 31.546635516520194, 48.675796291811906, 57.54712112925775, 43.661605304510786, 49.97211362246547, 61.276027435740275, 59.98905438545495, 53.80234613791267, 50.91062910995458, 72.46844863937082, 45.0396943399592, 53.062787796277874, 51.883660917214534, 57.36119924488641, 64.74128183851197, 60.83805902537968, 63.97884439058956, 66.62738445588911, 61.486273697699524, 74.6144599415423, 41.21717665828135, 30.319146095610513, 52.157540220138245, 50.41431599233418, 36.20412681167034, 64.20292050712997, 66.33546511701223, 61.931720351117065, 68.89165003710096]",6.590858014894832,0.7982427576543553
7,Ridge Regression,"[50.5, 41.1, 49.6, 70.1, 69.6, 67.7, 54.2, 68.6, 61.3, 56.5, 67.8, 61.9, 42.8, 44.9, 73.7, 67.0, 58.5, 47.9, 46.3, 52.5, 67.6, 72.6, 41.6, 68.5, 55.5, 72.1, 37.5, 58.0, 42.4, 62.0, 17.7, 46.8, 53.9, 69.1, 43.1, 56.0, 70.1, 45.3, 62.3, 73.2, 48.7, 61.9, 39.0, 75.0, 44.2, 77.9, 61.0, 16.9, 61.2, 68.6, 66.7, 43.5, 57.7, 73.9, 37.1, 60.9, 36.5, 24.3, 56.8, 57.7, 47.8, 53.6, 77.5, 45.4, 63.0, 60.0, 78.5, 45.0, 53.8, 21.0, 70.4, 30.0, 49.7, 34.3, 76.5, 79.4, 49.6, 39.7, 68.4, 73.0, 63.2, 29.1, 71.4, 33.4, 20.7, 49.379, 59.1, 41.0, 81.2, 78.1, 71.7, 12.3, 40.0, 48.5, 44.9, 70.7, 52.2, 57.4, 65.1, 57.7, 50.9, 60.3, 43.6, 48.6, 36.5, 68.3, 55.2, 68.2, 76.0, 40.2, 60.2, 54.4, 40.2, 50.8, 48.6, 59.0, 31.3, 60.8, 16.9, 49.1, 52.6, 38.3, 51.4, 59.3, 56.4, 65.2, 50.1, 68.7, 35.7, 48.4, 47.3, 59.9, 61.3, 54.1, 72.9, 68.0, 66.4, 72.4, 48.9, 38.3, 57.8, 47.6, 40.3, 66.7, 69.2, 57.6, 72.2]","[49.30876761635412, 42.05337460888714, 51.551320534085804, 64.22831492353751, 71.17739432526892, 71.53890159112021, 51.95028534046479, 70.22794596305803, 61.10529342283074, 53.58597927706968, 61.2353980421238, 65.32618951742081, 51.88857247036485, 50.91872444894174, 60.762658357945725, 66.97618527691425, 64.17984243927864, 60.19971269604216, 48.39515360627438, 56.726669805089045, 56.482805562998294, 67.26229927243645, 37.49669064941142, 62.82495767508936, 56.1968651201383, 67.42907479192397, 41.73158582668779, 42.11677688960256, 53.893480809401694, 57.35690299966265, 21.72783395721634, 47.08852206849788, 59.29589362564662, 66.12008250374078, 43.7762709027809, 56.887209694503014, 68.96355454190156, 37.633653052039186, 68.65930092180584, 77.84558404180906, 47.189612718122156, 59.69614606747068, 37.14599457864355, 70.62224929812675, 39.64315062734794, 78.10334131928983, 57.99268061590844, 31.547798109227088, 58.233643339419544, 70.22794596305803, 64.83065092384082, 48.17622268330516, 55.69286881210776, 65.06935074568841, 23.858472009301682, 61.6107451767685, 45.129948991818544, 28.42268056250116, 63.86336769043656, 53.02304074540118, 44.63720194095199, 47.78768729537309, 72.55959465927258, 45.216737447834475, 56.07818489400195, 53.89278275786582, 77.07966395300134, 48.19648211911033, 42.07890142129696, 29.76456407422055, 74.93683692224472, 38.733563315993074, 51.939094478254624, 46.383128698315474, 77.5282840051574, 77.17567350695529, 53.507292835452986, 45.33694531067532, 73.58103266914732, 70.90882669837228, 68.43739250760524, 33.98965588888306, 70.04662969575759, 16.620697541693243, 30.065579249200496, 51.30914231017879, 52.786294969624784, 45.67069932326358, 73.44254591438498, 71.9014160725251, 66.83810142052602, 32.52572108247883, 41.220597647628, 40.21798128090069, 49.63244970090919, 66.27601679194126, 58.1968812489451, 47.725984509009905, 66.63912482069449, 64.84384325865994, 41.42273968589106, 56.08570215201769, 50.28330204180246, 57.401318715505504, 38.66236212193045, 66.01162854347461, 40.25203570812202, 67.92568791131035, 66.90070181837928, 36.84218432931007, 60.90085161229905, 52.84283635825457, 44.924723484094855, 54.277160169628814, 56.6827670763097, 55.05223856633654, 43.786754486464886, 41.02524994122171, 31.547798109227088, 48.67742953268147, 57.54623852946401, 43.66216699717563, 49.9716713558035, 61.27686418959895, 59.986746704930745, 53.8023408287736, 50.91172803656971, 72.46802982727421, 45.03937445850704, 53.06304687865341, 51.883545913392545, 57.361460046481746, 64.7405315456015, 60.83823418623003, 63.97885279891376, 66.62788934401256, 61.48573903967716, 74.6139280287818, 41.21840588160027, 30.320405393140945, 52.15714134413477, 50.41521416990046, 36.206201933253, 64.20238366391312, 66.33490220848938, 61.93228213465028, 68.89186018949155]",6.590823182279136,0.7982448902185525
7,Lasso Regression,"[50.5, 41.1, 49.6, 70.1, 69.6, 67.7, 54.2, 68.6, 61.3, 56.5, 67.8, 61.9, 42.8, 44.9, 73.7, 67.0, 58.5, 47.9, 46.3, 52.5, 67.6, 72.6, 41.6, 68.5, 55.5, 72.1, 37.5, 58.0, 42.4, 62.0, 17.7, 46.8, 53.9, 69.1, 43.1, 56.0, 70.1, 45.3, 62.3, 73.2, 48.7, 61.9, 39.0, 75.0, 44.2, 77.9, 61.0, 16.9, 61.2, 68.6, 66.7, 43.5, 57.7, 73.9, 37.1, 60.9, 36.5, 24.3, 56.8, 57.7, 47.8, 53.6, 77.5, 45.4, 63.0, 60.0, 78.5, 45.0, 53.8, 21.0, 70.4, 30.0, 49.7, 34.3, 76.5, 79.4, 49.6, 39.7, 68.4, 73.0, 63.2, 29.1, 71.4, 33.4, 20.7, 49.379, 59.1, 41.0, 81.2, 78.1, 71.7, 12.3, 40.0, 48.5, 44.9, 70.7, 52.2, 57.4, 65.1, 57.7, 50.9, 60.3, 43.6, 48.6, 36.5, 68.3, 55.2, 68.2, 76.0, 40.2, 60.2, 54.4, 40.2, 50.8, 48.6, 59.0, 31.3, 60.8, 16.9, 49.1, 52.6, 38.3, 51.4, 59.3, 56.4, 65.2, 50.1, 68.7, 35.7, 48.4, 47.3, 59.9, 61.3, 54.1, 72.9, 68.0, 66.4, 72.4, 48.9, 38.3, 57.8, 47.6, 40.3, 66.7, 69.2, 57.6, 72.2]","[49.05636062779655, 42.588550086685174, 51.25037566501581, 63.293583903631436, 70.70750613753737, 71.49178760582485, 52.54016231734874, 69.86886654380218, 61.065470106903774, 52.028553406945186, 61.41137106835727, 65.12750530769611, 52.11617503637913, 51.30295250173866, 60.82847678390888, 67.1726028414812, 64.16456159946661, 59.59318052536398, 48.68103354414735, 57.04540700940254, 55.96485461988706, 67.23518902229316, 37.426573598668014, 62.92268880495125, 56.414947912783205, 67.50274913681977, 42.434912117352496, 41.93718018275014, 54.041347400115455, 57.20292608735092, 21.933486479147984, 46.91441290412715, 59.43478382781986, 66.30878325541283, 43.75555586404394, 57.40426549176458, 69.03263250294403, 37.005932905165665, 68.40788503872962, 77.65121993524316, 47.02385550351673, 60.18283873892865, 37.560042372139065, 70.45952055898229, 39.39232095396414, 77.69912631149472, 57.60850389575475, 32.30444343508851, 58.153068242009, 69.86886654380218, 64.75463194374532, 48.44979843874494, 55.55881190456887, 64.11894980302532, 24.713412135557117, 61.19183593835183, 45.143993801262134, 29.058796605733498, 63.49795000632092, 53.360174825402524, 43.2708665303745, 47.79789676584856, 72.21958043317208, 45.77521457647241, 56.46562194547503, 53.86987154969473, 76.7873208028216, 48.137246113820865, 42.57592069252708, 30.262437853629642, 74.33916748319966, 39.207204611287196, 51.997284105275, 46.54135944019207, 77.20871944009652, 76.92235524947027, 53.842592361623595, 44.93403095332811, 73.49254021273426, 70.47150897175645, 68.6890611305983, 34.499067149585386, 70.16615649662398, 17.669690901329027, 30.562397849862894, 51.03525894300221, 52.61698872661502, 45.64631436598768, 73.10281708793116, 71.63150733264048, 65.30184384668756, 32.664961562719895, 41.83631059805585, 40.605170508604154, 50.124755384665875, 65.96859146573811, 57.93186936754634, 47.271238285001544, 66.77277362022535, 64.60872019556314, 41.74904232536588, 56.453200154585005, 50.119217009320366, 57.75496168229813, 37.88761918711795, 66.01148397295202, 40.88822053828967, 67.5816400903455, 66.8329742735728, 37.41907720884642, 60.43111037189169, 53.12696925191854, 43.748690829539555, 54.39804525495861, 56.81402754537516, 55.22403247621922, 43.651815590395714, 40.950286370702244, 32.30444343508851, 49.19896832762417, 57.56870800721378, 43.90889790855591, 50.470204030080765, 61.20077656831941, 58.83640373404704, 53.70772817158459, 51.44523860358581, 72.57900391224457, 44.83584012252278, 53.06043494981563, 51.79906700397869, 57.61854762018926, 62.80493397125488, 60.80348231125252, 63.93446695379457, 66.93722526309779, 61.476789986421316, 74.35173107396416, 41.53056857759297, 29.808906457929567, 51.99600591223376, 51.10133736939945, 35.72158939769881, 64.15854958954557, 65.98189743810082, 62.11548931550388, 69.22801803697686]",6.637441892542361,0.7953806570820574
7,Random Forest,"[50.5, 41.1, 49.6, 70.1, 69.6, 67.7, 54.2, 68.6, 61.3, 56.5, 67.8, 61.9, 42.8, 44.9, 73.7, 67.0, 58.5, 47.9, 46.3, 52.5, 67.6, 72.6, 41.6, 68.5, 55.5, 72.1, 37.5, 58.0, 42.4, 62.0, 17.7, 46.8, 53.9, 69.1, 43.1, 56.0, 70.1, 45.3, 62.3, 73.2, 48.7, 61.9, 39.0, 75.0, 44.2, 77.9, 61.0, 16.9, 61.2, 68.6, 66.7, 43.5, 57.7, 73.9, 37.1, 60.9, 36.5, 24.3, 56.8, 57.7, 47.8, 53.6, 77.5, 45.4, 63.0, 60.0, 78.5, 45.0, 53.8, 21.0, 70.4, 30.0, 49.7, 34.3, 76.5, 79.4, 49.6, 39.7, 68.4, 73.0, 63.2, 29.1, 71.4, 33.4, 20.7, 49.379, 59.1, 41.0, 81.2, 78.1, 71.7, 12.3, 40.0, 48.5, 44.9, 70.7, 52.2, 57.4, 65.1, 57.7, 50.9, 60.3, 43.6, 48.6, 36.5, 68.3, 55.2, 68.2, 76.0, 40.2, 60.2, 54.4, 40.2, 50.8, 48.6, 59.0, 31.3, 60.8, 16.9, 49.1, 52.6, 38.3, 51.4, 59.3, 56.4, 65.2, 50.1, 68.7, 35.7, 48.4, 47.3, 59.9, 61.3, 54.1, 72.9, 68.0, 66.4, 72.4, 48.9, 38.3, 57.8, 47.6, 40.3, 66.7, 69.2, 57.6, 72.2]","[49.04599999999999, 39.63140999999998, 50.83921, 66.95000000000005, 74.95800000000004, 71.46153999999999, 53.739999999999974, 72.70551000000005, 61.963019999999986, 52.205000000000034, 62.286699999999946, 63.10415999999995, 52.208999999999975, 50.38299999999998, 58.20155, 68.21539000000003, 60.98655999999995, 54.69999999999999, 47.93900000000002, 56.79599999999998, 55.82800000000003, 67.737, 44.596309999999946, 65.33810000000003, 57.712999999999994, 68.81000000000002, 43.0058, 49.76300000000002, 57.69700000000002, 62.42699999999998, 26.038969999999996, 46.516850000000005, 63.85300000000003, 68.63439, 43.966849999999994, 57.26055000000005, 69.14118, 40.02545999999997, 66.81145000000001, 76.25638999999991, 44.57999999999999, 60.90424000000003, 31.292910000000003, 71.61899999999997, 41.48256999999998, 74.60599999999995, 57.05900000000003, 29.408000000000005, 60.229000000000006, 72.70551000000005, 67.81800000000001, 45.957000000000015, 55.32899999999999, 66.373, 30.331210000000006, 61.59699999999999, 47.14370000000002, 29.639820000000007, 60.936749999999975, 57.74800000000005, 37.148880000000034, 46.12606000000002, 74.10630000000005, 46.23799999999999, 59.239000000000026, 56.16300000000001, 75.52353999999995, 47.61700000000003, 41.679, 30.59273000000001, 71.92839, 42.94706000000002, 49.925999999999995, 45.83299999999999, 75.27699999999992, 76.75399999999996, 54.83500000000001, 45.48500000000003, 74.41781999999998, 70.69211000000001, 63.8392699999999, 31.01634000000001, 72.35639000000003, 29.238490000000006, 29.168400000000016, 50.89421, 53.41400000000001, 42.29899999999997, 76.76739000000002, 72.80561000000006, 69.20299999999999, 16.53784999999998, 45.27300000000002, 41.825610000000026, 51.80800000000002, 69.47100000000003, 58.910999999999994, 54.99924999999998, 67.13238999999997, 68.31206000000007, 45.156000000000006, 58.513999999999996, 46.859999999999985, 50.31300000000002, 36.73506, 71.60000000000005, 42.507400000000004, 70.18699999999995, 68.41697, 35.00099999999998, 59.86405999999999, 53.52699999999996, 50.432970000000026, 52.295, 57.06299999999998, 56.967000000000006, 43.38906, 34.732699999999994, 29.408000000000005, 50.54000000000003, 54.39199999999999, 45.79400000000001, 51.40699999999997, 58.88829999999997, 52.55684999999998, 59.024999999999984, 52.837000000000046, 71.10353999999997, 43.382999999999996, 51.54500000000001, 50.702, 57.08, 63.32999999999999, 59.16255000000001, 63.166, 68.74518999999998, 64.85600000000001, 73.80340999999997, 45.350119999999976, 32.334980000000016, 58.33600000000001, 47.66799999999999, 40.63945999999999, 66.53200000000001, 64.977, 66.05606000000003, 72.20500000000001]",5.959399606104983,0.8350507909558512
7,Support Vector Regressor (SVR),"[50.5, 41.1, 49.6, 70.1, 69.6, 67.7, 54.2, 68.6, 61.3, 56.5, 67.8, 61.9, 42.8, 44.9, 73.7, 67.0, 58.5, 47.9, 46.3, 52.5, 67.6, 72.6, 41.6, 68.5, 55.5, 72.1, 37.5, 58.0, 42.4, 62.0, 17.7, 46.8, 53.9, 69.1, 43.1, 56.0, 70.1, 45.3, 62.3, 73.2, 48.7, 61.9, 39.0, 75.0, 44.2, 77.9, 61.0, 16.9, 61.2, 68.6, 66.7, 43.5, 57.7, 73.9, 37.1, 60.9, 36.5, 24.3, 56.8, 57.7, 47.8, 53.6, 77.5, 45.4, 63.0, 60.0, 78.5, 45.0, 53.8, 21.0, 70.4, 30.0, 49.7, 34.3, 76.5, 79.4, 49.6, 39.7, 68.4, 73.0, 63.2, 29.1, 71.4, 33.4, 20.7, 49.379, 59.1, 41.0, 81.2, 78.1, 71.7, 12.3, 40.0, 48.5, 44.9, 70.7, 52.2, 57.4, 65.1, 57.7, 50.9, 60.3, 43.6, 48.6, 36.5, 68.3, 55.2, 68.2, 76.0, 40.2, 60.2, 54.4, 40.2, 50.8, 48.6, 59.0, 31.3, 60.8, 16.9, 49.1, 52.6, 38.3, 51.4, 59.3, 56.4, 65.2, 50.1, 68.7, 35.7, 48.4, 47.3, 59.9, 61.3, 54.1, 72.9, 68.0, 66.4, 72.4, 48.9, 38.3, 57.8, 47.6, 40.3, 66.7, 69.2, 57.6, 72.2]","[49.75417879570221, 51.07500582361119, 52.1644993617211, 57.833973905909836, 66.65413231099144, 68.6887547487992, 53.92671415700281, 68.48043338289222, 60.99536140005122, 44.38022672707454, 61.677841323552116, 65.67786317354003, 52.01608086332053, 53.30584910554431, 62.356281713986746, 66.1933488036481, 64.69181675268672, 54.01369636583042, 53.382424629507874, 53.167997726078, 53.30188015821591, 65.44455543995736, 41.6601578150718, 63.45142099748121, 58.90302551333974, 66.65392675573317, 52.16367709933596, 42.02274172354458, 55.373321421228425, 54.168203097270336, 35.84704054200573, 45.81250629183802, 57.8413971259466, 64.76222706242628, 44.50497403375738, 60.960245993315155, 67.88297928683217, 41.18995735092887, 66.76331936610886, 72.00294460273666, 49.13989051488407, 62.47193846429115, 44.146902520087544, 67.84006021994183, 44.24753156629094, 71.61404766569855, 55.10549168262983, 41.87552501963761, 58.6302415383713, 68.48043338289222, 62.823812927176164, 46.58252933538682, 52.96627634136923, 58.51898116929226, 38.58560560585833, 58.98806480010125, 46.41506966430937, 40.731012711391166, 63.173405950979884, 56.40229964064171, 42.334633510000366, 51.58863439464153, 69.03417168147489, 46.37272031096744, 58.672616605388924, 54.91181993558426, 71.33376673833635, 45.457784189114165, 45.356617010151645, 43.01645613335385, 68.97405220173546, 41.85738948523917, 50.17406983464855, 49.962169106058454, 71.89211332136152, 71.29247451146854, 52.46369027407389, 41.98506072368581, 70.35839413742207, 66.81876844415699, 67.8847891538764, 41.63503320692703, 68.65483757306615, 36.939455027448254, 42.304737546592904, 52.09408183555752, 51.22138723989503, 47.65791628961331, 68.83444116388769, 69.0736802936946, 57.820580196593255, 38.51484605771746, 42.30758567377096, 43.08267507594043, 49.691398454223126, 64.16300252888507, 55.93805035010675, 44.389201282050045, 65.65592910919497, 63.57265860923728, 44.843619657401284, 59.93501195440466, 55.39705766270217, 56.002842875344186, 40.71581271648421, 63.43760782515396, 47.29006822790937, 65.48369385937438, 65.20284753691209, 46.14420208959911, 58.75153921569376, 52.29093746534755, 41.85520506767345, 52.9254240145445, 57.4678008557143, 56.41906966432939, 44.90001936770547, 41.77926761534758, 41.87552501963761, 56.152445504235686, 53.944083795166705, 46.19115965613608, 49.80371308267621, 63.16039727915924, 50.28154577856357, 53.08524208042279, 57.559123651605915, 69.61383090448345, 45.16889410118185, 54.39675863656742, 52.77779052964657, 57.48491892973317, 56.1947641904499, 62.37459269563631, 65.27600275207229, 67.8922333547665, 60.032995631406614, 69.96307737508091, 46.12407838522534, 38.716774309857215, 51.10001393127899, 57.20050929772179, 42.709678776320295, 62.63284136309974, 64.75157266222237, 63.49725948181456, 68.81275883520021]",8.267470198601714,0.6825389138737263
9,Linear Regression,"[85.6, 91.7, 97.5, 97.7, 92.8, 100.0, 83.2, 100.0, 97.9, 40.5, 100.0, 100.0, 90.8, 96.1, 92.1, 84.2, 100.0, 88.2, 98.3, 77.7, 99.4, 91.1, 83.8, 91.7, 83.0, 95.8, 92.7, 85.6, 97.4, 90.0, 63.2, 77.5, 80.4, 77.1, 81.5, 85.8, 97.7, 89.1, 100.0, 95.5, 85.1, 98.5, 90.7, 88.2, 87.2, 94.2, 98.3, 93.0, 97.2, 100.0, 94.3, 77.8, 98.5, 92.2, 82.6, 82.5, 83.2, 83.7, 91.8, 80.7, 92.0, 93.4, 97.1, 74.2, 96.7, 95.3, 97.3, 91.5, 92.0, 97.8, 90.1, 81.1, 77.0, 94.6, 94.5, 96.7, 94.9, 80.8, 100.0, 94.4, 100.0, 59.9, 98.6, 70.7, 87.9, 97.485, 92.7, 84.8, 96.6, 99.0, 99.3, 54.5, 74.7, 89.7, 89.9, 96.9, 99.2, 80.3, 99.1, 98.2, 83.2, 83.2, 81.9, 92.2, 87.0, 84.9, 86.7, 92.1, 98.2, 92.3, 84.5, 88.7, 66.0, 87.1, 94.9, 97.0, 93.5, 79.4, 93.0, 89.4, 89.8, 92.8, 84.8, 95.4, 93.7, 74.1, 79.9, 99.1, 92.1, 90.8, 90.8, 79.9, 97.4, 93.9, 95.3, 99.6, 92.6, 96.2, 84.1, 73.3, 89.8, 98.5, 88.6, 98.0, 92.8, 85.3, 93.4]","[87.01774950528181, 95.07782468010937, 95.59145519434959, 95.03161151290944, 94.10832961448774, 98.2900319028288, 82.72320928188107, 97.70489979103654, 96.65080483038166, 48.77665152145283, 97.68299235292126, 98.65437417998908, 91.87801707120488, 93.45295035339353, 97.75208444189245, 85.0905798274777, 99.257112226324, 92.11634912993213, 97.35720879486489, 80.55287981151494, 96.37590307701936, 95.72130952878588, 86.34521510363246, 97.05335551199002, 90.23055480248647, 91.9203143059611, 92.63950181534557, 83.73973071454179, 97.20608561578558, 85.32182295774365, 67.903161136541, 80.17122642747773, 80.99847422877858, 79.8097795270091, 82.394888216987, 88.48979691043108, 93.7727285800794, 85.94336987719977, 98.31495139897719, 97.95113224403124, 87.72158888856951, 96.28399662454116, 93.95522255823693, 92.88292363717811, 88.66630099145637, 96.18212657930134, 96.25452677278531, 92.47897512814045, 96.40249125737449, 97.70489979103654, 93.62222785477731, 79.9586376786818, 96.361272356348, 91.16839606804068, 83.45192930506076, 87.96806149030944, 85.22198159286441, 87.89200718826359, 96.87112901716543, 83.22750649182981, 91.63387712956397, 92.96865467510739, 98.06581220262237, 72.01280708710112, 97.05029065941564, 93.18341218892986, 98.61831570340111, 88.8697874390751, 92.04417297674794, 96.42655760618293, 98.73830969531534, 84.2427622152002, 78.65524781488811, 95.91692996102255, 97.6170655892658, 98.92934922613733, 93.70501793303072, 79.96168485724775, 98.25086063522724, 97.7740257646391, 98.3039904187235, 62.49631211371126, 95.82750002518385, 72.55524531094868, 91.9065816062832, 95.58654111861453, 92.54895050607918, 83.15567340114839, 98.48347751972886, 98.09830716483496, 96.13103297102447, 56.47248069220607, 75.61002739359438, 90.70848720492846, 88.90286790113788, 94.92128336974032, 98.86469743076553, 78.90992308040757, 98.69070737187076, 94.48641490045505, 82.49942819789416, 75.80416064638726, 87.5818112025243, 93.370039982015, 85.40453379372666, 88.46809666227226, 88.98434703225962, 92.08763607926443, 96.71648626059874, 90.07839336447462, 87.83380373910875, 91.01296842576397, 75.18731792570651, 91.86564528320277, 97.00384042062241, 96.45926094743433, 91.01749596520656, 76.35133120436971, 92.47897512814045, 87.2037847666744, 88.01101181823422, 89.70919484695986, 83.84543283719299, 97.35292718490528, 89.88271449548179, 77.44751980700505, 86.87634573340915, 97.93266890439813, 91.08830728150261, 91.54465378089793, 90.9339036742322, 82.8572778628777, 95.52307034435997, 94.66013569147765, 94.34969012417882, 98.08327540833395, 90.67337296019345, 97.76031158965725, 91.62153034767692, 78.7235915286546, 90.4126943214002, 97.27778873424911, 89.5703354111092, 96.82526791795097, 96.9932543282657, 86.42615918719719, 91.85687237310155]",2.962667995060374,0.9025166314219547
9,Ridge Regression,"[85.6, 91.7, 97.5, 97.7, 92.8, 100.0, 83.2, 100.0, 97.9, 40.5, 100.0, 100.0, 90.8, 96.1, 92.1, 84.2, 100.0, 88.2, 98.3, 77.7, 99.4, 91.1, 83.8, 91.7, 83.0, 95.8, 92.7, 85.6, 97.4, 90.0, 63.2, 77.5, 80.4, 77.1, 81.5, 85.8, 97.7, 89.1, 100.0, 95.5, 85.1, 98.5, 90.7, 88.2, 87.2, 94.2, 98.3, 93.0, 97.2, 100.0, 94.3, 77.8, 98.5, 92.2, 82.6, 82.5, 83.2, 83.7, 91.8, 80.7, 92.0, 93.4, 97.1, 74.2, 96.7, 95.3, 97.3, 91.5, 92.0, 97.8, 90.1, 81.1, 77.0, 94.6, 94.5, 96.7, 94.9, 80.8, 100.0, 94.4, 100.0, 59.9, 98.6, 70.7, 87.9, 97.485, 92.7, 84.8, 96.6, 99.0, 99.3, 54.5, 74.7, 89.7, 89.9, 96.9, 99.2, 80.3, 99.1, 98.2, 83.2, 83.2, 81.9, 92.2, 87.0, 84.9, 86.7, 92.1, 98.2, 92.3, 84.5, 88.7, 66.0, 87.1, 94.9, 97.0, 93.5, 79.4, 93.0, 89.4, 89.8, 92.8, 84.8, 95.4, 93.7, 74.1, 79.9, 99.1, 92.1, 90.8, 90.8, 79.9, 97.4, 93.9, 95.3, 99.6, 92.6, 96.2, 84.1, 73.3, 89.8, 98.5, 88.6, 98.0, 92.8, 85.3, 93.4]","[87.01764917775527, 95.07785798224036, 95.59112303111883, 95.03138457418925, 94.10836732017381, 98.29003031703702, 82.72347680351834, 97.70478862118999, 96.65066102563573, 48.777217070006, 97.68313215919643, 98.65433329812608, 91.8781147830532, 93.45305446591175, 97.75202258674551, 85.09089285522816, 99.25704749006093, 92.11631955991746, 97.35724687514129, 80.55299048889455, 96.37580137806492, 95.72126903932931, 86.34512502831838, 97.05326841647936, 90.23067329624497, 91.92042353082809, 92.63949064924482, 83.73970199309088, 97.20614397464298, 85.32208184593978, 67.9032374730455, 80.17103735312396, 80.99874969094807, 79.81012728146885, 82.39480200081812, 88.49004308652435, 93.77284076091956, 85.94309698554923, 98.31500629115881, 97.9511376410407, 87.72137842284843, 96.28405282062032, 93.95508058637513, 92.8828986383473, 88.66625258304813, 96.1821371637922, 96.25450193759004, 92.47898234384581, 96.40242681709788, 97.70478862118999, 93.62211863183381, 79.95887238971164, 96.36125230123858, 91.16815438119839, 83.45190497644204, 87.9679881424641, 85.22205702080751, 87.89187223563275, 96.87091568865921, 83.22775479629165, 91.6331604923694, 92.96858298064662, 98.06581430207595, 72.0130360274176, 97.05035763991275, 93.18347267131865, 98.61837200386294, 88.86966380570675, 92.04411568523005, 96.42623755239488, 98.73817584037369, 84.24279433060907, 78.65523416720261, 95.91683262200905, 97.61700791912797, 98.92936015465641, 93.70504481673757, 79.9616359846627, 98.25080937722318, 97.77395468000275, 98.3040593142996, 62.4966474723279, 95.82758026653165, 72.5552373210586, 91.90643654650276, 95.58621389085643, 92.54894176622803, 83.15544598618183, 98.48343801363829, 98.09826385767019, 96.13080304719894, 56.473026839648305, 75.6103526927761, 90.70825206707893, 88.90302290900436, 94.92119252866551, 98.86465112921479, 78.90981204473641, 98.69079062484495, 94.48636856933189, 82.499553189935, 75.80454624239746, 87.58182842402829, 93.37017188443052, 85.40421052296092, 88.4682651081441, 88.98439816165163, 92.08751260349958, 96.7164913722504, 90.0781404915836, 87.83376669176043, 91.01300909502315, 75.18722626597086, 91.86569702912112, 97.00388447592016, 96.45933756791746, 91.01735255940271, 76.35141640098874, 92.47898234384581, 87.20393854586229, 88.01119066771433, 89.7090281404541, 83.84563432716328, 97.35289766313451, 89.88237330215263, 77.4478657787829, 86.87649127745485, 97.93275906039206, 91.08817826859445, 91.5444841772175, 90.9337261994328, 82.85747307790191, 95.52254303346874, 94.66005670132101, 94.34960852306088, 98.08332580008572, 90.67334624855816, 97.76026039218033, 91.62142038969519, 78.72326468860973, 90.41273640924437, 97.27781420691376, 89.57017065337301, 96.82521171691583, 96.99295647742234, 86.42640945239319, 91.85702589988227]",2.962682777389471,0.9025156586266005
9,Lasso Regression,"[85.6, 91.7, 97.5, 97.7, 92.8, 100.0, 83.2, 100.0, 97.9, 40.5, 100.0, 100.0, 90.8, 96.1, 92.1, 84.2, 100.0, 88.2, 98.3, 77.7, 99.4, 91.1, 83.8, 91.7, 83.0, 95.8, 92.7, 85.6, 97.4, 90.0, 63.2, 77.5, 80.4, 77.1, 81.5, 85.8, 97.7, 89.1, 100.0, 95.5, 85.1, 98.5, 90.7, 88.2, 87.2, 94.2, 98.3, 93.0, 97.2, 100.0, 94.3, 77.8, 98.5, 92.2, 82.6, 82.5, 83.2, 83.7, 91.8, 80.7, 92.0, 93.4, 97.1, 74.2, 96.7, 95.3, 97.3, 91.5, 92.0, 97.8, 90.1, 81.1, 77.0, 94.6, 94.5, 96.7, 94.9, 80.8, 100.0, 94.4, 100.0, 59.9, 98.6, 70.7, 87.9, 97.485, 92.7, 84.8, 96.6, 99.0, 99.3, 54.5, 74.7, 89.7, 89.9, 96.9, 99.2, 80.3, 99.1, 98.2, 83.2, 83.2, 81.9, 92.2, 87.0, 84.9, 86.7, 92.1, 98.2, 92.3, 84.5, 88.7, 66.0, 87.1, 94.9, 97.0, 93.5, 79.4, 93.0, 89.4, 89.8, 92.8, 84.8, 95.4, 93.7, 74.1, 79.9, 99.1, 92.1, 90.8, 90.8, 79.9, 97.4, 93.9, 95.3, 99.6, 92.6, 96.2, 84.1, 73.3, 89.8, 98.5, 88.6, 98.0, 92.8, 85.3, 93.4]","[86.81056816570869, 94.87654894382952, 95.78572079231171, 95.0728866560321, 94.0773632168095, 98.45731697287836, 82.69094691749432, 97.79049106394152, 96.44637407004184, 48.95534499736937, 97.91432006585742, 98.67176859334232, 91.87709577823765, 93.41151163520179, 97.65142855034661, 85.24752077775108, 99.24101208349842, 92.05430926112189, 97.29152372943935, 80.54787747660839, 96.3941472393225, 95.65741454450963, 86.19283356244989, 97.0253950328074, 90.33721297416936, 91.81052719915569, 92.77051250153416, 83.64237512178202, 97.17757538392054, 85.4341821925139, 68.14026290747265, 80.26519956267427, 81.16231001629762, 80.11167011894321, 82.32419977500557, 88.64031459226864, 93.9514423654841, 86.08565327580135, 98.39278809562153, 97.91062741455589, 87.62612227670311, 96.36197314257758, 93.82308876736525, 92.85609736117091, 88.52165728089344, 96.00244200780567, 96.32217737555257, 92.32752986285058, 96.29834202219912, 97.79049106394152, 93.61968837019994, 79.87847164118278, 96.05064125110978, 91.15176923220506, 83.47104947295728, 87.96149112418784, 85.21833904365195, 87.89344212771975, 96.66596216735049, 83.37782187458308, 91.54525013773552, 92.77030844163437, 98.00134782150882, 72.02706919294313, 96.95502738136817, 93.15332078430988, 98.43031210943782, 88.83368179025044, 92.00055187404999, 96.4262204599553, 98.5066787809041, 84.16979851697683, 78.67650455557072, 95.849152767263, 97.53838395526819, 98.67152485389228, 93.84573434448095, 80.03972117406977, 98.2550571425129, 97.73558465927147, 98.4325217365561, 63.051765252203936, 96.0523844677213, 72.82213475773737, 91.82411282539174, 95.78063488644048, 92.47961056650178, 83.23434595081687, 98.41444888599187, 97.92512263523344, 96.13384763742448, 56.72408128395797, 75.60244993304588, 90.63557204963551, 88.849549928169, 94.84954515947837, 98.53243881466781, 78.91148715814307, 98.65233496215782, 94.50043043991298, 82.65311811722691, 76.07441132501815, 87.62714227714446, 93.32902355058462, 85.59514555010674, 88.52526550906104, 88.91047564129165, 92.04324143528416, 96.73000248661789, 90.01777532028628, 87.84415506337942, 90.90202567158332, 75.47376463608148, 91.81867632700772, 97.00592726701629, 96.49375167829996, 91.01260491296946, 76.70829625660964, 92.32752986285058, 87.32366533599054, 87.97890288467235, 89.63296485705692, 83.83505245816852, 97.15969706336843, 89.80257557987561, 77.71597902852861, 87.12840360726105, 98.00266769392864, 91.08498397562838, 91.50160069346846, 90.87665239016835, 82.9106524934542, 95.57764910022235, 94.48913379989568, 94.1030797356397, 98.2473970212687, 90.75733075144535, 97.63677740011782, 91.54370097016192, 78.7756550521396, 90.59509643181302, 97.26630775572256, 89.5832301429276, 96.55885137850134, 97.01147264369236, 86.57772398289487, 91.98405800924449]",2.958671083335198,0.9027794820650484
9,Random Forest,"[85.6, 91.7, 97.5, 97.7, 92.8, 100.0, 83.2, 100.0, 97.9, 40.5, 100.0, 100.0, 90.8, 96.1, 92.1, 84.2, 100.0, 88.2, 98.3, 77.7, 99.4, 91.1, 83.8, 91.7, 83.0, 95.8, 92.7, 85.6, 97.4, 90.0, 63.2, 77.5, 80.4, 77.1, 81.5, 85.8, 97.7, 89.1, 100.0, 95.5, 85.1, 98.5, 90.7, 88.2, 87.2, 94.2, 98.3, 93.0, 97.2, 100.0, 94.3, 77.8, 98.5, 92.2, 82.6, 82.5, 83.2, 83.7, 91.8, 80.7, 92.0, 93.4, 97.1, 74.2, 96.7, 95.3, 97.3, 91.5, 92.0, 97.8, 90.1, 81.1, 77.0, 94.6, 94.5, 96.7, 94.9, 80.8, 100.0, 94.4, 100.0, 59.9, 98.6, 70.7, 87.9, 97.485, 92.7, 84.8, 96.6, 99.0, 99.3, 54.5, 74.7, 89.7, 89.9, 96.9, 99.2, 80.3, 99.1, 98.2, 83.2, 83.2, 81.9, 92.2, 87.0, 84.9, 86.7, 92.1, 98.2, 92.3, 84.5, 88.7, 66.0, 87.1, 94.9, 97.0, 93.5, 79.4, 93.0, 89.4, 89.8, 92.8, 84.8, 95.4, 93.7, 74.1, 79.9, 99.1, 92.1, 90.8, 90.8, 79.9, 97.4, 93.9, 95.3, 99.6, 92.6, 96.2, 84.1, 73.3, 89.8, 98.5, 88.6, 98.0, 92.8, 85.3, 93.4]","[87.79744000000002, 93.02600000000001, 97.61649000000006, 96.764, 94.47499999999998, 99.64100000000002, 84.95100000000001, 97.97739999999997, 96.85200000000005, 40.620389999999986, 99.67800000000003, 99.81, 91.84999999999998, 92.24099999999999, 97.635, 84.68100000000005, 99.95, 92.70700000000005, 97.08902000000002, 79.75399999999996, 97.10020000000004, 96.42900000000004, 87.38519999999998, 95.71600000000004, 90.49599999999997, 92.72300000000003, 92.46699999999997, 83.91675000000004, 97.89000000000009, 84.74900000000005, 71.37639, 80.37299999999998, 78.99694000000001, 79.44197000000001, 81.79735, 88.00251000000006, 94.09972000000003, 85.15535, 99.915, 97.74800000000012, 88.52702, 98.07963000000004, 92.36899999999997, 91.50999999999996, 90.26095000000008, 94.31300000000003, 98.15625999999999, 90.854, 96.79226000000003, 97.97739999999997, 92.794, 80.79684999999999, 97.42999999999998, 92.96700000000001, 84.22220000000004, 88.25051000000005, 82.55999999999996, 88.39200000000004, 96.61762999999999, 84.30299999999997, 90.3272, 90.82899999999998, 95.89500000000007, 71.71800000000003, 97.00299999999997, 93.54800000000002, 97.556, 89.48899999999999, 90.28300000000007, 96.46092999999995, 94.28200000000002, 85.295, 77.93899999999994, 95.28962999999997, 96.97500000000004, 96.87700000000001, 93.64700000000002, 78.76935000000002, 98.337, 96.51272000000003, 99.88300000000001, 65.03294999999997, 98.23400000000005, 70.51100000000001, 91.18600000000002, 97.61649000000006, 93.45400000000001, 82.49194999999992, 96.40199999999999, 97.57485999999999, 95.63390999999997, 56.535560000000004, 72.34600000000006, 89.08300000000007, 89.44100000000005, 93.681, 97.52000000000004, 79.9290000000001, 99.57900000000001, 95.493, 83.24099999999999, 78.31598000000001, 87.12500000000001, 91.82700000000003, 84.50799999999998, 89.08800000000014, 89.9612, 92.19, 96.97914999999995, 90.8950000000001, 86.69151000000002, 91.70400000000004, 76.72299999999994, 91.51600000000002, 97.87700000000008, 97.96112000000002, 91.59199999999998, 75.311, 90.854, 84.48400000000001, 88.16951000000005, 89.81100000000006, 86.194, 95.86900000000001, 90.65900000000002, 78.52392000000003, 86.59600000000005, 99.462, 91.60199999999995, 90.57200000000003, 90.55100000000006, 85.53100000000003, 96.04615999999999, 93.37100000000002, 94.25799999999998, 99.44300000000003, 91.64699999999999, 96.89100000000008, 91.459, 79.8480000000001, 89.64800000000001, 97.36900000000001, 90.35500000000003, 97.27200000000005, 96.14552000000005, 84.32300000000005, 91.698]",2.8985984727226537,0.9066873175568416
9,Support Vector Regressor (SVR),"[85.6, 91.7, 97.5, 97.7, 92.8, 100.0, 83.2, 100.0, 97.9, 40.5, 100.0, 100.0, 90.8, 96.1, 92.1, 84.2, 100.0, 88.2, 98.3, 77.7, 99.4, 91.1, 83.8, 91.7, 83.0, 95.8, 92.7, 85.6, 97.4, 90.0, 63.2, 77.5, 80.4, 77.1, 81.5, 85.8, 97.7, 89.1, 100.0, 95.5, 85.1, 98.5, 90.7, 88.2, 87.2, 94.2, 98.3, 93.0, 97.2, 100.0, 94.3, 77.8, 98.5, 92.2, 82.6, 82.5, 83.2, 83.7, 91.8, 80.7, 92.0, 93.4, 97.1, 74.2, 96.7, 95.3, 97.3, 91.5, 92.0, 97.8, 90.1, 81.1, 77.0, 94.6, 94.5, 96.7, 94.9, 80.8, 100.0, 94.4, 100.0, 59.9, 98.6, 70.7, 87.9, 97.485, 92.7, 84.8, 96.6, 99.0, 99.3, 54.5, 74.7, 89.7, 89.9, 96.9, 99.2, 80.3, 99.1, 98.2, 83.2, 83.2, 81.9, 92.2, 87.0, 84.9, 86.7, 92.1, 98.2, 92.3, 84.5, 88.7, 66.0, 87.1, 94.9, 97.0, 93.5, 79.4, 93.0, 89.4, 89.8, 92.8, 84.8, 95.4, 93.7, 74.1, 79.9, 99.1, 92.1, 90.8, 90.8, 79.9, 97.4, 93.9, 95.3, 99.6, 92.6, 96.2, 84.1, 73.3, 89.8, 98.5, 88.6, 98.0, 92.8, 85.3, 93.4]","[86.86962072854307, 95.48280521419079, 95.94683823385887, 95.32756224176285, 95.58753927345558, 99.4419045040036, 86.92461420840696, 98.22437277584095, 95.99913341039459, 70.99778544087502, 98.46135241694944, 99.25576893765579, 93.65223714796457, 94.03294383863363, 97.78547318886896, 91.33687319955477, 99.22499639343022, 93.53212904779882, 97.59059604653203, 82.63355892463419, 97.35806032979643, 96.1009965056792, 86.20563475088194, 95.82958192170913, 92.53246758879175, 93.90787538864966, 93.61961791562695, 84.05617521436902, 98.16614468289511, 91.43282380258799, 71.65920983134538, 79.55516650646621, 86.50499022342593, 89.60487308454184, 82.49415674968247, 91.28190688949216, 94.6296311061635, 84.87320437546181, 99.47832890981962, 98.41729970595641, 86.67966466921958, 98.12585766258803, 93.30078828901492, 93.65381136984946, 89.3028903297633, 96.53002064703479, 97.48074817607915, 92.08972926783972, 96.44070119004915, 98.22437277584095, 94.01290847463777, 83.6668498334505, 96.4515520856656, 91.26909635463758, 83.91840192036977, 88.00376182856404, 86.8697197758292, 87.24736725388475, 96.0135020179092, 87.39985906585159, 85.68120029593909, 93.31756822885144, 97.16998516141734, 76.28701417076556, 97.45552052993648, 94.66194078835565, 98.28145862726646, 88.88469157411318, 91.36990814071082, 95.63584070763443, 97.27963215572763, 85.52286586245637, 79.89077861223863, 95.63203249855782, 97.75458486657337, 98.02046737717396, 95.33284041252483, 79.87996397875206, 98.49243513333855, 97.57535050953926, 99.44841819207704, 73.47853214126722, 98.13520352282383, 76.03969813554072, 91.31069231468086, 95.97038821267812, 94.05165079695335, 81.80175133584106, 98.03801863311641, 97.62738863790862, 96.17012211262751, 67.15433094277057, 79.74156995544128, 89.02577906294411, 91.3432478884617, 95.37307610410082, 97.29594261041058, 79.94323936800205, 99.21629126324376, 93.32091213530876, 83.96562898897042, 82.6196168945585, 88.84911587607738, 94.79532229194369, 83.52825002346742, 90.23278142102203, 89.84187374147989, 92.68396287940591, 97.99810593822482, 88.43543425488927, 89.44509419058062, 92.05529797838827, 76.61563009289694, 92.71528812064099, 98.2145691134174, 97.90654056634115, 91.2659082329222, 78.2891608198303, 92.08972926783972, 90.12400456296035, 90.93395473262287, 89.63356581859613, 86.19834947242484, 97.16970940968032, 87.25126409187065, 85.6263549015161, 89.20017093942, 99.25762653031933, 91.57724927360101, 90.93291297120403, 90.18619480005677, 84.8641970448537, 93.76384382034887, 95.09342915648992, 94.81655398690945, 99.10435752996008, 91.76125403564781, 97.55408593835244, 91.23776468587768, 78.34657230668574, 94.75330504146018, 96.45785668928416, 88.66499206167781, 96.45011138045972, 96.11190001818899, 89.74733043644865, 93.9423340464764]",4.704033521132641,0.7542432970846966
10,Linear Regression,"[12.1, 17.9, 6.6, 28.7, 11.0, 31.9, 11.7, 28.0, 12.9, 7.6, 39.4, 49.4, 15.9, 25.8, 21.9, 7.3, 45.7, 20.8, 43.8, 14.4, 27.8, 12.3, 8.3, 21.8, 23.7, 24.3, 18.5, 7.0, 37.3, 24.5, 3.3, 11.5, 13.9, 7.1, 15.7, 18.9, 18.3, 15.2, 53.7, 53.8, 18.5, 16.9, 14.5, 15.3, 21.8, 77.0, 47.5, 35.8, 18.6, 28.0, 4.9, 15.5, 42.2, 25.4, 11.0, 11.6, 26.5, 13.0, 66.7, 16.3, 10.0, 12.8, 41.8, 5.4, 19.9, 27.3, 39.5, 16.1, 11.6, 18.2, 79.1, 16.7, 5.3, 25.3, 53.0, 31.4, 10.0, 7.5, 36.2, 30.6, 42.4, 3.9, 33.301, 5.2, 16.0, 6.758, 25.9, 9.5, 33.7, 24.1, 44.7, 6.4, 10.0, 8.3, 22.4, 16.0, 59.4, 9.0, 26.5, 33.5, 22.1, 10.8, 27.5, 13.2, 10.8, 10.9, 7.3, 6.2, 17.3, 18.9, 6.2, 5.1, 11.2, 8.6, 35.3, 32.7, 22.5, 5.0, 35.8, 10.2, 18.4, 8.9, 3.2, 77.2, 11.0, 10.5, 9.8, 27.7, 22.6, 12.2, 8.8, 9.7, 49.7, 40.7, 16.4, 29.1, 13.6, 61.0, 15.2, 9.0, 23.5, 10.2, 20.4, 18.0, 6.7, 13.7, 9.6]","[12.600361436211664, 21.867745014679414, 13.039159945512601, 24.863573426893772, 22.534320678631744, 39.14247453592257, 22.23546620636681, 41.29600073708864, 15.620328440763764, 10.782880008208073, 45.6593507809502, 42.69930584571182, 18.976838939786255, 23.94806021775684, 29.58895942231845, 18.35450053141532, 45.8530405073878, 24.05919304240849, 41.68368420367976, 3.345021167918695, 36.607846542508156, 15.451488277409554, 10.787190586276115, 22.696790814217188, 25.17118396501275, 19.051504696617037, 18.11358708054006, 5.5554298913741755, 40.13029398369899, 34.98078430019959, 6.188010977384348, 10.748152715337856, 23.422476777037534, 17.01553438438497, 14.68799085595637, 19.294903891180645, 16.1098908667735, 13.066936669286969, 49.833579871616834, 46.207714809535446, 13.210478892781847, 32.599551071420095, 19.611335100904967, 18.71519971761378, 25.81991538745206, 43.32713937681646, 31.87045473909423, 28.65501276893534, 22.69782381396867, 41.29600073708864, 10.380432889271145, 16.819780518572877, 20.567660997517162, 23.715185160151425, 11.34742619385354, 13.546819203343993, 19.924996094069236, 16.824273863416842, 37.3258193398187, 19.032949224232894, 17.331785093870447, 9.359259634750579, 39.6717025553727, 8.040500986642344, 32.62594357366986, 38.12102259819259, 45.84563844176685, 7.631237830621531, 10.496302717749263, 19.58593465288974, 35.90391150187958, 19.501205115260262, 0.7936665075727856, 26.558684258153086, 32.69715099671373, 41.78613605776682, 20.614465587278545, 6.674390273907458, 42.72519557029118, 42.90600809320998, 50.30404533839956, -2.317904289117056, 44.59511140487722, 1.3423732634091756, 15.213398834483687, 12.999079348336751, 36.605412056777325, 10.637308763005162, 21.144842072111764, 18.944159706361987, 37.47821811763046, 1.1431839198091085, 4.830627444482398, 10.18519123215849, 22.07835446077052, 20.986951114718202, 25.57709000757983, 12.515057024049934, 34.91789631775535, 27.74354557089636, 24.339661352327568, 21.306944111504695, 24.015984055916054, 24.14936105228864, 12.769913426112288, 14.402459787921256, 11.607033407320744, 16.72528682141151, 13.836907677295876, 13.70517840019113, 21.920034154396877, 10.988382959099578, 12.804826293169011, 16.225118691849325, 37.9893137929906, 40.29208283276938, 16.423820735173226, 4.3166462660866785, 28.65501276893534, 17.880294684008383, 24.812936967982992, 7.692539308580617, 5.132534581661882, 38.908440179301685, 17.513682839925927, 19.036547218915434, 15.28759259879066, 45.795682659608346, 19.925802837530536, 10.154667704775342, 12.8801552213403, 10.087334356696037, 34.08894488049076, 26.626257206370845, 23.271976789122295, 39.27154682721651, 12.355680904576896, 41.543295977700055, 17.4256945893769, 7.667440356217514, 38.9437430144402, 15.354977450528601, 23.11586825111174, 18.64181989647798, 16.157946369594466, 18.0973938926885, 17.18323316520333]",9.925397327204479,0.6012645876519421
10,Ridge Regression,"[12.1, 17.9, 6.6, 28.7, 11.0, 31.9, 11.7, 28.0, 12.9, 7.6, 39.4, 49.4, 15.9, 25.8, 21.9, 7.3, 45.7, 20.8, 43.8, 14.4, 27.8, 12.3, 8.3, 21.8, 23.7, 24.3, 18.5, 7.0, 37.3, 24.5, 3.3, 11.5, 13.9, 7.1, 15.7, 18.9, 18.3, 15.2, 53.7, 53.8, 18.5, 16.9, 14.5, 15.3, 21.8, 77.0, 47.5, 35.8, 18.6, 28.0, 4.9, 15.5, 42.2, 25.4, 11.0, 11.6, 26.5, 13.0, 66.7, 16.3, 10.0, 12.8, 41.8, 5.4, 19.9, 27.3, 39.5, 16.1, 11.6, 18.2, 79.1, 16.7, 5.3, 25.3, 53.0, 31.4, 10.0, 7.5, 36.2, 30.6, 42.4, 3.9, 33.301, 5.2, 16.0, 6.758, 25.9, 9.5, 33.7, 24.1, 44.7, 6.4, 10.0, 8.3, 22.4, 16.0, 59.4, 9.0, 26.5, 33.5, 22.1, 10.8, 27.5, 13.2, 10.8, 10.9, 7.3, 6.2, 17.3, 18.9, 6.2, 5.1, 11.2, 8.6, 35.3, 32.7, 22.5, 5.0, 35.8, 10.2, 18.4, 8.9, 3.2, 77.2, 11.0, 10.5, 9.8, 27.7, 22.6, 12.2, 8.8, 9.7, 49.7, 40.7, 16.4, 29.1, 13.6, 61.0, 15.2, 9.0, 23.5, 10.2, 20.4, 18.0, 6.7, 13.7, 9.6]","[12.600469273775857, 21.867643858294436, 13.039574500348365, 24.863522117372433, 22.53433225626354, 39.142830520054666, 22.23570496799067, 41.29577839382516, 15.62045806506294, 10.782440865926299, 45.65968428134168, 42.69911301665264, 18.97629675269713, 23.947665259854077, 29.58942108227042, 18.354128191174524, 45.85326563486387, 24.058857227536585, 41.6840339890618, 3.345482939749502, 36.60774041130826, 15.451473165728734, 10.78736824953685, 22.696998096785652, 25.17115887268018, 19.051851390710183, 18.113514023426294, 5.5552330126688245, 40.12958349878, 34.98041473920632, 6.18830844146397, 10.748553428718417, 23.422742234350366, 17.01539937611267, 14.688068255594764, 19.29445411615543, 16.11031999105994, 13.066996095737553, 49.83306015322344, 46.20711390092241, 13.21094113635007, 32.599257724276335, 19.6113870221458, 18.715439826229186, 25.819016590309424, 43.326306878910835, 31.87034095359331, 28.654910280691723, 22.698486277296354, 41.29577839382516, 10.380835622134978, 16.819734428572602, 20.567885166217685, 23.7149310866273, 11.347309997901274, 13.546361736303666, 19.924579783414064, 16.824359731946892, 37.325779922746726, 19.03275346948277, 17.33191447726156, 9.359431529365624, 39.67151428616003, 8.040106820003533, 32.62638304056976, 38.12134262072522, 45.84517322025608, 7.631626209093111, 10.496495949784562, 19.58634942106656, 35.90346739694988, 19.501400140264394, 0.7936354889613471, 26.558072568925542, 32.697186618225686, 41.78588572384574, 20.61471550449984, 6.674779028464308, 42.72508342394224, 42.90631225583799, 50.3038507936596, -2.317883262188996, 44.595190371004556, 1.3427012874774444, 15.213245991324753, 12.999499011843598, 36.60495596553636, 10.63749748134839, 21.14527091076393, 18.944316374132285, 37.47751056954663, 1.1429539034577285, 4.830930759745468, 10.185498577058107, 22.07863524127246, 20.987058026000913, 25.5775678789487, 12.514856057093477, 34.917789969462376, 27.743391321959656, 24.33959870071059, 21.30690096729562, 24.01578973325266, 24.14907220967727, 12.769994429173387, 14.402444562769372, 11.607517790790453, 16.724933619006187, 13.836856948848483, 13.705071153024878, 21.91994821090503, 10.98863130552899, 12.804269383605924, 16.224504210953732, 37.988860399334484, 40.29232179686138, 16.423971503964935, 4.316835984383709, 28.654910280691723, 17.879720011919183, 24.812688579397033, 7.692433354052093, 5.132741429574234, 38.90747745059903, 17.5135454805769, 19.036748133468194, 15.287364293818401, 45.79533464618547, 19.925450772354026, 10.154865121360622, 12.880225960601951, 10.086907149327327, 34.08832622121459, 26.626294585938435, 23.27215619136467, 39.27194343104114, 12.356277856455105, 41.5432195970702, 17.426394607889723, 7.667259179517526, 38.94358567187459, 15.355195092711314, 23.115392485259893, 18.642401937066662, 16.158196593329976, 18.09685943357742, 17.183584133500545]",9.925435394870759,0.6012615290427561
10,Lasso Regression,"[12.1, 17.9, 6.6, 28.7, 11.0, 31.9, 11.7, 28.0, 12.9, 7.6, 39.4, 49.4, 15.9, 25.8, 21.9, 7.3, 45.7, 20.8, 43.8, 14.4, 27.8, 12.3, 8.3, 21.8, 23.7, 24.3, 18.5, 7.0, 37.3, 24.5, 3.3, 11.5, 13.9, 7.1, 15.7, 18.9, 18.3, 15.2, 53.7, 53.8, 18.5, 16.9, 14.5, 15.3, 21.8, 77.0, 47.5, 35.8, 18.6, 28.0, 4.9, 15.5, 42.2, 25.4, 11.0, 11.6, 26.5, 13.0, 66.7, 16.3, 10.0, 12.8, 41.8, 5.4, 19.9, 27.3, 39.5, 16.1, 11.6, 18.2, 79.1, 16.7, 5.3, 25.3, 53.0, 31.4, 10.0, 7.5, 36.2, 30.6, 42.4, 3.9, 33.301, 5.2, 16.0, 6.758, 25.9, 9.5, 33.7, 24.1, 44.7, 6.4, 10.0, 8.3, 22.4, 16.0, 59.4, 9.0, 26.5, 33.5, 22.1, 10.8, 27.5, 13.2, 10.8, 10.9, 7.3, 6.2, 17.3, 18.9, 6.2, 5.1, 11.2, 8.6, 35.3, 32.7, 22.5, 5.0, 35.8, 10.2, 18.4, 8.9, 3.2, 77.2, 11.0, 10.5, 9.8, 27.7, 22.6, 12.2, 8.8, 9.7, 49.7, 40.7, 16.4, 29.1, 13.6, 61.0, 15.2, 9.0, 23.5, 10.2, 20.4, 18.0, 6.7, 13.7, 9.6]","[12.957572234174693, 21.315337475504553, 13.484109498316249, 24.637988053766396, 22.611001672536347, 39.46180479582112, 22.412061594151893, 40.93922315759481, 15.675962142515198, 10.183753786882058, 46.094378055593694, 42.41582455051437, 18.457595094920013, 23.44428981919953, 29.96036568922589, 18.09018517385702, 46.50332469063768, 23.574799371025932, 42.110232443758534, 3.882030447151653, 36.1077946704329, 15.609146778009965, 11.402819266874314, 23.03546050761586, 25.02530543128796, 19.55798888725722, 17.950192156285897, 5.69464735515844, 39.18345521360922, 34.960447322912565, 6.532778306759126, 11.139139913449164, 23.421806944262798, 16.964618271900896, 14.809346695620969, 19.008374716981052, 16.56642525500322, 13.073668415723034, 49.1844559099725, 44.89718263491469, 13.833997294558184, 32.43059373446707, 19.953542204875067, 18.7939789051557, 24.570605342920818, 42.19297081702256, 31.527338668378434, 28.701732986280952, 23.5339443460952, 40.93922315759481, 10.786854118857264, 16.591735310310703, 21.056798901609255, 23.2119144531694, 11.36012526343838, 13.218488383888822, 19.351338173664274, 17.13308677898023, 37.07976154307605, 19.208719349111718, 17.43998715177229, 9.789414110408096, 39.2993069967942, 7.440504550984405, 33.041560052171505, 38.0151757719554, 45.2863555026104, 8.396195215155847, 10.859883627746967, 20.14270385193535, 35.242133470419205, 19.50683396682276, 0.9056471933666463, 25.979352409961578, 32.36164972418483, 41.18051675504699, 20.656881492427587, 7.405912966077953, 42.2510721095084, 43.19856295650344, 49.86030012420292, -2.0900713057660223, 44.34871925158204, 1.6090590681734156, 15.473117583371629, 13.447547147833706, 36.46527264008415, 10.869932242187744, 22.115946601726304, 19.432109655362645, 36.673562357197774, 1.4379443481550487, 5.481547053317597, 10.635382392042624, 22.358390779989236, 21.024465512221862, 26.475211527234777, 12.237746249021342, 34.90282836552572, 27.767698968361824, 24.21448070717084, 21.244389790071853, 23.92716707697757, 23.66814474034478, 12.850047431880359, 14.460064432752516, 12.52831282462262, 16.334743139500553, 14.137139131960222, 14.028272914525672, 22.23709007202188, 11.282213073587707, 11.935107813049832, 15.403056030500625, 37.14004675776625, 40.51956030316925, 16.75778713729531, 4.572022334011353, 28.701732986280952, 17.534370863363396, 24.372175374845014, 7.851114731250196, 5.477017336447754, 37.90693004407818, 17.520519153013325, 19.51497884188629, 15.082058132209175, 45.36279320021474, 19.4728641290173, 10.321070368061484, 12.943106582397535, 9.77543386881499, 33.060263291594595, 26.73994865927638, 23.391611832389547, 39.57106969786749, 12.988216894118848, 41.43392846493209, 18.164019087060687, 7.632835788675486, 38.932508220759246, 15.558706594097618, 22.36270044015698, 19.387222004080876, 16.362952846945994, 17.615178782356345, 17.540629653749008]",9.96799209337669,0.5978349042781881
10,Random Forest,"[12.1, 17.9, 6.6, 28.7, 11.0, 31.9, 11.7, 28.0, 12.9, 7.6, 39.4, 49.4, 15.9, 25.8, 21.9, 7.3, 45.7, 20.8, 43.8, 14.4, 27.8, 12.3, 8.3, 21.8, 23.7, 24.3, 18.5, 7.0, 37.3, 24.5, 3.3, 11.5, 13.9, 7.1, 15.7, 18.9, 18.3, 15.2, 53.7, 53.8, 18.5, 16.9, 14.5, 15.3, 21.8, 77.0, 47.5, 35.8, 18.6, 28.0, 4.9, 15.5, 42.2, 25.4, 11.0, 11.6, 26.5, 13.0, 66.7, 16.3, 10.0, 12.8, 41.8, 5.4, 19.9, 27.3, 39.5, 16.1, 11.6, 18.2, 79.1, 16.7, 5.3, 25.3, 53.0, 31.4, 10.0, 7.5, 36.2, 30.6, 42.4, 3.9, 33.301, 5.2, 16.0, 6.758, 25.9, 9.5, 33.7, 24.1, 44.7, 6.4, 10.0, 8.3, 22.4, 16.0, 59.4, 9.0, 26.5, 33.5, 22.1, 10.8, 27.5, 13.2, 10.8, 10.9, 7.3, 6.2, 17.3, 18.9, 6.2, 5.1, 11.2, 8.6, 35.3, 32.7, 22.5, 5.0, 35.8, 10.2, 18.4, 8.9, 3.2, 77.2, 11.0, 10.5, 9.8, 27.7, 22.6, 12.2, 8.8, 9.7, 49.7, 40.7, 16.4, 29.1, 13.6, 61.0, 15.2, 9.0, 23.5, 10.2, 20.4, 18.0, 6.7, 13.7, 9.6]","[15.093190000000009, 21.170229999999997, 14.278790000000008, 26.030999999999995, 21.921000000000003, 40.945689999999985, 17.402790000000007, 40.372, 12.847000000000003, 7.443920000000002, 41.94220000000002, 49.92899999999999, 19.731, 30.57099999999998, 26.717000000000006, 11.390000000000002, 40.42884999999998, 24.962, 41.52946000000001, 7.924999999999999, 30.941000000000003, 23.90495, 12.055120000000002, 19.05600000000001, 15.683000000000007, 15.040999999999997, 9.552999999999995, 10.893999999999995, 36.91099999999995, 32.82281000000001, 7.31134, 11.379339999999997, 14.739000000000003, 7.834000000000002, 13.685340000000005, 15.451999999999996, 20.336999999999996, 11.781000000000004, 43.81464000000002, 49.035179999999976, 14.012599999999999, 31.414999999999992, 19.134000000000004, 11.592, 28.947119999999988, 53.077999999999996, 32.13799999999998, 31.05499999999998, 18.34889, 40.372, 6.402999999999996, 14.444679999999996, 29.675789999999996, 18.470000000000013, 12.707000000000003, 14.964660000000004, 15.56737, 15.179520000000002, 48.843999999999994, 17.01892000000001, 30.307089999999988, 12.621920000000003, 50.9092, 7.994000000000002, 22.55338, 32.245, 44.79417, 10.74842, 12.776000000000003, 25.822519999999994, 61.04100000000004, 13.267920000000004, 6.146, 31.490999999999985, 23.663849999999996, 53.599100000000014, 14.81, 10.751339999999994, 45.305519999999994, 45.12363000000003, 44.35166000000003, 9.833040000000004, 43.326100000000025, 5.956999999999999, 14.043080000000007, 14.187830000000009, 36.090330000000016, 9.956000000000001, 24.313000000000017, 24.203999999999994, 35.61399999999996, 7.57299999999999, 8.821000000000003, 12.51, 17.623000000000008, 15.189000000000005, 38.746, 10.267919999999998, 41.84200000000001, 26.010000000000005, 19.03200000000001, 12.225000000000001, 21.620700000000003, 14.302999999999999, 11.693000000000005, 10.036000000000003, 12.812000000000005, 10.089999999999998, 21.60600000000001, 16.47166, 19.158850000000008, 9.806000000000006, 11.888919999999999, 15.977999999999986, 37.35499999999996, 44.34594000000001, 18.250999999999998, 7.602999999999998, 31.05499999999998, 14.947000000000003, 23.059659999999997, 11.875039999999997, 6.760000000000004, 56.16400000000001, 14.87219, 16.355960000000003, 12.894999999999998, 48.176700000000004, 14.992, 9.260999999999996, 11.971000000000004, 10.766999999999996, 38.27299999999997, 22.27500000000001, 17.799, 43.123179999999984, 10.028039999999999, 46.81562000000001, 14.884309999999996, 9.671, 33.59469000000001, 10.531999999999991, 29.269999999999968, 13.532, 9.720999999999998, 11.997000000000005, 12.742]",8.219855081648587,0.7265251913292291
10,Support Vector Regressor (SVR),"[12.1, 17.9, 6.6, 28.7, 11.0, 31.9, 11.7, 28.0, 12.9, 7.6, 39.4, 49.4, 15.9, 25.8, 21.9, 7.3, 45.7, 20.8, 43.8, 14.4, 27.8, 12.3, 8.3, 21.8, 23.7, 24.3, 18.5, 7.0, 37.3, 24.5, 3.3, 11.5, 13.9, 7.1, 15.7, 18.9, 18.3, 15.2, 53.7, 53.8, 18.5, 16.9, 14.5, 15.3, 21.8, 77.0, 47.5, 35.8, 18.6, 28.0, 4.9, 15.5, 42.2, 25.4, 11.0, 11.6, 26.5, 13.0, 66.7, 16.3, 10.0, 12.8, 41.8, 5.4, 19.9, 27.3, 39.5, 16.1, 11.6, 18.2, 79.1, 16.7, 5.3, 25.3, 53.0, 31.4, 10.0, 7.5, 36.2, 30.6, 42.4, 3.9, 33.301, 5.2, 16.0, 6.758, 25.9, 9.5, 33.7, 24.1, 44.7, 6.4, 10.0, 8.3, 22.4, 16.0, 59.4, 9.0, 26.5, 33.5, 22.1, 10.8, 27.5, 13.2, 10.8, 10.9, 7.3, 6.2, 17.3, 18.9, 6.2, 5.1, 11.2, 8.6, 35.3, 32.7, 22.5, 5.0, 35.8, 10.2, 18.4, 8.9, 3.2, 77.2, 11.0, 10.5, 9.8, 27.7, 22.6, 12.2, 8.8, 9.7, 49.7, 40.7, 16.4, 29.1, 13.6, 61.0, 15.2, 9.0, 23.5, 10.2, 20.4, 18.0, 6.7, 13.7, 9.6]","[15.075446352705292, 15.967368761095162, 18.11264088613002, 22.643952192396043, 21.77427557351963, 38.665007003353615, 21.051290147679822, 37.79687279130359, 15.962267527542453, 8.877166350342277, 41.29849355792288, 38.67729842863541, 17.238307959636657, 21.17910600963458, 27.999043074866965, 13.540135612728964, 40.39154467480998, 21.3581206906948, 37.29463966225029, 7.174835348838043, 31.655587928355388, 14.813874583488458, 14.461062593176642, 23.00155174077137, 19.69169095905652, 18.931017489439768, 11.960899787665998, 8.76706526478956, 34.03659029672532, 35.11754607722022, 7.260121759743187, 10.304634717682557, 18.879563467717244, 13.809905135733532, 13.297121448764962, 15.891508175848895, 16.756771849373983, 10.45847991781255, 41.99991242904764, 33.34827507970387, 14.713480120152914, 31.213968630508525, 19.454537723324083, 15.474263820000061, 15.237859553551168, 35.01301817042131, 28.74685765921511, 28.256833545809844, 25.032681165299167, 37.79687279130359, 13.314676449901361, 12.12745508464024, 22.77849457977655, 18.585640838098104, 9.954963907083759, 10.999488288969102, 14.40591534609748, 16.508294796293608, 33.45889950997227, 21.16266818364994, 17.2672852912246, 12.763246599888642, 35.896138528511216, 6.016873061479512, 33.804181265271104, 31.93763984988174, 39.65011714994372, 13.24014482310588, 12.166432215774027, 23.517579915504992, 30.678058689660524, 14.861144386620367, 5.235698419518574, 24.44955054693578, 29.438076783398188, 36.15402249593649, 18.84888792629269, 9.592856585133495, 36.512013009627886, 39.47933084737498, 42.289847336869386, 5.538596406214637, 39.249836652619244, 5.369477161128701, 16.530774652695964, 18.07999456491478, 35.93947988178297, 9.878301747330594, 26.664842793576604, 23.937080584178034, 32.11981701230649, 7.657798190283993, 7.464663915790785, 11.192410794837436, 19.746662390762697, 20.554728840130355, 31.11789895708869, 10.940373406074912, 31.56795534847499, 25.555702889961047, 20.913128046097437, 15.972865995302321, 20.210108337331864, 19.073166668084095, 9.90724346429015, 11.509499819666223, 16.446267086841775, 11.148148664283596, 18.411356518469198, 15.178614577535884, 24.605986555521103, 10.582854115962895, 7.521349168943178, 12.558487836669817, 31.828061447299135, 38.40858503641004, 17.622190724124533, 5.777688878086785, 28.256833545809844, 14.400967716745978, 21.743148457322075, 9.524211638043678, 7.691798861590655, 32.59441346767591, 18.709447283245716, 20.048558690588738, 11.638319840593505, 40.137345033013325, 15.448062434379425, 11.004300894239153, 13.391846188752996, 7.994176784161512, 26.84158728934365, 24.87162676012123, 20.824896654895767, 38.41442302342985, 15.669946551386793, 38.06212008993461, 18.411016836523405, 7.772511196215266, 38.0555880614839, 16.417657515089743, 13.501212194707662, 21.96977415862429, 12.640266453966241, 12.751374127705493, 14.862601761549236]",10.450170952812796,0.5579862336004153
37,Linear Regression,"[84.8, 96.6, 100.0, 99.2, 98.5, 98.7, 92.1, 100.0, 87.5, 51.6, 100.0, 99.1, 92.4, 91.4, 94.5, 98.2, 98.9, 92.2, 97.7, 70.7, 96.8, 95.4, 77.5, 97.9, 94.9, 97.5, 96.1, 84.3, 97.0, 98.3, 79.5, 74.1, 89.9, 97.6, 63.6, 97.2, 97.3, 95.2, 97.6, 92.3, 80.5, 96.8, 89.8, 94.6, 95.3, 92.7, 99.6, 86.1, 84.1, 100.0, 96.0, 73.1, 98.8, 99.2, 73.0, 93.6, 92.1, 86.8, 90.4, 94.6, 97.3, 93.8, 98.4, 80.4, 97.0, 97.3, 100.0, 98.4, 90.9, 99.3, 86.6, 71.5, 82.5, 96.3, 91.4, 100.0, 89.4, 57.6, 94.3, 99.3, 96.5, 99.3, 97.9, 78.8, 90.3, 100.0, 95.6, 81.5, 97.7, 98.4, 95.0, 87.3, 67.7, 82.6, 80.2, 94.3, 99.5, 81.3, 100.0, 99.7, 88.0, 97.0, 93.7, 85.7, 96.9, 96.3, 94.0, 91.6, 99.6, 81.9, 94.1, 95.4, 91.7, 85.1, 94.4, 97.2, 98.1, 97.6, 86.1, 97.2, 85.5, 82.4, 91.9, 91.2, 92.6, 96.7, 95.6, 97.6, 90.9, 79.4, 77.0, 93.8, 98.2, 83.9, 96.0, 93.0, 97.1, 95.0, 90.3, 68.1, 95.6, 98.0, 91.7, 90.9, 97.1, 96.5, 98.6]","[82.5712769610306, 97.48134367156035, 104.50786167250996, 98.68170700238989, 97.77084019084741, 98.00160137789175, 85.16423957822015, 97.47737035857745, 91.87964256168135, 79.92786458227839, 101.25263764538695, 99.25782716204606, 91.96447503793891, 90.28908328101203, 98.13900734798027, 95.7650304049967, 99.9751866557304, 94.9274733851189, 99.55889838580894, 78.5894874205429, 100.12351642780442, 91.49311130238638, 80.12169443205383, 89.97946155260348, 94.77772976795853, 93.26381502255099, 89.88843089116165, 79.42670637259238, 96.91867020970825, 95.66796586599615, 84.62765778755589, 77.0803626097524, 90.14040913173942, 92.93797263023363, 76.12709039118987, 93.80164900054602, 97.54696637552499, 93.77693384893843, 99.83846311693338, 96.95731126823574, 82.95877709561123, 97.7249495592917, 87.5460345747608, 92.5007471535783, 92.56234877667495, 94.13371652208657, 100.69001964824787, 82.79035798286841, 98.09569921317627, 97.47737035857745, 93.20892806162611, 82.48963738328465, 95.1225463053007, 96.97007678404461, 79.68405117346578, 88.92586708953151, 90.40508607434249, 87.22889101283245, 94.06213906875237, 92.97898155307347, 93.42661449715726, 89.91196895518958, 99.34470142429025, 78.42091179181246, 95.96321046308039, 96.1299505725915, 100.84794809207655, 87.3683742807309, 83.40955904681817, 101.00677431160726, 93.66177031649299, 81.13844826450037, 79.5421455618859, 93.33611043118155, 95.9567164568567, 97.10755184826945, 92.85829053026164, 82.07499877360861, 97.55353084749537, 97.44064689180561, 95.7683450818808, 93.39216936170655, 99.03251201143516, 71.65717342388928, 87.14057632504812, 104.43581791459115, 94.15226352697388, 80.43359094495551, 98.85241932920755, 99.87689987083387, 103.62602117599491, 77.95615849071511, 78.66697930899468, 80.90639067030455, 87.12605148533372, 96.97950984636643, 98.71570847631864, 76.39038598240543, 99.05673928664051, 95.40983194328537, 86.19077432842062, 91.53156701679184, 96.34136012330688, 91.5036507372728, 94.18694211659155, 91.6886375669647, 83.12454742011565, 91.50491083378643, 100.40177640504157, 81.76636817670862, 94.7108521505858, 87.4446764328299, 93.89847221809347, 90.35371460097893, 97.09012108775288, 97.5906693541911, 92.40089762878613, 90.63667143908756, 82.79035798286841, 91.05472941791128, 92.70243985990881, 83.70092762701628, 83.87843072414152, 94.09375848358943, 92.28534866009177, 97.09479045236519, 94.59254154112259, 95.74807838449843, 92.29027525747941, 87.01585245459827, 86.2648622055779, 81.21298928375475, 102.22614215331795, 94.536526543522, 94.15703329796641, 96.6649297939479, 93.05652693998695, 95.83627052289559, 85.62098832773191, 77.5356417780998, 97.80190874068373, 96.5813093470139, 95.05161883744806, 94.4171524454976, 93.49764688063243, 93.00173630758911, 93.98943247030647]",5.630342491765144,0.6036423659361135
37,Ridge Regression,"[84.8, 96.6, 100.0, 99.2, 98.5, 98.7, 92.1, 100.0, 87.5, 51.6, 100.0, 99.1, 92.4, 91.4, 94.5, 98.2, 98.9, 92.2, 97.7, 70.7, 96.8, 95.4, 77.5, 97.9, 94.9, 97.5, 96.1, 84.3, 97.0, 98.3, 79.5, 74.1, 89.9, 97.6, 63.6, 97.2, 97.3, 95.2, 97.6, 92.3, 80.5, 96.8, 89.8, 94.6, 95.3, 92.7, 99.6, 86.1, 84.1, 100.0, 96.0, 73.1, 98.8, 99.2, 73.0, 93.6, 92.1, 86.8, 90.4, 94.6, 97.3, 93.8, 98.4, 80.4, 97.0, 97.3, 100.0, 98.4, 90.9, 99.3, 86.6, 71.5, 82.5, 96.3, 91.4, 100.0, 89.4, 57.6, 94.3, 99.3, 96.5, 99.3, 97.9, 78.8, 90.3, 100.0, 95.6, 81.5, 97.7, 98.4, 95.0, 87.3, 67.7, 82.6, 80.2, 94.3, 99.5, 81.3, 100.0, 99.7, 88.0, 97.0, 93.7, 85.7, 96.9, 96.3, 94.0, 91.6, 99.6, 81.9, 94.1, 95.4, 91.7, 85.1, 94.4, 97.2, 98.1, 97.6, 86.1, 97.2, 85.5, 82.4, 91.9, 91.2, 92.6, 96.7, 95.6, 97.6, 90.9, 79.4, 77.0, 93.8, 98.2, 83.9, 96.0, 93.0, 97.1, 95.0, 90.3, 68.1, 95.6, 98.0, 91.7, 90.9, 97.1, 96.5, 98.6]","[82.57181135008558, 97.48035858809831, 104.50886243428818, 98.68127797463592, 97.7695740653312, 98.00153113996784, 85.16506508716863, 97.47933907767853, 91.87913677380246, 79.93239683456947, 101.25414360915846, 99.25694353377548, 91.96360383641098, 90.28792920322746, 98.13788430859965, 95.76463806143715, 99.97527207666887, 94.92720712779948, 99.55920304741394, 78.58719609944069, 100.12287728603154, 91.49444665716621, 80.12381022372254, 89.98164163102635, 94.78022740919869, 93.26350085730297, 89.89112713852089, 79.42795477106726, 96.91692799159159, 95.66757631827085, 84.62594249791864, 77.08024690732621, 90.14019997002072, 92.93995824266239, 76.13047863353793, 93.80185638612056, 97.54655127227471, 93.77553828398675, 99.83883247856747, 96.95745197029852, 82.95949461502575, 97.72465306886798, 87.54669026766443, 92.50152999786458, 92.56057922311818, 94.1348563557804, 100.68954579559454, 82.78948749550932, 98.09612243679348, 97.47933907767853, 93.20937022449226, 82.48960342295351, 95.12018344644403, 96.96929026224873, 79.68202868144316, 88.92735912048593, 90.40479160954743, 87.22611343302572, 94.0626602431067, 92.97716947893662, 93.42661182121626, 89.91169152679385, 99.34317598206229, 78.41853254557768, 95.96346120723177, 96.12982274220616, 100.84748602103616, 87.3661463646482, 83.40832506665274, 101.00692975624244, 93.66295697619374, 81.13924936667352, 79.54265625648115, 93.33525747033977, 95.95738009140476, 97.10650000055392, 92.85690634287661, 82.07594871514456, 97.55348161201594, 97.44172721693921, 95.76894996361983, 93.39228025443556, 99.03152722985203, 71.65691080802685, 87.14009560267084, 104.43679758211937, 94.15194494589123, 80.43473714608238, 98.85196924615788, 99.87620128493207, 103.62772578946536, 77.95865996753692, 78.66782270078005, 80.90497776237609, 87.12779972130559, 96.98033880173506, 98.71438955154655, 76.39119626430463, 99.05719346442612, 95.41069658082114, 86.19182923059321, 91.53054858195563, 96.34115726959791, 91.50197920900334, 94.18502237159106, 91.68694301501549, 83.12427477300514, 91.50600784958478, 100.40109936901571, 81.76637185898801, 94.71213198526716, 87.44389950271122, 93.89636641168252, 90.35267342205128, 97.08960691422058, 97.59081402182673, 92.40078984649, 90.6328766013888, 82.78948749550932, 91.0556887380441, 92.70104385479605, 83.70060917104712, 83.87656934299218, 94.09479786098416, 92.28365204987949, 97.0950634967586, 94.59063552743812, 95.75101003569156, 92.28924225686674, 87.01693037682224, 86.26752125973155, 81.21641722440914, 102.22624467364719, 94.53595347944156, 94.15595560934842, 96.66386750581704, 93.05626983549776, 95.83616886909034, 85.61925473779051, 77.53675847873481, 97.80045082787984, 96.5799645507935, 95.05051446670234, 94.4155595525241, 93.49840270507744, 93.00254735000944, 93.98835527899575]",5.630586466164356,0.6036080151978005
37,Lasso Regression,"[84.8, 96.6, 100.0, 99.2, 98.5, 98.7, 92.1, 100.0, 87.5, 51.6, 100.0, 99.1, 92.4, 91.4, 94.5, 98.2, 98.9, 92.2, 97.7, 70.7, 96.8, 95.4, 77.5, 97.9, 94.9, 97.5, 96.1, 84.3, 97.0, 98.3, 79.5, 74.1, 89.9, 97.6, 63.6, 97.2, 97.3, 95.2, 97.6, 92.3, 80.5, 96.8, 89.8, 94.6, 95.3, 92.7, 99.6, 86.1, 84.1, 100.0, 96.0, 73.1, 98.8, 99.2, 73.0, 93.6, 92.1, 86.8, 90.4, 94.6, 97.3, 93.8, 98.4, 80.4, 97.0, 97.3, 100.0, 98.4, 90.9, 99.3, 86.6, 71.5, 82.5, 96.3, 91.4, 100.0, 89.4, 57.6, 94.3, 99.3, 96.5, 99.3, 97.9, 78.8, 90.3, 100.0, 95.6, 81.5, 97.7, 98.4, 95.0, 87.3, 67.7, 82.6, 80.2, 94.3, 99.5, 81.3, 100.0, 99.7, 88.0, 97.0, 93.7, 85.7, 96.9, 96.3, 94.0, 91.6, 99.6, 81.9, 94.1, 95.4, 91.7, 85.1, 94.4, 97.2, 98.1, 97.6, 86.1, 97.2, 85.5, 82.4, 91.9, 91.2, 92.6, 96.7, 95.6, 97.6, 90.9, 79.4, 77.0, 93.8, 98.2, 83.9, 96.0, 93.0, 97.1, 95.0, 90.3, 68.1, 95.6, 98.0, 91.7, 90.9, 97.1, 96.5, 98.6]","[82.63403764438529, 97.11432200907191, 103.53528358172767, 97.54634077577515, 97.3832565343792, 98.41716079027714, 86.20936682901815, 98.15285454514934, 91.46976570002141, 81.2527010023636, 101.72032010608807, 98.86377536221721, 91.5919174229697, 89.8324372465925, 97.69578825908732, 96.16254434395631, 100.31307840327712, 94.24499626504686, 99.7519883383219, 78.30031789575912, 99.45113651530944, 92.24475852076188, 80.93895598654026, 91.1281686734576, 95.8005444069844, 93.21494769812557, 91.45844448990034, 79.92337525202909, 96.48458984066468, 95.66789441249759, 83.47955259320895, 77.12743764924025, 90.2422657004596, 94.31172570327821, 77.59431525447148, 93.96761096341795, 97.61390062836101, 92.64416550829498, 100.0771787464466, 96.83652820583097, 83.22056452771072, 98.09538160933177, 87.78272437657746, 92.8833372710791, 91.53744389151419, 94.20359759272593, 99.90861489988947, 82.48462739695735, 97.92813645045483, 98.15285454514934, 93.692984339205, 82.93773000650793, 94.11733229488716, 95.81388617649638, 79.2533493490065, 89.23034863536141, 90.03193431299813, 86.15844275858595, 94.11550508366766, 92.40126345094095, 91.7826735147463, 89.74370428421136, 98.6644894194933, 77.96876433276088, 96.2293710134516, 96.12150696814848, 100.11790252131925, 86.21247280900403, 83.35365355078359, 99.9448513420819, 93.65045736219892, 81.57101472343015, 80.19271423699169, 92.69937010996115, 96.18873361976073, 96.6575309733426, 92.54035231876722, 82.46304927426242, 97.3853479055868, 97.88216492224457, 96.74053877082048, 92.87001725866273, 99.00722695651521, 72.16148392802883, 86.986909971144, 103.46630053059485, 93.80849282920374, 80.97488465881675, 98.69292359276378, 99.34047368654545, 103.10750438124737, 79.15169747140125, 79.56870038714523, 80.55828719591773, 88.08009174264667, 97.0127671557871, 98.18411686892944, 76.53955492537428, 99.63657849392565, 95.64778915148821, 86.934002522785, 91.55815763068303, 96.29275231493148, 90.97731998256407, 92.82571868344958, 91.36377681335547, 83.40742389462213, 92.04342679984836, 99.79183383135667, 81.97986773603675, 94.75083334373275, 87.35245608644459, 92.40781151129369, 90.01232293116638, 96.84401866380345, 98.0627588572286, 91.5369038710784, 89.25346307130962, 82.48462739695735, 91.83552910009935, 91.95016756289752, 83.99937377019845, 83.71623521521491, 94.37581206369049, 90.64862590039724, 97.16826068315322, 94.08191568063175, 97.17504308019443, 91.15782480499153, 87.62843068644281, 87.34266479377827, 82.96030771265615, 101.04451282183855, 94.12626682978096, 93.67353750872435, 96.73520484692614, 93.12993509722615, 95.57220284912178, 85.1795491205378, 77.61624013725866, 97.39552745295376, 96.23557330711739, 94.13785987806716, 93.90555566291484, 93.84338356108876, 93.24944763091409, 93.93839330244614]",5.680472152942723,0.596553018598682
37,Random Forest,"[84.8, 96.6, 100.0, 99.2, 98.5, 98.7, 92.1, 100.0, 87.5, 51.6, 100.0, 99.1, 92.4, 91.4, 94.5, 98.2, 98.9, 92.2, 97.7, 70.7, 96.8, 95.4, 77.5, 97.9, 94.9, 97.5, 96.1, 84.3, 97.0, 98.3, 79.5, 74.1, 89.9, 97.6, 63.6, 97.2, 97.3, 95.2, 97.6, 92.3, 80.5, 96.8, 89.8, 94.6, 95.3, 92.7, 99.6, 86.1, 84.1, 100.0, 96.0, 73.1, 98.8, 99.2, 73.0, 93.6, 92.1, 86.8, 90.4, 94.6, 97.3, 93.8, 98.4, 80.4, 97.0, 97.3, 100.0, 98.4, 90.9, 99.3, 86.6, 71.5, 82.5, 96.3, 91.4, 100.0, 89.4, 57.6, 94.3, 99.3, 96.5, 99.3, 97.9, 78.8, 90.3, 100.0, 95.6, 81.5, 97.7, 98.4, 95.0, 87.3, 67.7, 82.6, 80.2, 94.3, 99.5, 81.3, 100.0, 99.7, 88.0, 97.0, 93.7, 85.7, 96.9, 96.3, 94.0, 91.6, 99.6, 81.9, 94.1, 95.4, 91.7, 85.1, 94.4, 97.2, 98.1, 97.6, 86.1, 97.2, 85.5, 82.4, 91.9, 91.2, 92.6, 96.7, 95.6, 97.6, 90.9, 79.4, 77.0, 93.8, 98.2, 83.9, 96.0, 93.0, 97.1, 95.0, 90.3, 68.1, 95.6, 98.0, 91.7, 90.9, 97.1, 96.5, 98.6]","[84.40538000000001, 96.03254000000001, 99.04750000000004, 98.061, 97.52200000000002, 98.34684000000009, 85.81498999999998, 97.31318000000003, 93.86700000000005, 75.47297999999996, 98.75866, 98.78310000000009, 90.54899999999996, 88.97299999999997, 97.64000000000001, 97.09100000000004, 99.00820000000002, 93.54599999999996, 97.61110000000008, 70.106, 97.11453999999995, 92.62999999999998, 84.25599, 91.75800000000001, 95.75900000000001, 95.82600000000001, 92.39700000000005, 76.64227, 96.81399999999996, 97.06000000000002, 80.29799999999994, 79.56099999999998, 92.01299999999999, 94.34700000000004, 69.13099999999999, 97.00700000000002, 97.654, 96.25499999999998, 98.85987999999996, 96.31149, 83.27946, 98.11010000000006, 92.87897999999996, 94.80899999999998, 92.84698999999999, 88.83099999999996, 97.09253999999997, 86.47873000000007, 97.28018000000003, 97.31318000000003, 93.29100000000004, 79.85694999999996, 95.24, 95.876, 76.189, 92.26498, 93.525, 89.57600000000004, 94.22800000000002, 93.603, 87.67263999999994, 92.25800000000001, 98.55592000000006, 66.94699999999999, 96.22500000000002, 97.45400000000005, 98.32309000000006, 85.12172999999999, 81.92200000000001, 98.60152, 90.43699999999991, 79.76899999999999, 73.26500000000003, 91.869, 96.153, 98.35180000000008, 92.49300000000002, 70.559, 97.38549000000008, 97.88648000000003, 96.58704000000002, 95.31599999999999, 98.12224000000006, 78.75000000000004, 89.53300000000002, 99.04550000000003, 93.57499999999999, 68.91000000000003, 98.63206000000005, 97.09469999999999, 97.66425999999993, 83.26600000000009, 79.18700000000004, 79.79500000000002, 86.95200000000004, 97.10817999999998, 97.92154000000006, 79.94599000000008, 98.43588, 96.12800000000001, 84.14199000000002, 95.15700000000001, 95.28000000000006, 89.8179999999999, 95.62199999999997, 92.82499999999996, 80.72398999999997, 92.41000000000004, 97.44372, 77.56672999999999, 95.14299999999999, 91.42299999999996, 92.28488999999999, 88.92399999999998, 97.04594999999999, 97.55554000000008, 93.648, 89.95357, 86.47873000000007, 95.26400000000004, 89.02699999999996, 82.46600000000002, 83.89226000000004, 94.155, 90.65098999999998, 97.26818000000003, 96.68800000000006, 95.65802000000009, 92.44799999999998, 87.13499, 84.68699999999998, 81.35899999999997, 97.32253999999999, 93.16500000000002, 93.99499999999993, 98.12941000000001, 94.30400000000002, 96.03599999999997, 86.71600000000004, 70.65400000000004, 97.02017999999998, 95.994, 94.61899999999997, 95.51699999999995, 93.748, 95.24600000000002, 96.94400000000003]",4.940687521691347,0.6947944864531505
37,Support Vector Regressor (SVR),"[84.8, 96.6, 100.0, 99.2, 98.5, 98.7, 92.1, 100.0, 87.5, 51.6, 100.0, 99.1, 92.4, 91.4, 94.5, 98.2, 98.9, 92.2, 97.7, 70.7, 96.8, 95.4, 77.5, 97.9, 94.9, 97.5, 96.1, 84.3, 97.0, 98.3, 79.5, 74.1, 89.9, 97.6, 63.6, 97.2, 97.3, 95.2, 97.6, 92.3, 80.5, 96.8, 89.8, 94.6, 95.3, 92.7, 99.6, 86.1, 84.1, 100.0, 96.0, 73.1, 98.8, 99.2, 73.0, 93.6, 92.1, 86.8, 90.4, 94.6, 97.3, 93.8, 98.4, 80.4, 97.0, 97.3, 100.0, 98.4, 90.9, 99.3, 86.6, 71.5, 82.5, 96.3, 91.4, 100.0, 89.4, 57.6, 94.3, 99.3, 96.5, 99.3, 97.9, 78.8, 90.3, 100.0, 95.6, 81.5, 97.7, 98.4, 95.0, 87.3, 67.7, 82.6, 80.2, 94.3, 99.5, 81.3, 100.0, 99.7, 88.0, 97.0, 93.7, 85.7, 96.9, 96.3, 94.0, 91.6, 99.6, 81.9, 94.1, 95.4, 91.7, 85.1, 94.4, 97.2, 98.1, 97.6, 86.1, 97.2, 85.5, 82.4, 91.9, 91.2, 92.6, 96.7, 95.6, 97.6, 90.9, 79.4, 77.0, 93.8, 98.2, 83.9, 96.0, 93.0, 97.1, 95.0, 90.3, 68.1, 95.6, 98.0, 91.7, 90.9, 97.1, 96.5, 98.6]","[83.38334226117327, 96.47115219444389, 99.69636367197987, 96.36607060964354, 97.5885164337902, 97.32428599875027, 90.31667766405364, 98.35890627443388, 91.89704855978253, 82.86676688426901, 98.22045047855462, 97.36454667545716, 93.32162648861666, 91.26868050891699, 97.59482290442048, 97.92562031623437, 97.86091446804808, 94.4246951364915, 98.7246961964006, 81.13649246228137, 98.00170930539235, 94.98183718090421, 82.9423930479625, 94.0197507322895, 97.71205867575564, 94.77735497606703, 95.66918361788342, 81.72799869427578, 96.75571282908243, 97.01619237396741, 83.01111273272595, 80.48370256756473, 93.59945292310684, 97.28076831538459, 80.82291570008977, 95.87092157551957, 98.00617973899084, 92.85831920362038, 97.61853736113021, 96.82824112388002, 84.76028342735796, 98.14195190620394, 89.07702767023905, 94.94722791752822, 90.22625339333399, 94.70467737603826, 98.11957576333467, 85.34177323012595, 97.64337176420173, 98.35890627443388, 96.22070541775628, 85.12036580633648, 93.39592134946108, 95.2355250756809, 81.28771129969832, 90.39019385878616, 91.09996715619643, 86.68969717346116, 95.00228665170617, 94.64098075316977, 87.46917413817096, 90.25017659692814, 97.66027077188168, 80.3470775612855, 97.17684274535377, 97.01750852978807, 97.893269201254, 87.04599960834112, 85.42522523318019, 98.02679506615387, 93.90323086272093, 83.94973665220175, 82.64922253037074, 93.44364853014703, 97.07968518267555, 96.1907892333017, 94.905335898806, 83.9031913281655, 97.40192688980193, 97.9444613361089, 96.59969565349608, 93.29961934532739, 97.95028544618704, 78.33335350311603, 88.08163795060021, 99.67640966881694, 94.86999539017721, 82.8391479206122, 98.09969897273979, 98.13721423126916, 99.50962838355203, 82.57461456862951, 82.8887873114645, 82.73533536966286, 91.13772381494604, 97.41588299825156, 97.08195089289845, 79.42232708082558, 98.0659966579111, 96.06234832632278, 90.28979622726294, 94.97292529506507, 96.43566573527912, 92.8714077700228, 92.60522361684654, 93.38209665232039, 85.35758036231105, 94.5619178402672, 98.43340517112719, 83.80088563145846, 95.63225184591717, 88.91189743584093, 90.85883117774031, 91.54160336750417, 96.78855981371336, 98.17680373604394, 91.66997680455054, 91.36663619068891, 85.34177323012595, 95.32837868482905, 93.00225086036087, 86.47688842618352, 86.06504003115991, 95.43056602347785, 88.0768551699907, 97.9937159260354, 96.15775035353008, 97.40100643300484, 91.31131131015522, 89.1772932936577, 88.96763756117657, 86.5935096975955, 97.91521575029755, 94.88069957837372, 93.51845353895182, 96.5806520583054, 95.52271518853787, 96.0670504310628, 86.79508928398991, 80.12809319618302, 97.73338663464205, 96.75241848959249, 93.27405350742178, 93.76619997818935, 96.03888135655944, 95.26860222139368, 96.17860318368969]",5.837842662220684,0.5738893665076885
39,Linear Regression,"[65.9, 88.3, 52.1, 82.5, 88.1, 94.0, 83.0, 94.0, 88.1, 24.7, 98.0, 92.4, 89.0, 91.8, 86.6, 87.6, 89.0, 82.0, 90.0, 75.4, 81.1, 89.0, 62.6, 86.5, 83.9, 86.7, 87.4, 65.5, 93.6, 81.3, 41.8, 60.5, 74.2, 80.1, 67.2, 88.9, 86.1, 63.3, 89.9, 97.2, 63.5, 93.2, 75.7, 83.6, 70.1, 88.7, 92.4, 81.0, 87.6, 94.0, 85.1, 75.4, 86.3, 81.7, 72.1, 79.8, 77.8, 69.4, 85.9, 80.5, 33.8, 76.1, 86.1, 60.0, 96.1, 88.2, 95.1, 75.4, 81.6, 33.2, 96.5, 72.5, 58.7, 91.7, 91.0, 93.2, 90.5, 61.6, 91.3, 88.2, 96.7, 28.4, 96.2, 54.5, 74.5, 51.899, 84.2, 64.3, 90.8, 90.5, 84.6, 44.8, 72.0, 75.1, 87.3, 84.8, 88.8, 54.6, 99.6, 83.4, 76.6, 66.6, 78.5, 90.1, 66.3, 82.3, 79.4, 76.4, 93.7, 67.5, 72.4, 84.9, 46.7, 81.2, 92.4, 97.3, 73.5, 56.1, 81.0, 79.1, 85.1, 67.9, 79.9, 90.1, 58.4, 70.8, 81.2, 98.6, 83.5, 76.8, 76.2, 77.8, 76.7, 80.3, 85.1, 95.9, 83.9, 90.1, 73.9, 42.4, 85.9, 94.7, 67.7, 92.6, 87.9, 85.8, 94.3]","[69.70688284062274, 84.28633807473814, 68.72852729544117, 79.8668432306962, 88.97406323695726, 97.93202756967099, 79.79714573688216, 92.99201414836148, 85.23597595395485, 32.54118963978461, 99.80037489469414, 94.46060047391121, 85.3436955072522, 89.48550406387717, 89.03497696630534, 85.54585298235372, 93.47916088014323, 81.23115010620482, 91.59722547963972, 72.86858705454168, 83.42844075597493, 87.34465028095462, 69.265708618812, 90.40980546860598, 85.5409782068108, 86.29992025080924, 81.03390448835148, 65.86891940781366, 94.46630429455772, 83.38104435682251, 35.895361809995705, 57.33436564476212, 79.88096887342944, 80.32484442573782, 65.90978734512802, 84.95412252481633, 89.53499251324918, 59.517610179390104, 97.55222423690907, 94.78644886494541, 67.20555753173143, 93.43020068419284, 78.2541224214698, 84.34875117691243, 72.50338133314384, 90.04296823870258, 88.59336146641083, 83.1419580391378, 87.83065204177112, 92.99201414836148, 84.26551294969741, 76.18152216175329, 87.83969987834139, 73.4240561880328, 65.82729710168203, 72.72602678457855, 73.93589952233256, 68.62482231059266, 82.85882061675495, 79.27985581441207, 41.52641946458824, 77.57761810269119, 95.01002339854489, 59.22591066091341, 94.64288637514736, 86.51723976933086, 98.54309905760135, 72.79817723271299, 81.0102188422043, 66.86585396368864, 88.83836282895204, 73.31330336079954, 61.43749519853712, 83.64334855385512, 92.03067222441129, 96.87200846323539, 89.30470486388761, 64.39308235468371, 95.2678940782249, 91.32838782760197, 100.06258473830032, 36.666691783808446, 95.39619403648801, 49.80949875177411, 74.15858189077107, 68.8854744516558, 85.47933365522425, 57.61588842986876, 91.64423350466741, 88.74290077003808, 78.8143026021234, 41.60612029534132, 70.14721902121566, 72.17267218584989, 86.12425867325503, 83.81150886995707, 91.33461108342358, 55.90170497919898, 97.60825068653908, 84.96496462185293, 73.65718641686237, 70.88301649142889, 73.70721070064421, 92.29437312217641, 57.78144618140769, 84.25617946158181, 78.96003328018622, 79.53257702244548, 88.63972535512634, 68.67919425054231, 76.37984171673341, 83.17207328301434, 49.472957653973346, 82.75101496004011, 92.724375010314, 94.85843246398836, 74.26488040337429, 62.243764912290544, 83.1419580391378, 79.564759107569, 83.82378467688976, 72.54739492826826, 77.48401606948217, 92.05951947747664, 62.83346881214352, 72.35009737029326, 78.65157527371876, 99.68163705274354, 74.77013243161132, 75.85670726933648, 72.85245458408113, 74.97015406757278, 65.82029463562486, 85.39326049768606, 83.12265755931938, 99.08232236735884, 81.57714940156245, 93.29386265286813, 78.98824522225004, 46.55873535185236, 85.79037008304789, 91.65364542562953, 69.96998970394125, 89.27076094760531, 81.21604461086018, 82.90103625393537, 89.6018448048881]",5.038617013134289,0.8855853244456184
39,Ridge Regression,"[65.9, 88.3, 52.1, 82.5, 88.1, 94.0, 83.0, 94.0, 88.1, 24.7, 98.0, 92.4, 89.0, 91.8, 86.6, 87.6, 89.0, 82.0, 90.0, 75.4, 81.1, 89.0, 62.6, 86.5, 83.9, 86.7, 87.4, 65.5, 93.6, 81.3, 41.8, 60.5, 74.2, 80.1, 67.2, 88.9, 86.1, 63.3, 89.9, 97.2, 63.5, 93.2, 75.7, 83.6, 70.1, 88.7, 92.4, 81.0, 87.6, 94.0, 85.1, 75.4, 86.3, 81.7, 72.1, 79.8, 77.8, 69.4, 85.9, 80.5, 33.8, 76.1, 86.1, 60.0, 96.1, 88.2, 95.1, 75.4, 81.6, 33.2, 96.5, 72.5, 58.7, 91.7, 91.0, 93.2, 90.5, 61.6, 91.3, 88.2, 96.7, 28.4, 96.2, 54.5, 74.5, 51.899, 84.2, 64.3, 90.8, 90.5, 84.6, 44.8, 72.0, 75.1, 87.3, 84.8, 88.8, 54.6, 99.6, 83.4, 76.6, 66.6, 78.5, 90.1, 66.3, 82.3, 79.4, 76.4, 93.7, 67.5, 72.4, 84.9, 46.7, 81.2, 92.4, 97.3, 73.5, 56.1, 81.0, 79.1, 85.1, 67.9, 79.9, 90.1, 58.4, 70.8, 81.2, 98.6, 83.5, 76.8, 76.2, 77.8, 76.7, 80.3, 85.1, 95.9, 83.9, 90.1, 73.9, 42.4, 85.9, 94.7, 67.7, 92.6, 87.9, 85.8, 94.3]","[69.70751228232089, 84.28658272785212, 68.72907858889377, 79.8665862890478, 88.97369008663176, 97.93168607237536, 79.79610848129508, 92.99177797127705, 85.23606601765819, 32.54034964493129, 99.80045958561386, 94.46050369569595, 85.34349930697265, 89.48497174163674, 89.03522564947816, 85.5453233020419, 93.47981461058573, 81.2307184027139, 91.59746277765223, 72.8678127745762, 83.42860983968811, 87.34433313406628, 69.26567755207833, 90.40950648873601, 85.54066642252162, 86.30042987713368, 81.03341539386653, 65.86880585466747, 94.46596534669263, 83.3810177696335, 35.8956560424768, 57.33469051608259, 79.88080655946801, 80.32437010473954, 65.90975646479559, 84.95427756860973, 89.53521025275592, 59.5177308077798, 97.55238747268304, 94.78620588497343, 67.20598219130679, 93.43063036962518, 78.25466211432374, 84.34862990747403, 72.50297710901322, 90.04342834371666, 88.59307378193759, 83.14176147512283, 87.83057820980959, 92.99177797127705, 84.26494989060352, 76.18068870279026, 87.83948915762186, 73.42407671946722, 65.82809237636857, 72.72581296269374, 73.93542249060863, 68.62554874174636, 82.85904411016926, 79.27975487787837, 41.528266632546845, 77.57773709348406, 95.00997815123375, 59.22601822146897, 94.64261943039935, 86.51720326095408, 98.54329483705439, 72.7977923562245, 81.00956849352039, 66.86713294882318, 88.83842208682995, 73.3133483782869, 61.437404245267714, 83.64323604110203, 92.03059827055723, 96.872094933084, 89.30415903191714, 64.39283009713091, 95.26790164781441, 91.32861019861357, 100.06270541854384, 36.66718065376975, 95.3959581428736, 49.809926554668, 74.15899702995674, 68.88602587753323, 85.47898891563716, 57.616418727610544, 91.64416698820054, 88.74305348142664, 78.81467670748873, 41.60544451270846, 70.14694754343489, 72.1727634766411, 86.1236685223705, 83.81144959067804, 91.33427167026204, 55.90102332459411, 97.6085348867809, 84.9653295442035, 73.65671957803578, 70.88402773961326, 73.70730484614718, 92.29397959866394, 57.78127316013493, 84.2557268701831, 78.96022258091598, 79.53239457102659, 88.63976151532704, 68.67997846360831, 76.37956591964372, 83.17173976455041, 49.47246965487985, 82.75063379001422, 92.72424980783467, 94.85776732061247, 74.26498829388417, 62.24273737681105, 83.14176147512283, 79.56488506809619, 83.82362987868181, 72.5472910698511, 77.48402439421032, 92.0596652811743, 62.83382871461643, 72.34951678961477, 78.65130465119117, 99.68167042499013, 74.77031271065529, 75.85640269227963, 72.85236283112519, 74.96975102636053, 65.82057768995185, 85.39363833248602, 83.12291205374642, 99.08232152210171, 81.5768037304218, 93.29375383845158, 78.98826151193406, 46.55923508487024, 85.78963614830661, 91.65343174889323, 69.96963257936875, 89.27052523784332, 81.21635885761314, 82.90077713038542, 89.60146988699795]",5.038729871968162,0.8855801988917446
39,Lasso Regression,"[65.9, 88.3, 52.1, 82.5, 88.1, 94.0, 83.0, 94.0, 88.1, 24.7, 98.0, 92.4, 89.0, 91.8, 86.6, 87.6, 89.0, 82.0, 90.0, 75.4, 81.1, 89.0, 62.6, 86.5, 83.9, 86.7, 87.4, 65.5, 93.6, 81.3, 41.8, 60.5, 74.2, 80.1, 67.2, 88.9, 86.1, 63.3, 89.9, 97.2, 63.5, 93.2, 75.7, 83.6, 70.1, 88.7, 92.4, 81.0, 87.6, 94.0, 85.1, 75.4, 86.3, 81.7, 72.1, 79.8, 77.8, 69.4, 85.9, 80.5, 33.8, 76.1, 86.1, 60.0, 96.1, 88.2, 95.1, 75.4, 81.6, 33.2, 96.5, 72.5, 58.7, 91.7, 91.0, 93.2, 90.5, 61.6, 91.3, 88.2, 96.7, 28.4, 96.2, 54.5, 74.5, 51.899, 84.2, 64.3, 90.8, 90.5, 84.6, 44.8, 72.0, 75.1, 87.3, 84.8, 88.8, 54.6, 99.6, 83.4, 76.6, 66.6, 78.5, 90.1, 66.3, 82.3, 79.4, 76.4, 93.7, 67.5, 72.4, 84.9, 46.7, 81.2, 92.4, 97.3, 73.5, 56.1, 81.0, 79.1, 85.1, 67.9, 79.9, 90.1, 58.4, 70.8, 81.2, 98.6, 83.5, 76.8, 76.2, 77.8, 76.7, 80.3, 85.1, 95.9, 83.9, 90.1, 73.9, 42.4, 85.9, 94.7, 67.7, 92.6, 87.9, 85.8, 94.3]","[69.93556073750291, 84.77367165349376, 69.74119776759801, 79.19563350844552, 88.59441546558189, 97.47422328052083, 79.27453666886461, 92.31474606414648, 84.92079691123277, 31.006771950355567, 99.75633193621923, 94.20255805569133, 85.41482811733789, 89.08630572900611, 89.15175272358125, 85.1568467800537, 93.6818648058218, 80.80452794304321, 91.84564174880124, 71.82811436735031, 83.66213781889041, 87.20098773422372, 68.9656260232724, 89.94703155352916, 85.34727379967687, 87.10736139260126, 81.30810437909125, 65.9958050768085, 94.09941072631645, 83.53428642243337, 36.95100201410447, 57.24860985558359, 79.45427107636594, 79.8097001346413, 65.24227836121901, 85.49322343775938, 89.91413036404353, 59.76228608785776, 97.38605211468598, 94.67684329505843, 67.35515281693473, 93.71689927033769, 78.64139659905564, 84.10442966302915, 72.04247071485672, 90.6286199873545, 88.23258097403392, 82.81752241725093, 87.59109308707835, 92.31474606414648, 83.53354628472601, 74.92341803481362, 87.62301736987756, 72.8913285909523, 66.34895608141692, 72.47936610037078, 73.25682648045246, 69.15907861366934, 82.75529013258493, 79.36651009710701, 43.60978912276324, 78.08671018276051, 94.62193806276196, 59.4995280856423, 94.3423781972683, 86.87679164573593, 98.26546570747448, 72.48943166595319, 80.50872906691187, 68.42910846549125, 88.66201422575723, 72.79817799562022, 61.21059031323035, 83.66283808827585, 91.93888148843824, 96.49468628613248, 88.70763378726595, 63.471765678780606, 94.93630310736297, 91.17979322835674, 99.91534114104914, 38.428527735357605, 95.27572277173307, 50.207747467915155, 74.59899932408847, 69.90512909105318, 84.74075842520867, 58.200952435243835, 91.5665757132109, 88.89921377776297, 78.80350485513955, 41.52428118417588, 69.74673524736869, 72.00291403282267, 85.70227322383853, 83.83981379269319, 90.85657739474976, 55.35189312421637, 97.76887271282655, 85.30893759815355, 73.32630784221823, 72.55701216806021, 74.02673547812546, 91.81362612652514, 57.44038176826915, 84.2347976590038, 79.34759448786825, 79.22210703381292, 88.97010252355427, 69.18415146454008, 75.5610507338608, 82.76912966983078, 48.73434971455532, 82.65630596989284, 92.45368241540392, 94.36368085846321, 74.25442961764541, 61.85058740042625, 82.81752241725093, 80.01595997212418, 83.53784736918713, 72.58846303020802, 77.5273393589586, 91.89244216905374, 62.96970154239975, 71.99713752815029, 78.81076613004514, 99.43726707049046, 74.70128002113077, 75.40776358757071, 72.6429121599246, 74.8615564796511, 65.54455401307861, 85.27401259867861, 83.13464719211065, 98.79089569747158, 81.29191219839602, 93.05416828389004, 78.87135362280765, 46.41966115547812, 84.83250219611631, 91.74894973791626, 69.42261170333944, 88.93337063774422, 81.15054883861043, 82.9004108996358, 89.79392871521338]",5.1845891610781925,0.8788599548847605
39,Random Forest,"[65.9, 88.3, 52.1, 82.5, 88.1, 94.0, 83.0, 94.0, 88.1, 24.7, 98.0, 92.4, 89.0, 91.8, 86.6, 87.6, 89.0, 82.0, 90.0, 75.4, 81.1, 89.0, 62.6, 86.5, 83.9, 86.7, 87.4, 65.5, 93.6, 81.3, 41.8, 60.5, 74.2, 80.1, 67.2, 88.9, 86.1, 63.3, 89.9, 97.2, 63.5, 93.2, 75.7, 83.6, 70.1, 88.7, 92.4, 81.0, 87.6, 94.0, 85.1, 75.4, 86.3, 81.7, 72.1, 79.8, 77.8, 69.4, 85.9, 80.5, 33.8, 76.1, 86.1, 60.0, 96.1, 88.2, 95.1, 75.4, 81.6, 33.2, 96.5, 72.5, 58.7, 91.7, 91.0, 93.2, 90.5, 61.6, 91.3, 88.2, 96.7, 28.4, 96.2, 54.5, 74.5, 51.899, 84.2, 64.3, 90.8, 90.5, 84.6, 44.8, 72.0, 75.1, 87.3, 84.8, 88.8, 54.6, 99.6, 83.4, 76.6, 66.6, 78.5, 90.1, 66.3, 82.3, 79.4, 76.4, 93.7, 67.5, 72.4, 84.9, 46.7, 81.2, 92.4, 97.3, 73.5, 56.1, 81.0, 79.1, 85.1, 67.9, 79.9, 90.1, 58.4, 70.8, 81.2, 98.6, 83.5, 76.8, 76.2, 77.8, 76.7, 80.3, 85.1, 95.9, 83.9, 90.1, 73.9, 42.4, 85.9, 94.7, 67.7, 92.6, 87.9, 85.8, 94.3]","[66.93886000000003, 88.59099999999997, 53.94234, 83.11699999999999, 87.96052000000002, 96.65849000000001, 81.43100000000001, 89.18912000000005, 85.72499999999998, 27.752000000000013, 95.47494999999995, 92.88910999999989, 88.03299999999997, 91.45999999999998, 90.46352000000003, 86.618, 92.14366, 80.77399999999996, 92.29077999999994, 72.117, 84.69200000000002, 88.30099999999999, 66.38762000000001, 89.77400000000002, 86.943, 86.37099999999992, 86.20300000000003, 65.33115000000004, 95.16753000000003, 81.76499999999997, 39.67220000000002, 57.263999999999996, 75.17100000000002, 79.0, 63.78815000000002, 87.25099999999999, 90.94099999999993, 61.32314, 96.36359999999999, 94.40440999999997, 66.87147000000003, 94.38370999999998, 78.655, 84.07200000000003, 71.66586000000002, 87.853, 89.35552000000007, 86.86599999999997, 86.94599999999998, 89.18912000000005, 83.70699999999997, 75.88699999999997, 87.16799999999995, 72.05293000000003, 66.79545000000002, 70.67100000000005, 74.584, 68.50793000000003, 82.70599999999999, 80.712, 37.98696000000004, 79.556, 91.37669999999993, 60.832280000000026, 94.818, 87.25199999999994, 94.22522999999995, 71.70300000000003, 81.32699999999998, 61.706340000000026, 88.81751999999997, 71.14692999999998, 61.36199999999999, 87.13499999999995, 91.23499999999996, 92.66667999999996, 89.76, 60.792419999999986, 94.04489000000001, 89.98804000000001, 96.72104999999999, 42.873240000000024, 95.58436999999999, 54.39500000000002, 75.001, 53.18106000000001, 84.00200000000002, 58.25161000000003, 91.87083999999993, 91.31751999999994, 72.48944000000002, 43.39472000000004, 69.22286000000003, 71.17399999999999, 85.53799999999994, 84.90199999999997, 91.04473999999995, 54.85414000000002, 96.03564999999995, 84.65643000000001, 75.48100000000001, 74.20599999999999, 78.19799999999995, 92.67999999999998, 60.04399999999999, 84.929, 80.38299999999992, 76.59899999999999, 92.92840999999999, 68.52786000000006, 74.53400000000003, 83.46600000000004, 44.83644000000004, 84.87899999999996, 93.03614999999998, 94.38058000000001, 74.686, 64.175, 86.86599999999997, 82.18099999999998, 84.36699999999995, 74.70699999999997, 79.459, 90.67599999999997, 60.21695999999998, 67.69558, 82.494, 96.66158000000001, 75.37800000000001, 75.99999999999997, 71.80293000000005, 75.97000000000004, 64.95200000000001, 86.73800000000001, 83.005, 96.84377, 81.31799999999997, 91.70512999999997, 77.92200000000001, 41.24296000000003, 83.33400000000003, 95.193, 70.08293000000003, 88.15699999999998, 80.49400000000001, 85.31900000000003, 90.72796999999998]",4.319246406466462,0.9159234278207684
39,Support Vector Regressor (SVR),"[65.9, 88.3, 52.1, 82.5, 88.1, 94.0, 83.0, 94.0, 88.1, 24.7, 98.0, 92.4, 89.0, 91.8, 86.6, 87.6, 89.0, 82.0, 90.0, 75.4, 81.1, 89.0, 62.6, 86.5, 83.9, 86.7, 87.4, 65.5, 93.6, 81.3, 41.8, 60.5, 74.2, 80.1, 67.2, 88.9, 86.1, 63.3, 89.9, 97.2, 63.5, 93.2, 75.7, 83.6, 70.1, 88.7, 92.4, 81.0, 87.6, 94.0, 85.1, 75.4, 86.3, 81.7, 72.1, 79.8, 77.8, 69.4, 85.9, 80.5, 33.8, 76.1, 86.1, 60.0, 96.1, 88.2, 95.1, 75.4, 81.6, 33.2, 96.5, 72.5, 58.7, 91.7, 91.0, 93.2, 90.5, 61.6, 91.3, 88.2, 96.7, 28.4, 96.2, 54.5, 74.5, 51.899, 84.2, 64.3, 90.8, 90.5, 84.6, 44.8, 72.0, 75.1, 87.3, 84.8, 88.8, 54.6, 99.6, 83.4, 76.6, 66.6, 78.5, 90.1, 66.3, 82.3, 79.4, 76.4, 93.7, 67.5, 72.4, 84.9, 46.7, 81.2, 92.4, 97.3, 73.5, 56.1, 81.0, 79.1, 85.1, 67.9, 79.9, 90.1, 58.4, 70.8, 81.2, 98.6, 83.5, 76.8, 76.2, 77.8, 76.7, 80.3, 85.1, 95.9, 83.9, 90.1, 73.9, 42.4, 85.9, 94.7, 67.7, 92.6, 87.9, 85.8, 94.3]","[70.102641991458, 83.53080572420103, 78.65309057103761, 84.33135674419466, 89.64010753997366, 93.2690496547707, 77.67758485751548, 92.15785870777802, 84.57323903583348, 50.638140518230756, 93.63916703443593, 93.0229592249554, 84.10398202727376, 85.17001408978368, 90.41639865868538, 87.39475134716567, 92.55065544836438, 82.15701445793655, 89.08242121181905, 67.34012953147983, 86.42433699722531, 87.0717219823978, 66.74189915078739, 87.94390042017113, 87.14232152085131, 87.32034971276812, 83.84866737151276, 62.84203183842327, 91.18249892327378, 85.16047737013002, 50.736895696968006, 60.229629676190314, 82.5583593608132, 84.93218648785552, 63.818745554307945, 86.21613784667534, 90.30232623552664, 65.40804085942696, 93.56533478450311, 91.71411299043918, 67.94175537895543, 93.03537321741173, 76.09467277353173, 85.75535532822902, 71.3991570384127, 89.63372163119735, 88.45741605305885, 77.95957891880406, 86.45994884309506, 92.15785870777802, 85.0385390983199, 69.86320705829691, 83.56374498341897, 79.69577347628453, 64.46958033142027, 73.95050922196691, 74.39640925744047, 69.76263599439058, 86.10957777727042, 81.76658251688563, 57.994113262173805, 75.82663323990998, 92.16080971648068, 59.984005819191395, 91.9076778182007, 86.18958867079695, 93.0460487940089, 72.10231247752019, 73.17156855188179, 76.7426040098977, 88.65341726121015, 69.97175992621227, 62.51716722580706, 83.89356893039465, 91.33443036754866, 91.73974855050822, 87.04775927410411, 62.59427055879926, 92.87870318636391, 91.3527082068822, 93.7169299895813, 55.86327899260404, 93.02388605261056, 54.95426920399339, 72.82753583947213, 78.71396812307334, 85.0642120522878, 61.95099561581934, 91.45020364655588, 89.4620245972178, 84.27624879332534, 50.21805158862152, 65.34048334853462, 68.93434723910696, 79.88650079805265, 85.77217267186263, 88.09770035594401, 57.335518703970344, 94.23789940189879, 86.39205524603305, 73.04427277304875, 78.7785736745981, 78.27031759926821, 88.32871021654543, 64.26864081930437, 83.49615544918817, 74.69593394832268, 82.33167489090785, 90.03893032939159, 68.7724160929185, 80.72006186555684, 79.7513166852505, 57.08471995707752, 79.63825244158726, 90.80009580366527, 91.56462616958765, 76.60833912362503, 64.19899530361243, 77.95957891880406, 82.51236060622992, 82.7111185727291, 70.02449689187317, 75.12883069687217, 90.51096004342679, 67.05094653710775, 77.51126983703762, 81.66929724428836, 93.94406331400495, 76.65813936076039, 73.73653198977092, 72.1172845535521, 72.84323294548776, 77.44717807461106, 87.10175690308559, 84.01360764688532, 93.92532866435258, 83.10896232914124, 91.2656234556292, 76.08500511257996, 54.153125212458285, 86.03527897497489, 88.00225018351463, 71.40169479007295, 85.19628103296675, 86.45836826338414, 84.60284107611245, 89.09230750909872]",7.3400787200195525,0.757193409216035
70,Linear Regression,"[20.5, 29.1, 74.3, 70.7, 56.2, 93.7, 32.1, 72.7, 33.5, 5.5, 92.2, 85.6, 60.2, 49.0, 61.3, 65.1, 85.7, 60.3, 57.8, 18.9, 71.3, 54.5, 24.0, 39.7, 52.2, 46.1, 56.8, 17.7, 71.7, 70.8, 23.7, 28.0, 64.9, 78.9, 14.1, 58.0, 63.5, 46.7, 87.5, 75.1, 26.3, 76.5, 27.6, 45.3, 18.8, 67.1, 73.3, 55.8, 47.8, 72.7, 41.7, 18.0, 25.4, 51.5, 17.2, 34.4, 43.8, 27.8, 40.9, 57.7, 18.5, 24.7, 50.1, 16.5, 56.4, 51.1, 54.8, 45.3, 15.9, 58.5, 59.4, 32.7, 11.3, 54.2, 65.9, 41.2, 72.5, 20.0, 71.2, 58.8, 94.2, 50.7, 85.701, 22.4, 25.2, 74.272, 57.7, 14.8, 57.1, 50.6, 67.5, 25.1, 24.5, 23.8, 34.5, 48.3, 34.1, 11.2, 79.1, 33.5, 38.2, 60.3, 28.9, 61.0, 43.3, 39.9, 14.8, 42.5, 70.8, 12.9, 46.9, 27.5, 31.6, 41.7, 76.4, 69.5, 56.7, 47.4, 55.8, 54.5, 53.7, 21.3, 27.6, 55.2, 25.8, 65.4, 56.3, 84.5, 63.7, 13.7, 16.7, 29.9, 68.1, 44.4, 23.2, 92.7, 46.3, 60.8, 29.3, 12.5, 78.1, 43.8, 29.5, 20.6, 60.8, 58.8, 59.8]","[30.389936754397297, 61.31430774241735, 53.98541973689144, 60.66395661774211, 54.086844039605694, 69.7236124551869, 39.77408621898646, 73.44517722284257, 40.17393748852786, 18.222055634225292, 81.52065669251328, 74.09667987693919, 52.2183559852434, 54.26712699659437, 55.25123266217095, 63.36625687090051, 79.8108867673655, 52.04263276081313, 54.775059095942744, 16.702107279445507, 61.65874419859177, 41.256333617473004, 28.844481249594118, 41.40775644833606, 60.06090848665216, 47.92145550170473, 47.72206206671431, 18.756338518553623, 75.85285654064376, 63.09292774018473, 21.403894904874267, 21.339449637563767, 56.21077445128012, 61.113492805944894, 20.835668512913713, 43.40767960850015, 53.91498509505265, 31.816553658376925, 78.81913533231153, 62.93959432648305, 23.302628133519406, 69.96814897071798, 34.00993502215632, 44.791518877977694, 48.32863798057702, 57.83379311480966, 71.77910814832987, 53.12431512284875, 47.353215097942055, 73.44517722284257, 47.294641061868745, 32.095446506988814, 45.30775778407606, 58.623846581424225, 23.327489386758984, 26.645235359370048, 47.73997498490328, 35.59612712529441, 56.78066288308943, 44.610002492412065, 12.716899600283291, 25.77427792624036, 63.51377850997448, 23.585058720252015, 59.571813095059035, 53.25620039644635, 70.30198620878926, 34.78544297009072, 24.54940152195197, 55.662092823203785, 50.05376897109371, 34.1811367613608, 17.7695605766092, 56.691713819930435, 57.037773514717394, 63.49149916413118, 54.66469320369708, 20.028901769585858, 67.59716649465688, 66.26361379961966, 77.86912011105056, 35.98633327181238, 81.15627245351291, 12.297993427109208, 37.231152610578384, 53.97823708836126, 55.7388988658419, 22.049984077538202, 55.50467137127067, 53.043140369142755, 67.00509739166304, 26.528260941941724, 25.884467077408146, 23.618413969802425, 38.482807169316054, 41.81055385116179, 57.86041199028535, 13.917893854000638, 74.74892106705423, 53.830820442931234, 36.97082445222741, 52.62387068918037, 51.54953412200564, 55.77603205876628, 31.169903666638156, 41.502088741563846, 30.458339573767717, 45.26391481829577, 58.582840971809524, 17.831896310405682, 46.64797596685312, 42.5595568676487, 33.327284903661386, 37.956745046725075, 75.53024462288235, 67.26376259443836, 46.41716541964012, 29.58956917373483, 53.12431512284875, 44.60567421739459, 61.6501860492993, 28.28737302785853, 41.238989505342495, 52.51740048680085, 30.441797749376796, 53.32621595981486, 42.12777401638579, 77.22868300968423, 43.23054265817718, 25.300515013163327, 21.286372983501916, 30.455309599201478, 60.39913718943357, 52.63343590639726, 48.98544511704292, 70.34127632093919, 40.39586635649149, 57.708325363025544, 40.30836615300873, 10.62769887039817, 64.00465466443754, 41.6088765621673, 51.99240621071304, 41.06990398006297, 45.985469518227035, 49.23304797893292, 45.540504242447646]",10.925441064207908,0.7471572870798258
70,Ridge Regression,"[20.5, 29.1, 74.3, 70.7, 56.2, 93.7, 32.1, 72.7, 33.5, 5.5, 92.2, 85.6, 60.2, 49.0, 61.3, 65.1, 85.7, 60.3, 57.8, 18.9, 71.3, 54.5, 24.0, 39.7, 52.2, 46.1, 56.8, 17.7, 71.7, 70.8, 23.7, 28.0, 64.9, 78.9, 14.1, 58.0, 63.5, 46.7, 87.5, 75.1, 26.3, 76.5, 27.6, 45.3, 18.8, 67.1, 73.3, 55.8, 47.8, 72.7, 41.7, 18.0, 25.4, 51.5, 17.2, 34.4, 43.8, 27.8, 40.9, 57.7, 18.5, 24.7, 50.1, 16.5, 56.4, 51.1, 54.8, 45.3, 15.9, 58.5, 59.4, 32.7, 11.3, 54.2, 65.9, 41.2, 72.5, 20.0, 71.2, 58.8, 94.2, 50.7, 85.701, 22.4, 25.2, 74.272, 57.7, 14.8, 57.1, 50.6, 67.5, 25.1, 24.5, 23.8, 34.5, 48.3, 34.1, 11.2, 79.1, 33.5, 38.2, 60.3, 28.9, 61.0, 43.3, 39.9, 14.8, 42.5, 70.8, 12.9, 46.9, 27.5, 31.6, 41.7, 76.4, 69.5, 56.7, 47.4, 55.8, 54.5, 53.7, 21.3, 27.6, 55.2, 25.8, 65.4, 56.3, 84.5, 63.7, 13.7, 16.7, 29.9, 68.1, 44.4, 23.2, 92.7, 46.3, 60.8, 29.3, 12.5, 78.1, 43.8, 29.5, 20.6, 60.8, 58.8, 59.8]","[30.390645321153343, 61.31438306914812, 53.985471417488725, 60.66415576227085, 54.08771125439255, 69.72367965633703, 39.77431330435645, 73.44492007868072, 40.17487760942797, 18.22178064887576, 81.5199433288074, 74.09614087013581, 52.218558438512694, 54.266719392015375, 55.2512297090955, 63.366528603945596, 79.81004761312586, 52.04278361378951, 54.77530365992304, 16.702141366668254, 61.65906339719071, 41.256977027165114, 28.84479346367482, 41.40824502965919, 60.06085956571644, 47.92188571639537, 47.72208370183263, 18.75684501025802, 75.85185623996325, 63.09302896750977, 21.403626688053045, 21.338735495693403, 56.21076510049774, 61.11417329165748, 20.835923707444582, 43.40821550357847, 53.91546796071987, 31.816694707924803, 78.81857251956262, 62.93856036650202, 23.302708046096058, 69.9682281805179, 34.009977684741415, 44.79205581270423, 48.32799208113366, 57.83330355519004, 71.7786933556141, 53.123598678546344, 47.3533106855348, 73.44492007868072, 47.29529786932653, 32.09543622404397, 45.308509718119595, 58.62373866761756, 23.327627096356622, 26.64597593895528, 47.73979107393329, 35.59584520752211, 56.78085965714905, 44.610456156679255, 12.71811620087125, 25.775124367043524, 63.513544225441976, 23.584345743464908, 59.5717627660451, 53.25608965055613, 70.30185278374009, 34.78586258986866, 24.549462537693216, 55.66163920581049, 50.05385385796726, 34.18082120988856, 17.76977142686013, 56.69148119356845, 57.03798645842279, 63.4915552388499, 54.66493173648537, 20.029408423279037, 67.59665758499646, 66.26311203351834, 77.86837762347726, 35.98603887450678, 81.15536032503873, 12.298139312058723, 37.230804954478714, 53.978276559960975, 55.73887014775036, 22.049688035488796, 55.50520168036091, 53.04388982348336, 67.00464804883033, 26.528230757921335, 25.884663182701182, 23.618624314894774, 38.48274263326465, 41.81140540771464, 57.86133609813838, 13.917940678327938, 74.748846208166, 53.83109021132395, 36.97098862346756, 52.623741632053225, 51.54975371487304, 55.776019491799985, 31.170351212607535, 41.502624601553826, 30.458639369058155, 45.26412309654947, 58.583763209707115, 17.832138400719757, 46.64864092474657, 42.55999041449769, 33.32679906273033, 37.95708766296552, 75.52943039317168, 67.2634349486066, 46.41735261812826, 29.589699344526736, 53.123598678546344, 44.606034363016356, 61.649697825867705, 28.2872042312124, 41.23949440720917, 52.51748670196325, 30.442343667538253, 53.32645635465629, 42.128065218723066, 77.22818334548585, 43.23077527147338, 25.301204071046243, 21.287320503719666, 30.455049237592277, 60.39902980354155, 52.63374619758993, 48.985873671526875, 70.34109271626188, 40.39669270738017, 57.70799943676374, 40.308001296075815, 10.627787113483752, 64.00481671397282, 41.609348514679596, 51.991896365860015, 41.0706367016521, 45.98628982840455, 49.23324136835508, 45.541020037708115]",10.925441738469654,0.7471572558715345
70,Lasso Regression,"[20.5, 29.1, 74.3, 70.7, 56.2, 93.7, 32.1, 72.7, 33.5, 5.5, 92.2, 85.6, 60.2, 49.0, 61.3, 65.1, 85.7, 60.3, 57.8, 18.9, 71.3, 54.5, 24.0, 39.7, 52.2, 46.1, 56.8, 17.7, 71.7, 70.8, 23.7, 28.0, 64.9, 78.9, 14.1, 58.0, 63.5, 46.7, 87.5, 75.1, 26.3, 76.5, 27.6, 45.3, 18.8, 67.1, 73.3, 55.8, 47.8, 72.7, 41.7, 18.0, 25.4, 51.5, 17.2, 34.4, 43.8, 27.8, 40.9, 57.7, 18.5, 24.7, 50.1, 16.5, 56.4, 51.1, 54.8, 45.3, 15.9, 58.5, 59.4, 32.7, 11.3, 54.2, 65.9, 41.2, 72.5, 20.0, 71.2, 58.8, 94.2, 50.7, 85.701, 22.4, 25.2, 74.272, 57.7, 14.8, 57.1, 50.6, 67.5, 25.1, 24.5, 23.8, 34.5, 48.3, 34.1, 11.2, 79.1, 33.5, 38.2, 60.3, 28.9, 61.0, 43.3, 39.9, 14.8, 42.5, 70.8, 12.9, 46.9, 27.5, 31.6, 41.7, 76.4, 69.5, 56.7, 47.4, 55.8, 54.5, 53.7, 21.3, 27.6, 55.2, 25.8, 65.4, 56.3, 84.5, 63.7, 13.7, 16.7, 29.9, 68.1, 44.4, 23.2, 92.7, 46.3, 60.8, 29.3, 12.5, 78.1, 43.8, 29.5, 20.6, 60.8, 58.8, 59.8]","[30.713312221262974, 61.33154491163737, 54.72534544949537, 61.001580805361975, 54.327318622503334, 69.85391879238773, 39.665242022760054, 73.61903780367862, 40.77589310776742, 16.806668256682606, 80.90850074701893, 73.79802241495608, 52.13062706760581, 53.9023716091607, 55.218532105221904, 63.174377831221825, 79.40246086078889, 51.94791385969764, 54.62731832841285, 16.777432279411226, 61.79042622218471, 41.588777852944844, 29.04334781671455, 41.8482930435831, 60.034539823973326, 47.87486461069687, 47.93866686313442, 18.950221362369064, 75.2579018094215, 62.71360525655239, 21.11728876886943, 21.445864582624566, 55.95029511428417, 61.19453119822642, 21.16798248567217, 43.22929178952058, 53.98803027341331, 32.325035578944885, 78.27638438266268, 62.29453888798502, 23.66058710191021, 70.0689203448004, 34.20383906866419, 45.088692209062735, 47.953005308234076, 57.21641849789092, 71.51923453329545, 52.68312013288486, 47.438222566741494, 73.61903780367862, 48.07894317227084, 31.843130670604985, 45.50355601329832, 58.94215496887663, 23.54474466176707, 27.00397180524238, 47.46619064367998, 35.82707113622019, 57.1101112364997, 44.53095895209074, 13.979831191923388, 26.08496976910402, 63.273213809844925, 23.140794448051764, 59.412959396687704, 53.00360002710985, 69.91307380272016, 35.25144941991462, 24.800779957953964, 56.049862222875724, 49.8737345638415, 34.052611675085934, 18.171502348617985, 56.69708636116787, 57.16690259741963, 63.27997437236605, 54.945945908331844, 20.509033793713343, 67.46376910656966, 66.00355028048392, 77.43529660219781, 35.70930462036881, 80.777860060025, 12.837504289293303, 37.35271554109531, 54.7076086418004, 55.614280221744316, 22.47095137974027, 55.66371892190035, 53.250265366424735, 66.75830927681983, 25.74502073644142, 25.60906464338389, 24.277311340086115, 38.35583391761688, 42.30097817034438, 58.17771910616161, 14.07468462760859, 74.45790733739412, 54.066392032501916, 37.051369268097964, 52.21322577838103, 51.67999375613912, 55.590323853581374, 31.92488383258049, 41.546581918262, 30.58535041523038, 45.66767568409716, 58.967649086950395, 18.498856644591555, 46.99165100369509, 42.76342059650838, 33.24109895100881, 37.989659095079496, 75.01958609288914, 66.99510058465808, 46.68946721569474, 29.981406029585166, 52.68312013288486, 44.642945197703305, 61.120286058516264, 28.74460830606852, 41.3102701574276, 52.36304973645857, 31.0298463896468, 52.96901946196254, 42.20931391733616, 76.80590388694986, 43.34455435605288, 26.063029392614602, 22.033035925104663, 30.02905854682197, 60.88630912400402, 52.86402092494547, 49.25853510041696, 70.24412010579547, 41.04454056488701, 57.5146734677211, 40.444864621150565, 11.186582991154133, 64.14201627414681, 41.88307276249129, 51.98018723985066, 41.45080583595036, 46.9406489754845, 48.89877435431475, 45.656975892842176]",10.917942101294669,0.7475042584123934
70,Random Forest,"[20.5, 29.1, 74.3, 70.7, 56.2, 93.7, 32.1, 72.7, 33.5, 5.5, 92.2, 85.6, 60.2, 49.0, 61.3, 65.1, 85.7, 60.3, 57.8, 18.9, 71.3, 54.5, 24.0, 39.7, 52.2, 46.1, 56.8, 17.7, 71.7, 70.8, 23.7, 28.0, 64.9, 78.9, 14.1, 58.0, 63.5, 46.7, 87.5, 75.1, 26.3, 76.5, 27.6, 45.3, 18.8, 67.1, 73.3, 55.8, 47.8, 72.7, 41.7, 18.0, 25.4, 51.5, 17.2, 34.4, 43.8, 27.8, 40.9, 57.7, 18.5, 24.7, 50.1, 16.5, 56.4, 51.1, 54.8, 45.3, 15.9, 58.5, 59.4, 32.7, 11.3, 54.2, 65.9, 41.2, 72.5, 20.0, 71.2, 58.8, 94.2, 50.7, 85.701, 22.4, 25.2, 74.272, 57.7, 14.8, 57.1, 50.6, 67.5, 25.1, 24.5, 23.8, 34.5, 48.3, 34.1, 11.2, 79.1, 33.5, 38.2, 60.3, 28.9, 61.0, 43.3, 39.9, 14.8, 42.5, 70.8, 12.9, 46.9, 27.5, 31.6, 41.7, 76.4, 69.5, 56.7, 47.4, 55.8, 54.5, 53.7, 21.3, 27.6, 55.2, 25.8, 65.4, 56.3, 84.5, 63.7, 13.7, 16.7, 29.9, 68.1, 44.4, 23.2, 92.7, 46.3, 60.8, 29.3, 12.5, 78.1, 43.8, 29.5, 20.6, 60.8, 58.8, 59.8]","[42.49099999999999, 61.83500000000001, 60.00119000000002, 66.02399999999994, 45.468, 70.06451, 36.298359999999995, 73.74239000000001, 40.68099999999999, 14.330019999999992, 89.84903999999999, 81.56737000000007, 56.31200000000002, 55.26899999999998, 55.55793000000001, 69.31942000000001, 80.01489, 49.799, 56.047000000000004, 20.473000000000003, 59.63744999999999, 42.556999999999974, 38.87499999999997, 42.2, 59.84283000000003, 48.97, 41.333999999999996, 27.51268000000001, 73.49448000000002, 56.863000000000014, 17.170000000000005, 16.58038, 52.184360000000034, 54.153639999999974, 20.00800000000001, 52.27299999999998, 53.51999999999998, 35.006040000000006, 78.09101999999993, 72.94516000000002, 20.47743999999999, 72.20205000000004, 32.29199999999998, 50.94500000000003, 39.69902000000001, 56.576000000000015, 71.80121000000001, 59.69999999999998, 45.191000000000024, 73.74239000000001, 54.14000000000001, 29.813999999999993, 39.528999999999975, 58.290999999999976, 19.687999999999988, 34.651999999999994, 45.50499999999999, 30.698000000000015, 59.01593000000002, 45.12036, 16.276, 31.76239999999999, 57.605999999999995, 21.204999999999995, 60.10400000000001, 50.13300000000003, 67.00400999999998, 39.200999999999986, 23.709, 52.57219000000003, 57.888070000000006, 29.101999999999997, 20.64805000000001, 55.80000000000004, 56.05200000000001, 68.77939, 55.69600000000005, 21.439750000000007, 69.42160000000004, 59.54400000000001, 92.15518999999996, 44.17400000000002, 78.63013999999997, 17.4188, 27.035999999999998, 60.23519000000002, 61.16592999999998, 19.354999999999997, 59.28400000000001, 54.62299999999998, 59.32525999999998, 23.87299999999997, 22.798999999999996, 20.625999999999987, 37.53500000000001, 46.55000000000001, 58.591810000000024, 13.296350000000011, 73.83707000000003, 54.35695000000001, 32.45736, 40.684010000000015, 49.99505000000001, 63.09800000000006, 35.87402, 46.08399999999999, 30.45, 35.94799999999998, 61.92500000000002, 17.906749999999988, 41.07364999999999, 59.315000000000026, 29.956120000000002, 40.73999999999998, 73.64250000000003, 66.21046, 43.498929999999994, 38.96900000000001, 59.69999999999998, 43.60099999999999, 64.088, 28.223019999999998, 35.78300000000002, 55.86299999999999, 37.945139999999995, 51.78685, 43.294000000000004, 84.81531999999997, 48.208999999999975, 29.818999999999992, 23.56399999999998, 27.05301999999999, 57.87099999999999, 47.42899999999999, 50.882929999999995, 69.96883000000004, 47.28800000000001, 55.12999999999998, 35.21499999999999, 14.175050000000006, 67.17699999999999, 44.975, 50.89999999999999, 41.245999999999995, 46.25599999999999, 53.40800000000001, 49.77700000000001]",10.805397036024727,0.7526830153004285
70,Support Vector Regressor (SVR),"[20.5, 29.1, 74.3, 70.7, 56.2, 93.7, 32.1, 72.7, 33.5, 5.5, 92.2, 85.6, 60.2, 49.0, 61.3, 65.1, 85.7, 60.3, 57.8, 18.9, 71.3, 54.5, 24.0, 39.7, 52.2, 46.1, 56.8, 17.7, 71.7, 70.8, 23.7, 28.0, 64.9, 78.9, 14.1, 58.0, 63.5, 46.7, 87.5, 75.1, 26.3, 76.5, 27.6, 45.3, 18.8, 67.1, 73.3, 55.8, 47.8, 72.7, 41.7, 18.0, 25.4, 51.5, 17.2, 34.4, 43.8, 27.8, 40.9, 57.7, 18.5, 24.7, 50.1, 16.5, 56.4, 51.1, 54.8, 45.3, 15.9, 58.5, 59.4, 32.7, 11.3, 54.2, 65.9, 41.2, 72.5, 20.0, 71.2, 58.8, 94.2, 50.7, 85.701, 22.4, 25.2, 74.272, 57.7, 14.8, 57.1, 50.6, 67.5, 25.1, 24.5, 23.8, 34.5, 48.3, 34.1, 11.2, 79.1, 33.5, 38.2, 60.3, 28.9, 61.0, 43.3, 39.9, 14.8, 42.5, 70.8, 12.9, 46.9, 27.5, 31.6, 41.7, 76.4, 69.5, 56.7, 47.4, 55.8, 54.5, 53.7, 21.3, 27.6, 55.2, 25.8, 65.4, 56.3, 84.5, 63.7, 13.7, 16.7, 29.9, 68.1, 44.4, 23.2, 92.7, 46.3, 60.8, 29.3, 12.5, 78.1, 43.8, 29.5, 20.6, 60.8, 58.8, 59.8]","[33.75427862191479, 61.90429851913092, 51.83247714448692, 60.11744440991609, 60.42978096494444, 67.52513282901627, 40.82156413699787, 68.1080341103691, 48.34984115429192, 27.48148663069646, 69.60244344963436, 67.45606758928096, 54.46597764387053, 52.36201209543863, 55.98021986693351, 62.83369863105585, 68.90938379799938, 52.337482647987414, 56.5259929521211, 20.623091044700796, 62.62201102802013, 47.45966308916981, 29.560980292292335, 46.778668491392324, 59.51600165564399, 51.88677024582827, 48.842418031109496, 22.779356314535168, 66.6148539505368, 61.32597826362908, 21.738344908990094, 19.661560637290382, 53.78236006421672, 61.26929274018963, 22.841726925565347, 47.9128080098425, 58.14533371640837, 30.052485903283273, 69.17361613858795, 55.92717598758368, 23.26939928095228, 67.50192478888376, 33.651611793483056, 49.292255003556605, 40.108290189638545, 54.18140676946726, 66.47838637610124, 47.00381654492821, 48.631114720075026, 68.1080341103691, 53.3715532145517, 29.885855795887515, 51.98107357232344, 55.3718389522308, 24.47609169269921, 30.71474308383376, 43.7013813262183, 31.192454425661914, 58.07359883653739, 47.04649487421197, 26.50589758978111, 31.98764267815883, 61.83874214197375, 19.834689709378193, 60.20983876742902, 52.59720064157277, 66.8840281776644, 36.711717855428205, 27.317835670293732, 48.8580392632107, 50.856422656475786, 29.847708549707725, 20.78602668834049, 55.5791797737312, 59.632525762665274, 63.62745904987486, 57.93456289166912, 22.917928064753816, 63.92055898866913, 62.06919949683031, 68.55497139405823, 34.091481727835024, 69.35139219439382, 20.5690381298224, 33.23455651922767, 51.77734723644346, 55.26932810373576, 20.744319294714117, 59.88180734818958, 58.9633525986427, 60.21364522028728, 25.79845595944494, 25.98045498847327, 26.45944904913002, 38.663548388767595, 48.61240062350616, 63.775842497014466, 19.568232758154082, 68.73520562184996, 56.30545704217406, 36.11377931242638, 48.30412435080719, 51.33051084789606, 56.75283818787695, 31.278770149233793, 45.78921306082931, 32.56651002065039, 46.36633806421213, 64.38338195594251, 21.99901384720877, 49.674579610219475, 46.3745780893744, 28.11245510878925, 40.63046351265134, 66.9560521226527, 64.03672886443759, 46.178876721908395, 29.37092839510423, 47.00381654492821, 47.066260421306474, 57.05817992643202, 26.960750576553856, 44.40449229842934, 54.092317253869496, 31.228696323851565, 51.05027921010559, 44.11799559020409, 68.77760295533862, 43.20520063349963, 30.932647877817374, 28.739789244378038, 27.302112983334062, 54.61648464005576, 55.284227112996064, 52.5673382354079, 66.8984837028537, 47.20389854815017, 56.37470223736224, 36.71502675754641, 20.185263435905636, 63.47693198021616, 47.39971017071508, 44.97872631577457, 48.04752114620248, 52.88751197653417, 50.405287325580716, 51.071674139008856]",12.25902730533413,0.6816649132396255
71,Linear Regression,"[11.4, 12.2, 12.5, 29.0, 42.9, 74.3, 20.5, 44.8, 11.6, 2.3, 59.1, 61.3, 31.7, 21.2, 42.5, 48.4, 76.1, 27.4, 43.4, 7.1, 46.2, 36.7, 13.7, 26.4, 24.6, 25.6, 42.7, 6.8, 53.6, 49.2, 7.9, 16.8, 36.5, 56.6, 3.7, 31.8, 46.0, 22.3, 71.0, 42.5, 15.1, 59.1, 13.4, 27.8, 6.8, 38.9, 35.7, 31.9, 16.8, 44.8, 24.0, 6.1, 12.4, 16.2, 12.0, 13.0, 19.2, 12.4, 28.2, 30.7, 1.5, 13.1, 33.6, 3.3, 34.5, 33.6, 21.3, 14.6, 7.2, 12.1, 34.8, 12.5, 5.0, 24.5, 41.1, 27.9, 42.7, 4.7, 39.7, 46.3, 84.6, 7.4, 63.601, 14.2, 11.6, 12.489, 33.2, 6.8, 42.0, 29.0, 33.8, 11.7, 10.5, 9.8, 8.4, 20.8, 24.7, 1.2, 67.0, 17.4, 21.8, 38.8, 20.4, 32.2, 22.3, 26.1, 7.5, 26.6, 34.8, 5.7, 18.9, 12.6, 14.3, 21.6, 49.2, 55.0, 13.7, 18.3, 31.9, 38.2, 21.6, 11.5, 19.8, 34.0, 3.3, 37.4, 33.8, 63.5, 26.2, 3.9, 7.0, 18.3, 42.3, 21.8, 10.9, 73.5, 24.4, 31.8, 17.0, 5.3, 55.8, 20.0, 13.3, 8.9, 43.4, 28.8, 36.9]","[12.463259730807746, 32.4863602029348, 22.009942580660336, 33.25542789848718, 30.0558724055997, 48.47249640388308, 25.651477740296393, 51.59795817604229, 18.498996119793738, 6.105837854672921, 59.19913522766797, 52.391842602031225, 28.096618553447797, 31.303615778751308, 33.93378648970403, 37.31121563678841, 59.24921083951514, 28.639351061405776, 38.672367744842695, 4.265355901277565, 35.245337502199064, 19.109776930146957, 12.273580690244845, 24.13663279981233, 37.25974699520816, 27.417716861241757, 28.18366540432471, 2.6784782416937265, 51.591056977709165, 43.842415279963845, 6.205432826728844, 9.908105024487377, 35.96579195536332, 35.80041449707479, 9.10393640659473, 23.704376593439015, 27.472667401942374, 13.71749386446595, 57.43335010752687, 46.07374686181897, 9.06886633489567, 46.45804086812118, 18.273211172413376, 23.201679941286766, 28.255006633646083, 42.56866629443406, 44.17128143665097, 33.55709900559416, 27.88668147962469, 51.59795817604229, 23.313954169945834, 18.815821609064926, 23.637281297657072, 33.70267691375483, 9.216990114133722, 9.002272398432225, 27.032130237316128, 18.982711242563997, 38.58619720852305, 26.772045353151523, -2.5608957074988314, 7.435131467786778, 42.51960032068968, 12.186564671551986, 39.08671284848562, 37.04247755045271, 50.16945291037439, 13.356118825195468, 9.21704576523519, 25.748273812936937, 33.21313797022247, 21.23662623663519, 2.8130469533750873, 33.395641269662626, 36.35908288829214, 43.78188617035937, 30.203397285356132, 5.934844948097022, 49.14191731062338, 46.46582292479548, 58.80340890264973, 11.36895346951065, 57.88233787196216, -0.4452762038464968, 19.065334416444312, 22.039001527832923, 39.15253282673157, 8.981634333640995, 31.098204854946935, 26.55025133281901, 41.95501568216194, 8.997583856740766, 11.616194897342151, 8.248357423516346, 24.398426689508426, 21.90496330005471, 33.196589184413305, 3.429033827031896, 49.995633263104935, 32.70813031108906, 23.41085624288621, 33.38631119958742, 30.47852933361409, 32.883724770455174, 12.973750676619716, 21.039820652322625, 14.733507109625489, 23.95451928406826, 28.54760117253314, 7.829763402385513, 27.13753673252916, 19.79799833831393, 13.276837926534464, 16.185652791320607, 48.65494493324907, 47.930308443882545, 23.369640367606284, 12.306366137719287, 33.55709900559416, 23.82553011021229, 37.043697738552666, 12.006652216171156, 18.143532404616902, 37.59771379405696, 11.151095992754302, 31.60840344940938, 21.096544597139946, 57.19639181677099, 22.306309018188966, 8.013459712637832, 5.93282911705746, 13.861199829059919, 33.47910059672767, 33.01751160530355, 29.035882119123315, 48.79179578246057, 19.40459535622089, 42.031735579554535, 22.428774521096553, -0.8442808840332798, 44.691006239035865, 21.784224146924025, 28.24041540884928, 22.33587731107716, 23.048737055540016, 26.450270673909323, 24.80949257179652]",9.795802248874258,0.7040778661186541
71,Ridge Regression,"[11.4, 12.2, 12.5, 29.0, 42.9, 74.3, 20.5, 44.8, 11.6, 2.3, 59.1, 61.3, 31.7, 21.2, 42.5, 48.4, 76.1, 27.4, 43.4, 7.1, 46.2, 36.7, 13.7, 26.4, 24.6, 25.6, 42.7, 6.8, 53.6, 49.2, 7.9, 16.8, 36.5, 56.6, 3.7, 31.8, 46.0, 22.3, 71.0, 42.5, 15.1, 59.1, 13.4, 27.8, 6.8, 38.9, 35.7, 31.9, 16.8, 44.8, 24.0, 6.1, 12.4, 16.2, 12.0, 13.0, 19.2, 12.4, 28.2, 30.7, 1.5, 13.1, 33.6, 3.3, 34.5, 33.6, 21.3, 14.6, 7.2, 12.1, 34.8, 12.5, 5.0, 24.5, 41.1, 27.9, 42.7, 4.7, 39.7, 46.3, 84.6, 7.4, 63.601, 14.2, 11.6, 12.489, 33.2, 6.8, 42.0, 29.0, 33.8, 11.7, 10.5, 9.8, 8.4, 20.8, 24.7, 1.2, 67.0, 17.4, 21.8, 38.8, 20.4, 32.2, 22.3, 26.1, 7.5, 26.6, 34.8, 5.7, 18.9, 12.6, 14.3, 21.6, 49.2, 55.0, 13.7, 18.3, 31.9, 38.2, 21.6, 11.5, 19.8, 34.0, 3.3, 37.4, 33.8, 63.5, 26.2, 3.9, 7.0, 18.3, 42.3, 21.8, 10.9, 73.5, 24.4, 31.8, 17.0, 5.3, 55.8, 20.0, 13.3, 8.9, 43.4, 28.8, 36.9]","[12.463905115473768, 32.486206169088724, 22.010315485180826, 33.25530131956706, 30.056310074433735, 48.472677207005496, 25.651961202969254, 51.598256237986796, 18.499671914410904, 6.105138518356275, 59.198030422637366, 52.39140702277511, 28.096982454194816, 31.303299233766005, 33.93337883366632, 37.31128676327351, 59.24817811176282, 28.639488821883987, 38.6726926500051, 4.265058158928969, 35.24579125286066, 19.11043548922156, 12.273966158940937, 24.13718395269901, 37.25943558653909, 27.41758739192933, 28.183324275742333, 2.679228385139269, 51.59068927169043, 43.84338837425965, 6.2046063765572885, 9.90712090615342, 35.965390090790294, 35.80094312884833, 9.104493190847155, 23.704990350884383, 27.472287594319933, 13.717487262888255, 57.43332436291906, 46.07313247085697, 9.068894289027062, 46.458450541692095, 18.273318022620057, 23.201762087635426, 28.25465273545157, 42.568649570979034, 44.17060890330365, 33.55670610843581, 27.8863854481165, 51.598256237986796, 23.314354524346886, 18.815940285851557, 23.637909617995227, 33.70230646054749, 9.217236141511076, 9.003281794151368, 27.031860464318193, 18.982629345860666, 38.586458111817315, 26.772948070400247, -2.5593088265952435, 7.435813317855192, 42.51962590527818, 12.185914476604289, 39.08659728787634, 37.04205321783787, 50.169671228034666, 13.35639469575364, 9.217073035265654, 25.748333735424133, 33.2131459891756, 21.23608850384209, 2.8133514406938644, 33.395848277536295, 36.35923005226529, 43.78201128945924, 30.203337475683995, 5.935401580192549, 49.141586633817646, 46.465255487967475, 58.80314031623313, 11.368939224638307, 57.88151803895368, -0.4451960282410088, 19.06528059480993, 22.03936146546498, 39.15337181297806, 8.981261524765449, 31.098223924216448, 26.550882248237453, 41.95471649297366, 8.997828789717575, 11.616135563817608, 8.248502477431144, 24.398385086030057, 21.905847860067638, 33.197341999659706, 3.429445831222246, 49.99512097268767, 32.70868111893601, 23.4115398743806, 33.38614879153969, 30.478920433413297, 32.88356892006824, 12.973919784867501, 21.039969567929198, 14.733589320399364, 23.95479635561386, 28.548271247700676, 7.830822712716598, 27.138611826765185, 19.797741303420338, 13.27632219012409, 16.186306862172238, 48.65451793875543, 47.93006885043447, 23.369561667140033, 12.306526268371753, 33.55670610843581, 23.826305455667764, 37.043132581580515, 12.006947876552871, 18.143335474740734, 37.59850364051175, 11.151943531851053, 31.608619874208408, 21.096864019133477, 57.19629301495801, 22.306352098921113, 8.014184917576205, 5.93402199494795, 13.860780979111231, 33.479305331840514, 33.01767373011859, 29.035950704881174, 48.79152098199345, 19.405194010894416, 42.031862029326206, 22.42795024591568, -0.8439286202085459, 44.69208664999074, 21.784440876598993, 28.239770383081012, 22.33623819902303, 23.04903492596295, 26.450370373720766, 24.80937819735251]",9.795773563110327,0.7040795992569576
71,Lasso Regression,"[11.4, 12.2, 12.5, 29.0, 42.9, 74.3, 20.5, 44.8, 11.6, 2.3, 59.1, 61.3, 31.7, 21.2, 42.5, 48.4, 76.1, 27.4, 43.4, 7.1, 46.2, 36.7, 13.7, 26.4, 24.6, 25.6, 42.7, 6.8, 53.6, 49.2, 7.9, 16.8, 36.5, 56.6, 3.7, 31.8, 46.0, 22.3, 71.0, 42.5, 15.1, 59.1, 13.4, 27.8, 6.8, 38.9, 35.7, 31.9, 16.8, 44.8, 24.0, 6.1, 12.4, 16.2, 12.0, 13.0, 19.2, 12.4, 28.2, 30.7, 1.5, 13.1, 33.6, 3.3, 34.5, 33.6, 21.3, 14.6, 7.2, 12.1, 34.8, 12.5, 5.0, 24.5, 41.1, 27.9, 42.7, 4.7, 39.7, 46.3, 84.6, 7.4, 63.601, 14.2, 11.6, 12.489, 33.2, 6.8, 42.0, 29.0, 33.8, 11.7, 10.5, 9.8, 8.4, 20.8, 24.7, 1.2, 67.0, 17.4, 21.8, 38.8, 20.4, 32.2, 22.3, 26.1, 7.5, 26.6, 34.8, 5.7, 18.9, 12.6, 14.3, 21.6, 49.2, 55.0, 13.7, 18.3, 31.9, 38.2, 21.6, 11.5, 19.8, 34.0, 3.3, 37.4, 33.8, 63.5, 26.2, 3.9, 7.0, 18.3, 42.3, 21.8, 10.9, 73.5, 24.4, 31.8, 17.0, 5.3, 55.8, 20.0, 13.3, 8.9, 43.4, 28.8, 36.9]","[12.843977963133835, 32.51253627323976, 22.567913846252686, 33.55979188849392, 30.201196210961395, 48.69874112196342, 25.466059349235397, 51.45788309868725, 18.9844781768718, 4.982158874953193, 58.982712576802584, 52.05991867309902, 27.51215290572975, 30.646238440175704, 34.366682962592705, 36.83324191797219, 59.05264261208529, 28.376573247907896, 38.85515741645557, 4.4005125610446, 35.46666405979714, 19.35933452273362, 12.554715707328064, 24.5051093955043, 37.183057601177325, 27.63566409128799, 28.34211205414169, 2.6577356756192962, 50.599129163564086, 43.11801119176165, 6.302688005320864, 10.272205641438424, 35.963860080861764, 35.60197310074281, 9.415877042405207, 23.18683530638625, 27.729754433074465, 14.234942056513479, 56.80916530808132, 45.39688443758419, 9.647680396903489, 46.10642202548645, 18.43007193092014, 23.65881748982963, 27.60957983980224, 41.74672203602381, 43.92718402588807, 33.268472115704526, 28.23076698068728, 51.45788309868725, 23.792800369664143, 18.572288222479624, 23.982522896520617, 33.80258719143045, 9.31432257084056, 9.029017661373738, 26.59574967404613, 19.11310095785154, 38.93378609041112, 26.201290290278873, -1.069374805537374, 7.723371793464709, 42.30898088040746, 11.45648357311688, 39.14437846172366, 37.23360306769956, 49.73434247440679, 13.795432360271093, 9.379327822147538, 26.232382492473963, 32.966238547611326, 21.352243942418138, 2.945699324724062, 32.846401402023304, 36.451913383123355, 43.61419503408993, 30.454171418592775, 6.506655026156087, 49.026167089271524, 46.54488385499383, 58.360173410784924, 10.859273284785989, 57.54972254018098, 0.16327118359827253, 18.87229562626644, 22.592063981626882, 38.68131820294373, 9.398220439621738, 31.33537229055595, 26.6196446609572, 41.42317059223579, 7.925516108944631, 11.487535316183834, 8.89499067548508, 24.359770112132665, 22.210974870538198, 33.73497516546455, 3.4631347666651155, 49.74088710797538, 32.84567968321484, 23.276454934949616, 32.95571581453599, 30.448848455294407, 32.54581587306677, 13.732075092911813, 21.083969360512516, 14.959530293700567, 24.105418918236527, 28.52960526610047, 8.1113796261929, 27.169563943955094, 20.15927538656901, 13.090472839939661, 15.717780715484412, 47.97520663125965, 47.81096708930313, 23.674574496000634, 12.501976448443745, 33.268472115704526, 23.31211258363405, 36.403464577019164, 12.044086820700503, 18.358026028473393, 36.842177484567785, 11.500068766809559, 31.253668682749602, 20.887656573190807, 56.61857333616075, 22.30861797897999, 8.546293105995879, 6.421918218741787, 13.408639184989212, 33.702751029727935, 33.24507887266853, 29.422872358841847, 48.91043489897034, 19.989354924270973, 41.855596046993554, 22.98628003812814, -0.3152620386167566, 44.48248203268426, 21.800117986513538, 28.263309438625445, 22.848986153544455, 24.087574987851077, 25.884244754805177, 25.076681173782493]",9.780093460379655,0.7050262010905222
71,Random Forest,"[11.4, 12.2, 12.5, 29.0, 42.9, 74.3, 20.5, 44.8, 11.6, 2.3, 59.1, 61.3, 31.7, 21.2, 42.5, 48.4, 76.1, 27.4, 43.4, 7.1, 46.2, 36.7, 13.7, 26.4, 24.6, 25.6, 42.7, 6.8, 53.6, 49.2, 7.9, 16.8, 36.5, 56.6, 3.7, 31.8, 46.0, 22.3, 71.0, 42.5, 15.1, 59.1, 13.4, 27.8, 6.8, 38.9, 35.7, 31.9, 16.8, 44.8, 24.0, 6.1, 12.4, 16.2, 12.0, 13.0, 19.2, 12.4, 28.2, 30.7, 1.5, 13.1, 33.6, 3.3, 34.5, 33.6, 21.3, 14.6, 7.2, 12.1, 34.8, 12.5, 5.0, 24.5, 41.1, 27.9, 42.7, 4.7, 39.7, 46.3, 84.6, 7.4, 63.601, 14.2, 11.6, 12.489, 33.2, 6.8, 42.0, 29.0, 33.8, 11.7, 10.5, 9.8, 8.4, 20.8, 24.7, 1.2, 67.0, 17.4, 21.8, 38.8, 20.4, 32.2, 22.3, 26.1, 7.5, 26.6, 34.8, 5.7, 18.9, 12.6, 14.3, 21.6, 49.2, 55.0, 13.7, 18.3, 31.9, 38.2, 21.6, 11.5, 19.8, 34.0, 3.3, 37.4, 33.8, 63.5, 26.2, 3.9, 7.0, 18.3, 42.3, 21.8, 10.9, 73.5, 24.4, 31.8, 17.0, 5.3, 55.8, 20.0, 13.3, 8.9, 43.4, 28.8, 36.9]","[20.535619999999998, 33.93156000000002, 15.334599999999993, 29.576, 32.416999999999994, 49.97893, 15.140620000000004, 47.15602999999998, 22.815, 6.236999999999995, 70.77619, 59.42461000000006, 32.656000000000006, 28.06000000000001, 32.446780000000004, 45.443579999999976, 66.37884, 30.267000000000017, 43.25553000000001, 8.753730000000001, 36.87252, 24.721000000000004, 18.996999999999996, 22.731000000000005, 39.47500000000003, 31.303000000000008, 23.56534000000001, 11.147920000000004, 50.37430000000002, 44.55379, 7.233999999999996, 7.222000000000003, 22.259999999999994, 35.459, 9.472010000000001, 31.45900000000001, 30.971999999999994, 13.54373, 66.85823000000002, 45.63800000000002, 7.838399999999998, 50.08394999999996, 18.38899999999998, 32.23900000000002, 22.50834000000001, 37.69289999999999, 44.73285, 37.847, 26.391780000000008, 47.15602999999998, 28.579339999999988, 9.809000000000003, 23.164000000000005, 28.43000000000002, 10.878999999999998, 18.045399999999994, 24.414760000000015, 11.984999999999992, 33.07400000000002, 27.193000000000005, 8.198520000000006, 14.156500000000001, 32.18300000000001, 13.732000000000001, 38.96852000000002, 35.391000000000005, 45.97797999999999, 20.18562, 14.354000000000008, 17.911319999999993, 35.237000000000016, 11.481940000000002, 14.118999999999993, 32.05478000000001, 33.931, 39.006740000000015, 31.496999999999993, 6.8671000000000015, 46.00789999999999, 46.340129999999974, 81.40166000000012, 12.684999999999995, 54.65137999999998, 8.115, 13.486999999999993, 15.673599999999992, 32.536000000000016, 8.458000000000002, 34.86600000000001, 32.411, 37.91482000000002, 10.647000000000013, 7.698, 10.74799999999999, 16.106560000000005, 28.961999999999993, 33.66452000000001, 2.913999999999996, 49.041299999999985, 35.69200000000001, 10.73375, 20.33369, 25.847460000000016, 36.977999999999994, 15.142000000000003, 28.419999999999995, 12.489000000000003, 26.471000000000014, 36.902820000000006, 7.432550000000003, 22.030569999999997, 25.593000000000004, 12.501999999999999, 26.229999999999997, 50.284780000000026, 45.83484000000006, 22.332000000000004, 13.437999999999997, 37.847, 30.824, 36.63099999999999, 10.653999999999996, 19.81, 34.175999999999995, 19.334979999999995, 23.71576000000001, 25.41800000000001, 59.11877, 24.796819999999997, 15.996000000000002, 8.697550000000001, 11.692999999999998, 29.842000000000006, 32.492, 26.717999999999996, 44.940830000000005, 22.146, 36.61799999999999, 14.986000000000006, 6.640280000000005, 47.29978999999999, 26.959000000000007, 23.55782000000001, 23.973999999999986, 23.305820000000004, 34.20900000000002, 25.305000000000003]",8.985813014830846,0.7509926389566867
71,Support Vector Regressor (SVR),"[11.4, 12.2, 12.5, 29.0, 42.9, 74.3, 20.5, 44.8, 11.6, 2.3, 59.1, 61.3, 31.7, 21.2, 42.5, 48.4, 76.1, 27.4, 43.4, 7.1, 46.2, 36.7, 13.7, 26.4, 24.6, 25.6, 42.7, 6.8, 53.6, 49.2, 7.9, 16.8, 36.5, 56.6, 3.7, 31.8, 46.0, 22.3, 71.0, 42.5, 15.1, 59.1, 13.4, 27.8, 6.8, 38.9, 35.7, 31.9, 16.8, 44.8, 24.0, 6.1, 12.4, 16.2, 12.0, 13.0, 19.2, 12.4, 28.2, 30.7, 1.5, 13.1, 33.6, 3.3, 34.5, 33.6, 21.3, 14.6, 7.2, 12.1, 34.8, 12.5, 5.0, 24.5, 41.1, 27.9, 42.7, 4.7, 39.7, 46.3, 84.6, 7.4, 63.601, 14.2, 11.6, 12.489, 33.2, 6.8, 42.0, 29.0, 33.8, 11.7, 10.5, 9.8, 8.4, 20.8, 24.7, 1.2, 67.0, 17.4, 21.8, 38.8, 20.4, 32.2, 22.3, 26.1, 7.5, 26.6, 34.8, 5.7, 18.9, 12.6, 14.3, 21.6, 49.2, 55.0, 13.7, 18.3, 31.9, 38.2, 21.6, 11.5, 19.8, 34.0, 3.3, 37.4, 33.8, 63.5, 26.2, 3.9, 7.0, 18.3, 42.3, 21.8, 10.9, 73.5, 24.4, 31.8, 17.0, 5.3, 55.8, 20.0, 13.3, 8.9, 43.4, 28.8, 36.9]","[14.73681459929267, 32.84216379563601, 25.664840412152838, 30.64209603084808, 33.2218701533278, 47.05703252920397, 23.459400544308174, 46.43129304582084, 23.31921315017069, 12.227863742556753, 50.04698029327286, 45.430347468669105, 26.462789895860485, 26.216887797295335, 35.207093072723325, 34.67455781068322, 48.95282999402036, 26.247679614478322, 41.577112005365606, 7.85288682336833, 36.90279358046833, 24.1400311812599, 12.707069635382814, 27.430560696183065, 34.7436563655803, 28.570457456828795, 26.48425654724484, 8.77603637446428, 42.00899540622298, 40.61834478719687, 8.332293737806154, 7.763744897817315, 30.36232677625078, 34.18073365320098, 9.416598842355771, 25.283223592102672, 30.268010039649017, 13.06550616524713, 49.48960938553755, 38.69098255459011, 9.676201887167814, 43.62152702594473, 17.04043451952127, 25.639607072330417, 19.99662253389371, 35.76966527286136, 38.364232812570165, 25.690700827466586, 29.42905158284674, 46.43129304582084, 26.608217015658628, 14.527133868820568, 28.81426404288577, 27.316021480746365, 9.679039246267472, 12.92197045539445, 20.671119880415027, 14.361866239538838, 36.86038473778538, 25.420347842561057, 10.219995519325984, 14.245236226337077, 41.45547240439825, 8.232990909568969, 39.58990198372444, 35.79416413890455, 46.84368655119211, 15.567857307974318, 11.716292598964213, 26.521785402068744, 29.928896980820273, 14.352352710586999, 8.016580691760797, 28.631346804063757, 36.669247016382684, 42.558966654815876, 30.149825081979234, 9.000858724570367, 44.041637688555824, 42.978301935326876, 49.83143132571291, 15.12230037240217, 48.117788638893465, 8.596348690772057, 15.241932726041714, 25.665549417040534, 35.956918632896226, 8.048812077973537, 34.152459187868445, 31.73190812788564, 35.206323284169784, 11.605899128284431, 10.753819088273065, 10.68928927587886, 22.439728519652345, 27.332423521613972, 39.59801986098146, 7.474530088248034, 45.11695150277401, 34.46129012105208, 20.216025076894667, 27.19588212745241, 29.779320289849473, 29.95393848888033, 13.485803240274333, 22.8399797960696, 15.007565839781687, 23.4568879414459, 32.359837746530296, 10.24961054034361, 27.96367670478529, 21.12243121953083, 11.504850902738163, 18.35779860637216, 40.35169000299902, 45.330996273427594, 21.607380719540124, 12.654725970145698, 25.690700827466586, 23.989373974760838, 29.49456511752166, 11.676301001681281, 19.78372366226302, 35.00408151695236, 13.01480199111297, 29.305387144847522, 21.93177342418409, 49.079720012821454, 19.544776153825858, 13.696574786879646, 12.873847494788315, 11.424810319809847, 28.677187706890873, 32.33384210913102, 29.65636193950854, 45.55458778439068, 24.066248550231332, 39.224172131518465, 18.009265484134936, 7.50232329064017, 43.11895576707238, 26.008540277178938, 22.07954740748483, 27.25685733701843, 26.985089656745227, 24.913281127903854, 27.52149245642046]",10.327236782099657,0.6710986162679999
73,Linear Regression,"[62.8, 76.6, 63.4, 88.4, 77.9, 93.1, 53.4, 94.9, 66.2, 11.2, 96.0, 93.1, 77.5, 73.8, 64.6, 83.4, 91.8, 73.1, 59.7, 25.1, 84.5, 56.6, 54.4, 55.3, 73.2, 65.6, 56.1, 38.1, 91.0, 85.6, 24.3, 27.6, 83.0, 90.2, 39.3, 55.4, 69.1, 33.9, 97.8, 62.5, 32.9, 92.5, 43.2, 61.3, 52.8, 70.4, 89.9, 87.1, 48.1, 94.9, 64.9, 43.1, 66.5, 78.4, 41.7, 35.9, 63.1, 47.0, 78.5, 62.0, 27.6, 36.6, 75.8, 26.6, 72.3, 58.4, 90.1, 62.2, 31.5, 68.5, 65.4, 50.4, 25.3, 77.1, 75.1, 84.1, 81.1, 33.6, 82.8, 74.6, 95.4, 33.0, 96.2, 34.3, 44.5, 63.333, 75.3, 24.5, 71.4, 70.4, 71.7, 38.8, 41.5, 43.2, 44.0, 53.1, 85.1, 29.1, 94.7, 68.7, 48.5, 67.3, 58.4, 82.9, 37.5, 57.8, 47.6, 57.9, 86.8, 25.8, 66.8, 68.2, 24.6, 52.9, 94.9, 76.9, 72.2, 35.3, 87.1, 57.7, 83.7, 34.0, 74.0, 67.1, 48.6, 62.7, 48.9, 97.7, 65.7, 33.2, 30.0, 33.0, 72.2, 74.8, 66.6, 94.5, 56.7, 69.6, 56.3, 22.6, 86.2, 45.0, 58.4, 53.5, 68.3, 63.6, 58.9]","[37.818195731558205, 66.1157411873487, 67.6092921903645, 72.67676668824421, 70.03222300233887, 87.62809451698092, 58.98200337110187, 77.02526213202128, 59.223330922306275, 19.959685028674528, 78.52686734844848, 89.89031769020633, 67.38147332483564, 60.660827172577214, 78.93433677718147, 76.03583442903832, 93.23486813788699, 68.88283270802255, 74.4629243076756, 43.590564111219706, 74.63613040033398, 66.57954554991149, 34.82027416456244, 52.485034378097254, 62.637897918825104, 67.48253977025249, 60.06518383111427, 31.073562869655262, 81.83464687174255, 77.12669432146734, 29.46892741813307, 33.37100725018355, 70.15053835771859, 78.05986361018465, 29.316663608234435, 61.5978793744826, 63.64856132977205, 54.891172841227146, 84.35073048766775, 85.92030702470963, 41.0519134707721, 82.58574310784554, 43.947032927224825, 60.6023730651235, 48.30432183727116, 85.57439424294799, 79.15846950054342, 63.10377823287372, 69.58415956215293, 77.02526213202128, 64.9166374808041, 47.77180184663584, 69.29501161460627, 68.28233912299842, 33.27700205287479, 48.318927019916345, 60.73387442899022, 46.10433954609323, 72.10736014289192, 67.5523433152838, 22.60839114325516, 48.307959367684475, 68.11348900558347, 44.64143994903776, 74.17015611979387, 69.94044545975207, 77.81518807449677, 60.22202529568574, 35.64569897944851, 58.86010161949706, 83.59198855841375, 47.461232757611086, 35.01937439976361, 67.47782236194895, 82.97254054230794, 71.02874036470303, 73.15067610373872, 34.109816700043496, 79.88618605966013, 67.63555458639902, 90.20680288442585, 46.786004404083, 83.99603035916184, 25.39156664195417, 44.026042888971745, 67.57320568318305, 71.54678294225663, 28.244965176491114, 74.34841441683207, 75.00875405723396, 72.72863906802787, 34.58349797211442, 45.98931596979825, 41.75398837143918, 59.14192220013895, 67.7161422495038, 81.03878227371273, 20.89454356832821, 87.15355129767487, 52.77329015543073, 50.52152154999912, 64.98908696901661, 56.10915561168224, 71.2072734567809, 51.82248795831724, 54.93599836233031, 34.345610360982995, 58.87599653521451, 80.00010016218641, 32.49081657619215, 59.18383215664704, 49.57291949405541, 38.509939181430475, 55.240138848116146, 81.37422355715813, 82.47131809210181, 63.473476363334186, 56.61141105650621, 63.10377823287372, 60.75369605849562, 67.73287179598405, 45.22501405356873, 46.69728021715062, 80.8844419703746, 40.16531838955658, 70.673600339462, 60.19170016438386, 79.20036793218767, 67.63742143593775, 38.791694832258074, 36.50471808594884, 38.01913901538338, 73.1084018449863, 71.79057961000072, 60.78647363718427, 83.89132723490998, 63.413335592192965, 81.44321564125899, 46.57766633007096, 18.23691430909225, 82.0379249131987, 64.6615513818289, 47.16171661357585, 62.910020227165674, 68.38947681297546, 61.32500694691831, 67.23578593649053]",10.72887687528645,0.73990404354759
73,Ridge Regression,"[62.8, 76.6, 63.4, 88.4, 77.9, 93.1, 53.4, 94.9, 66.2, 11.2, 96.0, 93.1, 77.5, 73.8, 64.6, 83.4, 91.8, 73.1, 59.7, 25.1, 84.5, 56.6, 54.4, 55.3, 73.2, 65.6, 56.1, 38.1, 91.0, 85.6, 24.3, 27.6, 83.0, 90.2, 39.3, 55.4, 69.1, 33.9, 97.8, 62.5, 32.9, 92.5, 43.2, 61.3, 52.8, 70.4, 89.9, 87.1, 48.1, 94.9, 64.9, 43.1, 66.5, 78.4, 41.7, 35.9, 63.1, 47.0, 78.5, 62.0, 27.6, 36.6, 75.8, 26.6, 72.3, 58.4, 90.1, 62.2, 31.5, 68.5, 65.4, 50.4, 25.3, 77.1, 75.1, 84.1, 81.1, 33.6, 82.8, 74.6, 95.4, 33.0, 96.2, 34.3, 44.5, 63.333, 75.3, 24.5, 71.4, 70.4, 71.7, 38.8, 41.5, 43.2, 44.0, 53.1, 85.1, 29.1, 94.7, 68.7, 48.5, 67.3, 58.4, 82.9, 37.5, 57.8, 47.6, 57.9, 86.8, 25.8, 66.8, 68.2, 24.6, 52.9, 94.9, 76.9, 72.2, 35.3, 87.1, 57.7, 83.7, 34.0, 74.0, 67.1, 48.6, 62.7, 48.9, 97.7, 65.7, 33.2, 30.0, 33.0, 72.2, 74.8, 66.6, 94.5, 56.7, 69.6, 56.3, 22.6, 86.2, 45.0, 58.4, 53.5, 68.3, 63.6, 58.9]","[37.81995877188349, 66.113468566289, 67.60996344767494, 72.6748114652892, 70.02997444285594, 87.62838284236376, 58.982977730667216, 77.0284981238244, 59.22156338114537, 19.96973311277567, 78.52928567607842, 89.88917278197697, 67.37893683737502, 60.65753699593327, 78.93257808590946, 76.0345594787042, 93.23688676224346, 68.88166532720254, 74.46413978437809, 43.58514607586241, 74.63541476092294, 66.58193309069031, 34.82496912493351, 52.48928765137751, 62.64183367184512, 67.4818925966474, 60.070155910930836, 31.076297850002256, 81.83160323972162, 77.12622678416015, 29.465755371886026, 33.37084128133627, 70.14963407524918, 78.06307389076986, 29.322978485174602, 61.59742653640963, 63.64798804821373, 54.888324219060394, 84.35297359547219, 85.92009310264383, 41.05382041642492, 82.58521885338575, 43.94840714989211, 60.60371933833534, 48.30139919813708, 85.57773125084101, 79.15679538066432, 63.102280412720475, 69.58381505796261, 77.0284981238244, 64.91672358972367, 47.771018978571476, 69.29125525139015, 68.27944208296479, 33.273200123955405, 48.32097849581429, 60.732725782877566, 46.09885146292072, 72.1092845298043, 67.54789624154921, 22.610403490780236, 48.30783666954113, 68.11123551024244, 44.636456965394075, 74.16996642215712, 69.94054598053661, 77.8136162168277, 60.21682184675622, 35.64294782464276, 58.86127941408546, 83.59501433490958, 47.462073732621334, 35.020485261116136, 67.47517557521148, 82.97408569377828, 71.02719740025104, 73.1468704845182, 34.1112536641304, 79.8855911732873, 67.6383095880114, 90.2094606313248, 46.78541376925848, 83.99413104098475, 25.390968119678774, 44.02517128647053, 67.57385084886532, 71.54595260102452, 28.24720158429256, 74.34814688143273, 75.00729400914624, 72.73188922006511, 34.58816584198482, 45.99027305587049, 41.750840368748925, 59.144157460053336, 67.71697407787799, 81.03767900701118, 20.89644422374387, 87.15509591314455, 52.775322605416605, 50.52316230719548, 64.9873004069688, 56.10922652885962, 71.20317523728627, 51.81835554925564, 54.93265627555749, 34.34508169401498, 58.87800710709793, 79.99761185994626, 32.49110150028507, 59.18548705814041, 49.570807393325296, 38.506050846411455, 55.23780083820611, 81.37311281863832, 82.47192964387169, 63.47219561784382, 56.60328001148592, 63.102280412720475, 60.755498864613685, 67.72902283583886, 45.22464998198617, 46.693586413107454, 80.88737696429561, 40.16236880642849, 70.6734244011626, 60.187107285215006, 79.20610592753303, 67.63425463297507, 38.79346456838322, 36.50966538492314, 38.02551180384744, 73.10911838997552, 71.78969600620094, 60.784323225630715, 83.88947334425707, 63.412055674741765, 81.4431295637027, 46.5745063958239, 18.24004972894545, 82.03489774650471, 64.65771465086263, 47.15985175475319, 62.906646804419566, 68.39055966964146, 61.32549864781812, 67.23264395188593]",10.728798642108538,0.739907836686291
73,Lasso Regression,"[62.8, 76.6, 63.4, 88.4, 77.9, 93.1, 53.4, 94.9, 66.2, 11.2, 96.0, 93.1, 77.5, 73.8, 64.6, 83.4, 91.8, 73.1, 59.7, 25.1, 84.5, 56.6, 54.4, 55.3, 73.2, 65.6, 56.1, 38.1, 91.0, 85.6, 24.3, 27.6, 83.0, 90.2, 39.3, 55.4, 69.1, 33.9, 97.8, 62.5, 32.9, 92.5, 43.2, 61.3, 52.8, 70.4, 89.9, 87.1, 48.1, 94.9, 64.9, 43.1, 66.5, 78.4, 41.7, 35.9, 63.1, 47.0, 78.5, 62.0, 27.6, 36.6, 75.8, 26.6, 72.3, 58.4, 90.1, 62.2, 31.5, 68.5, 65.4, 50.4, 25.3, 77.1, 75.1, 84.1, 81.1, 33.6, 82.8, 74.6, 95.4, 33.0, 96.2, 34.3, 44.5, 63.333, 75.3, 24.5, 71.4, 70.4, 71.7, 38.8, 41.5, 43.2, 44.0, 53.1, 85.1, 29.1, 94.7, 68.7, 48.5, 67.3, 58.4, 82.9, 37.5, 57.8, 47.6, 57.9, 86.8, 25.8, 66.8, 68.2, 24.6, 52.9, 94.9, 76.9, 72.2, 35.3, 87.1, 57.7, 83.7, 34.0, 74.0, 67.1, 48.6, 62.7, 48.9, 97.7, 65.7, 33.2, 30.0, 33.0, 72.2, 74.8, 66.6, 94.5, 56.7, 69.6, 56.3, 22.6, 86.2, 45.0, 58.4, 53.5, 68.3, 63.6, 58.9]","[39.177517002693705, 65.38242609136339, 68.56918013124438, 72.46176217155073, 69.577792487955, 87.48165023628395, 58.75485348330653, 78.01746859338057, 58.88345220800288, 24.065184377939765, 79.29343052276002, 89.37696342767057, 66.49183316423446, 59.373273468826596, 78.46063849580571, 75.23759311410802, 93.90834490150198, 68.9054218675106, 75.01687109074562, 41.16450839848802, 74.84566984574116, 67.46804251622291, 37.14427467266557, 53.92369452558373, 63.78598494780552, 67.20467840440548, 61.557689633924866, 32.42846979582609, 80.68722291065622, 76.80018918595358, 28.826220548846806, 33.413211502030585, 69.40145438155314, 78.64196664348329, 31.68062157706239, 61.20104879939768, 63.39084532678764, 54.28746699801063, 85.09844164067478, 85.54197703687377, 42.16982924102826, 82.23565409370676, 44.86882816906804, 61.12963582766241, 47.67031202163339, 86.3284739758716, 78.49215714460206, 62.51293973500364, 69.68686292093165, 78.01746859338057, 64.72548358365488, 47.16457555248573, 67.77393067233182, 67.64249957436154, 31.82497983571409, 49.27541247209917, 60.25494665110267, 44.26164936230988, 72.67389987866011, 65.68631457468152, 25.367665394676393, 48.7783702898018, 67.42499340660284, 42.375908046946826, 74.1018303742105, 69.81034306093673, 77.45128424570906, 58.344045904694696, 34.52516887789209, 60.36517766286866, 84.26956722959045, 47.798923885555325, 35.214073301947614, 66.63169380561291, 83.18930143117719, 70.69045756538688, 71.49659105593084, 34.66358398247546, 79.53899689837162, 69.01113433131884, 90.61195957268137, 46.35128267616253, 82.80043163413004, 24.631815091559638, 43.92983209507339, 68.51495976091019, 71.40473775859094, 29.10265436886531, 74.31401542744258, 74.82009952496729, 74.5891634074019, 36.02742291410174, 45.857023190224055, 40.61444078127265, 59.26424591085967, 68.23208437038559, 80.35000441813175, 21.9482326144078, 87.7598738985175, 53.352918802405114, 50.56945113702703, 63.92831169618667, 55.99084859254421, 69.62076044688484, 50.77060355678372, 53.59400673708913, 34.15733121651917, 59.848620644179164, 79.22282660906653, 32.711455559179015, 60.245026493082065, 48.87092624423901, 37.71745083361483, 54.53908819019456, 80.93256458694309, 82.27434046658087, 63.24822143355564, 53.155727974052596, 62.51293973500364, 61.24683947334083, 66.39067390570456, 45.00266726166839, 45.1620305532259, 81.46196770941627, 40.14724707640334, 70.4466966885658, 58.32368345888828, 81.1812674197958, 66.83808789236531, 39.37809939435643, 38.47137851919333, 40.07969287543462, 74.15897139879414, 71.4476511880302, 60.2550566092081, 83.07975419333907, 62.6168481859293, 81.06254884632914, 45.581151265207446, 20.049610906227613, 80.73180095186542, 63.11628465974137, 47.001431457046394, 61.677816973890245, 69.05093391516402, 61.31530033032716, 65.80582990003437]",10.697346131157348,0.7414305720545784
73,Random Forest,"[62.8, 76.6, 63.4, 88.4, 77.9, 93.1, 53.4, 94.9, 66.2, 11.2, 96.0, 93.1, 77.5, 73.8, 64.6, 83.4, 91.8, 73.1, 59.7, 25.1, 84.5, 56.6, 54.4, 55.3, 73.2, 65.6, 56.1, 38.1, 91.0, 85.6, 24.3, 27.6, 83.0, 90.2, 39.3, 55.4, 69.1, 33.9, 97.8, 62.5, 32.9, 92.5, 43.2, 61.3, 52.8, 70.4, 89.9, 87.1, 48.1, 94.9, 64.9, 43.1, 66.5, 78.4, 41.7, 35.9, 63.1, 47.0, 78.5, 62.0, 27.6, 36.6, 75.8, 26.6, 72.3, 58.4, 90.1, 62.2, 31.5, 68.5, 65.4, 50.4, 25.3, 77.1, 75.1, 84.1, 81.1, 33.6, 82.8, 74.6, 95.4, 33.0, 96.2, 34.3, 44.5, 63.333, 75.3, 24.5, 71.4, 70.4, 71.7, 38.8, 41.5, 43.2, 44.0, 53.1, 85.1, 29.1, 94.7, 68.7, 48.5, 67.3, 58.4, 82.9, 37.5, 57.8, 47.6, 57.9, 86.8, 25.8, 66.8, 68.2, 24.6, 52.9, 94.9, 76.9, 72.2, 35.3, 87.1, 57.7, 83.7, 34.0, 74.0, 67.1, 48.6, 62.7, 48.9, 97.7, 65.7, 33.2, 30.0, 33.0, 72.2, 74.8, 66.6, 94.5, 56.7, 69.6, 56.3, 22.6, 86.2, 45.0, 58.4, 53.5, 68.3, 63.6, 58.9]","[36.13604, 69.15099999999998, 66.78755999999998, 83.61800999999993, 71.59745, 90.61320999999998, 51.97310000000002, 74.31178, 60.413999999999994, 18.50566000000001, 88.78805999999997, 89.91864000000007, 73.74887999999996, 64.19000000000001, 73.76099999999998, 76.921, 83.91948000000006, 74.72645, 75.0844, 33.29799999999999, 72.97468, 69.95299999999999, 37.20202000000001, 58.02799999999998, 61.46144999999995, 64.60999999999996, 61.38999999999998, 35.41302, 78.77600000000001, 75.82677999999997, 21.732999999999997, 35.56000000000004, 75.12401000000003, 68.61122999999999, 29.66400000000001, 68.17499999999997, 68.42076000000002, 51.15200000000001, 85.81309999999996, 77.97515999999997, 41.85700000000001, 84.62209999999999, 48.70399999999999, 59.03137999999997, 44.92182999999999, 70.64199999999998, 77.55708, 67.03244999999997, 65.20699999999997, 74.31178, 58.59244999999997, 38.057489999999994, 74.40399999999995, 67.72222999999998, 35.557350000000014, 49.52199999999999, 59.06099999999994, 40.561000000000014, 72.57199999999999, 64.27578, 20.06983, 51.1262, 70.42599999999997, 35.31299999999999, 68.54400000000008, 63.35299999999996, 76.54764, 51.99999999999999, 42.368019999999994, 70.99771999999996, 70.89488000000001, 41.82400000000001, 36.18782999999999, 72.26999999999998, 76.275, 73.49587999999997, 74.57587999999998, 36.01583000000001, 75.85088000000003, 71.55687999999996, 94.42367999999983, 49.21697999999999, 86.14305999999996, 30.187000000000022, 44.67699999999999, 66.57533999999998, 72.46077999999997, 31.98973000000001, 78.06287999999996, 70.97288000000002, 73.96333, 38.39400000000005, 40.42766000000002, 36.882000000000005, 58.12099999999994, 60.790449999999964, 84.44799999999995, 28.620559999999976, 87.11891999999997, 53.278999999999975, 48.62399999999999, 62.26411000000004, 56.95699999999998, 79.05799999999994, 47.433000000000014, 55.765999999999984, 38.58304000000001, 56.57209999999997, 77.83800000000001, 35.392559999999996, 58.740549999999956, 53.70082999999999, 41.17399999999998, 52.92399999999998, 81.65667999999995, 76.90787999999996, 71.25344999999996, 46.75200000000001, 67.03244999999997, 55.09199999999997, 68.82099999999997, 39.71766, 44.554000000000016, 72.761, 45.991680000000024, 68.76301999999998, 55.845, 89.16053999999998, 73.42399999999996, 41.83699999999999, 39.79199999999999, 46.51600000000001, 74.68177999999999, 76.51699999999998, 64.95599999999996, 92.21327999999993, 54.17227999999998, 74.28099999999998, 45.737000000000016, 16.458999999999996, 79.39499999999998, 61.71300000000003, 46.879, 69.99899999999997, 66.82977999999999, 61.38000000000001, 66.80599999999997]",9.565156889341349,0.7932672539566593
73,Support Vector Regressor (SVR),"[62.8, 76.6, 63.4, 88.4, 77.9, 93.1, 53.4, 94.9, 66.2, 11.2, 96.0, 93.1, 77.5, 73.8, 64.6, 83.4, 91.8, 73.1, 59.7, 25.1, 84.5, 56.6, 54.4, 55.3, 73.2, 65.6, 56.1, 38.1, 91.0, 85.6, 24.3, 27.6, 83.0, 90.2, 39.3, 55.4, 69.1, 33.9, 97.8, 62.5, 32.9, 92.5, 43.2, 61.3, 52.8, 70.4, 89.9, 87.1, 48.1, 94.9, 64.9, 43.1, 66.5, 78.4, 41.7, 35.9, 63.1, 47.0, 78.5, 62.0, 27.6, 36.6, 75.8, 26.6, 72.3, 58.4, 90.1, 62.2, 31.5, 68.5, 65.4, 50.4, 25.3, 77.1, 75.1, 84.1, 81.1, 33.6, 82.8, 74.6, 95.4, 33.0, 96.2, 34.3, 44.5, 63.333, 75.3, 24.5, 71.4, 70.4, 71.7, 38.8, 41.5, 43.2, 44.0, 53.1, 85.1, 29.1, 94.7, 68.7, 48.5, 67.3, 58.4, 82.9, 37.5, 57.8, 47.6, 57.9, 86.8, 25.8, 66.8, 68.2, 24.6, 52.9, 94.9, 76.9, 72.2, 35.3, 87.1, 57.7, 83.7, 34.0, 74.0, 67.1, 48.6, 62.7, 48.9, 97.7, 65.7, 33.2, 30.0, 33.0, 72.2, 74.8, 66.6, 94.5, 56.7, 69.6, 56.3, 22.6, 86.2, 45.0, 58.4, 53.5, 68.3, 63.6, 58.9]","[39.17238513939463, 64.69294182230465, 67.6061238300559, 70.24549353277649, 69.81020609298626, 82.23214406469931, 56.01567149370256, 77.87537907289979, 58.5319574460315, 37.149539688276256, 80.28356265311355, 81.93429932694121, 66.10837185315157, 61.292426663910305, 75.35239439213325, 72.399964463461, 83.10399621379574, 66.63568044177705, 75.60848350329874, 38.544780901410405, 74.29862019105681, 68.36682249507535, 38.64596125639828, 60.51433242786382, 67.4073249079991, 66.05918912008718, 66.11948095673216, 35.394214473792296, 77.84604810766714, 73.01093459640424, 32.68717976566822, 34.06422742825847, 65.04116367004907, 73.3065887871481, 34.8340417926017, 65.43028193325841, 69.40386171206455, 50.809821844474925, 81.52841886140098, 80.07197188470342, 41.1333434138775, 78.81991337732583, 48.09437988101268, 62.93124373074358, 47.79472179762595, 75.90485993326415, 77.23959431477496, 58.800537556147866, 69.09983691487005, 77.87537907289979, 64.23467977374091, 44.44299227891442, 64.40943568291878, 62.766691263767036, 35.08238903435186, 50.174357443730706, 57.234276867030445, 42.85411950398361, 68.62410583515577, 63.07949217220586, 35.0487170338267, 50.242220177722565, 70.33830937832283, 36.74044946350716, 73.54777128052307, 70.21823348236636, 75.66599578866276, 52.612637346937234, 41.602040052547565, 60.47496387181232, 74.0449481570447, 44.865416312284886, 35.626551043366526, 65.95528862027503, 78.11771258173894, 70.24113267415376, 71.094674140137, 36.02191510667499, 77.65806285877701, 72.07567413099225, 83.32477483659937, 46.946537640714524, 80.50896251147152, 30.8537805223121, 45.83367360714252, 67.5972189187423, 68.9022751470156, 33.64808446850023, 74.7652307939321, 73.00014784455988, 73.97722503201304, 36.31036247611726, 42.38434346369729, 40.4020107898785, 59.55686429046796, 67.772063842503, 72.5239865575639, 30.458668755868363, 81.94453216058986, 59.909619457388196, 51.282070725216904, 60.121083014595285, 58.027054744321546, 68.2252489582076, 48.144270004195555, 56.394208136490796, 40.749986903663256, 59.555439402167764, 76.87902273742601, 36.963378639505635, 59.4188063722403, 50.43697833505114, 39.72207922354278, 56.280073559191244, 78.51472962138693, 79.71160741918997, 60.2090103971597, 48.31584009482479, 58.800537556147866, 63.03582529266284, 63.60963582110784, 44.34789619927618, 45.12591031779091, 74.89757458817269, 40.3500875105847, 66.80587642229438, 61.08137830647126, 80.90911583165118, 62.72499419508867, 44.73784311010578, 44.187665476812974, 44.75943784144472, 69.32427583499863, 67.62616741218669, 58.7459843353018, 80.319974553096, 62.8794431955297, 76.03837872016445, 45.964183814152754, 30.12203716939259, 76.3680824397046, 66.35757284758996, 49.17483561164539, 60.95085487191386, 67.91296431858294, 64.37542903925635, 68.02302893566699]",11.311209306895986,0.7109032859023203
74,Linear Regression,"[67.5, 90.1, 72.3, 74.8, 87.4, 95.5, 82.7, 88.1, 84.5, 24.9, 99.5, 91.9, 88.5, 92.4, 89.5, 87.2, 91.0, 79.7, 92.9, 72.5, 83.1, 88.8, 67.9, 89.6, 86.9, 88.4, 86.1, 66.8, 95.4, 82.9, 40.5, 54.0, 78.2, 80.1, 62.8, 89.6, 92.1, 57.0, 94.8, 94.0, 65.2, 95.0, 80.0, 83.7, 72.1, 88.6, 87.8, 85.4, 87.7, 88.1, 83.3, 75.2, 88.7, 67.5, 68.6, 71.5, 73.6, 70.5, 79.5, 80.8, 38.9, 80.4, 92.6, 61.6, 96.2, 87.4, 95.5, 72.8, 83.8, 73.4, 85.6, 72.5, 61.1, 85.5, 90.3, 94.2, 90.6, 60.2, 92.3, 88.0, 98.6, 46.2, 95.3, 52.4, 76.8, 72.601, 82.4, 57.4, 91.4, 89.9, 72.8, 44.9, 72.5, 72.5, 88.5, 83.4, 90.9, 53.6, 98.2, 84.7, 74.2, 74.4, 74.5, 94.0, 53.2, 86.3, 82.3, 77.8, 91.5, 69.5, 72.0, 84.9, 44.5, 86.3, 93.9, 95.3, 73.5, 62.6, 85.4, 83.4, 84.8, 74.2, 80.6, 89.9, 58.6, 72.9, 83.0, 98.1, 73.5, 75.9, 72.9, 77.7, 56.7, 83.4, 82.4, 98.0, 81.6, 90.6, 79.1, 41.5, 82.6, 96.4, 68.0, 89.4, 78.0, 85.6, 93.0]","[74.16161743252701, 83.8902773655145, 82.37466716648134, 86.15925601333815, 88.84879340600864, 97.22844705062757, 71.83875379050674, 97.07667100601846, 85.31000306889713, 31.657122265816884, 95.92715523008063, 95.32777953557196, 79.8831657192046, 80.44804460487426, 88.33133724645516, 82.3678042887781, 97.1904897417805, 79.72508593222103, 87.16034736585533, 62.41178431238408, 86.8801706836388, 84.31358674094226, 68.38034226872735, 87.10993543006464, 83.8890691882539, 86.13267765156269, 80.87899620705775, 63.54519804326469, 88.42415093991018, 80.66837155298974, 48.18332935167931, 61.86699325571736, 76.4331308386513, 79.28948028161392, 64.72933808672698, 79.41292430866763, 88.55466573499393, 68.19487089233681, 97.24077255153922, 91.74818325807347, 70.68383598992602, 93.26974201134986, 76.06727026931816, 85.04475807515023, 72.15611311730943, 91.87678467567709, 87.51072017315286, 75.68546289418336, 83.79332108104362, 97.07667100601846, 84.59745770428417, 63.684304022212096, 83.05433567690056, 82.91229926237466, 64.63041650057706, 73.44934964113422, 70.56876078822968, 71.19341395073133, 91.15361044155851, 75.19093505580058, 73.07034498163247, 76.02783897627852, 93.7888630881361, 55.82636684599464, 87.79036673775161, 84.08633833041932, 97.61527524563544, 71.92946176721694, 71.12038125177615, 80.55354622835573, 90.10228423715095, 66.70564617376499, 62.106894830578035, 82.95931913021847, 93.74594229307431, 96.09401236626113, 82.31776115451883, 61.53249665098487, 95.90188300461266, 93.2188966020854, 97.53439273682153, 49.04772597073484, 96.24968465502391, 52.77944634602181, 73.8775009892982, 82.32039029237517, 81.68200092404881, 66.94269298872484, 92.23933374510432, 90.68709956430072, 87.09357501122435, 39.96475145168117, 58.12699995397918, 70.74857051148757, 73.71237342170457, 85.38558911490678, 89.624396545067, 59.10898697592349, 96.06908561245801, 89.17872697376819, 69.27698406019388, 75.01179004832926, 80.01745626899294, 82.77684122884915, 67.70697842188231, 80.0775247561727, 74.32795396538864, 83.09656471632412, 90.50483691962665, 72.1278824716192, 79.31468887755469, 77.93117721512623, 56.444277027009704, 75.81979861545148, 88.6617850364833, 88.74763251052923, 76.56797533925413, 60.487425412220695, 75.68546289418336, 77.31969401813362, 78.13980238435032, 71.21068943987503, 72.76738646642559, 89.0982189534337, 74.61764871153679, 69.56178190401171, 75.94268377111702, 97.88532218247035, 75.02924593725972, 75.6173585763704, 74.26238590458085, 68.0238316978292, 85.26802396253474, 87.66918801486982, 87.39471397345648, 96.22277897294066, 80.93433823420217, 92.43566644495908, 76.46288096993922, 56.65359295385612, 82.95343239425718, 83.90303057670857, 73.88776092218743, 85.86958876641661, 89.13894366108512, 78.28605729198084, 85.55904571028962]",7.461141549045526,0.7185428834816721
74,Ridge Regression,"[67.5, 90.1, 72.3, 74.8, 87.4, 95.5, 82.7, 88.1, 84.5, 24.9, 99.5, 91.9, 88.5, 92.4, 89.5, 87.2, 91.0, 79.7, 92.9, 72.5, 83.1, 88.8, 67.9, 89.6, 86.9, 88.4, 86.1, 66.8, 95.4, 82.9, 40.5, 54.0, 78.2, 80.1, 62.8, 89.6, 92.1, 57.0, 94.8, 94.0, 65.2, 95.0, 80.0, 83.7, 72.1, 88.6, 87.8, 85.4, 87.7, 88.1, 83.3, 75.2, 88.7, 67.5, 68.6, 71.5, 73.6, 70.5, 79.5, 80.8, 38.9, 80.4, 92.6, 61.6, 96.2, 87.4, 95.5, 72.8, 83.8, 73.4, 85.6, 72.5, 61.1, 85.5, 90.3, 94.2, 90.6, 60.2, 92.3, 88.0, 98.6, 46.2, 95.3, 52.4, 76.8, 72.601, 82.4, 57.4, 91.4, 89.9, 72.8, 44.9, 72.5, 72.5, 88.5, 83.4, 90.9, 53.6, 98.2, 84.7, 74.2, 74.4, 74.5, 94.0, 53.2, 86.3, 82.3, 77.8, 91.5, 69.5, 72.0, 84.9, 44.5, 86.3, 93.9, 95.3, 73.5, 62.6, 85.4, 83.4, 84.8, 74.2, 80.6, 89.9, 58.6, 72.9, 83.0, 98.1, 73.5, 75.9, 72.9, 77.7, 56.7, 83.4, 82.4, 98.0, 81.6, 90.6, 79.1, 41.5, 82.6, 96.4, 68.0, 89.4, 78.0, 85.6, 93.0]","[74.16125491267785, 83.89025382491741, 82.3743586588302, 86.15943922678369, 88.84891270954773, 97.22841205184079, 71.83906241066113, 97.07672530374488, 85.31014621898295, 31.659685086441527, 95.92722451956008, 95.32779121479098, 79.88283516464266, 80.44803529476047, 88.33149621265282, 82.36833280722487, 97.19059783248056, 79.72512668306453, 87.16050264529598, 62.41212708656921, 86.87990521179177, 84.31357060537722, 68.38026868817634, 87.10998235693926, 83.88921456686487, 86.13190659934716, 80.87906135429623, 63.54463645387761, 88.42412100870831, 80.66790087492153, 48.18418702143222, 61.86679240389926, 76.433210626565, 79.29003493362227, 64.72954621414522, 79.41294788487467, 88.55457916390262, 68.19453675739312, 97.24092199884694, 91.74813997502179, 70.683492816363, 93.26954849603021, 76.06694219051127, 85.0449979306837, 72.15666852162818, 91.87630565774097, 87.51078031300091, 75.6855130762519, 83.79341886090818, 97.07672530374488, 84.59759460637297, 63.68497110580112, 83.0542244286168, 82.91240275351102, 64.63012973651998, 73.44960725027168, 70.56955335466124, 71.19311783939445, 91.1537282268425, 75.19087761800539, 73.06974768936783, 76.02745253176468, 93.78907479443579, 55.826173280927364, 87.79057153761842, 84.08585048394353, 97.6154622127991, 71.929155371371, 71.12029841561848, 80.55353877728116, 90.10246456533235, 66.70586751405119, 62.10692409157839, 82.95911750193963, 93.74574210128124, 96.09431430490643, 82.31767852419242, 61.532598806794276, 95.90189689244751, 93.21894140522676, 97.53437010760587, 49.048214297156356, 96.24962476118897, 52.779248329256546, 73.87707830440927, 82.32008613585252, 81.68235522692125, 66.94226497611595, 92.23948581225252, 90.68735356690584, 87.09340310791374, 39.965747083030266, 58.12713713040439, 70.74817444471839, 73.71213207716427, 85.38550850515348, 89.62463476120482, 59.10937582983608, 96.06910590445136, 89.17832725761818, 69.27702488912588, 75.01040456331428, 80.01754307161333, 82.7767684877688, 67.70723480723846, 80.07729387082296, 74.32739918492035, 83.09660192870895, 90.50466875344766, 72.1275635467031, 79.31551564330609, 77.93122863009822, 56.44521486578727, 75.81972494801211, 88.66194607158891, 88.74782045265934, 76.56776113807541, 60.4870344858434, 75.6855130762519, 77.31959031786766, 78.13977782726312, 71.21003440896997, 72.76711817212946, 89.09821523296411, 74.61748991310773, 69.56253145794635, 75.94303510514595, 97.88551148198485, 75.0292282056348, 75.61752772251421, 74.26267796182769, 68.02408085831807, 85.2681527655744, 87.66926991918919, 87.39493385035733, 96.22283541099753, 80.93421830948066, 92.43553726739977, 76.4623760343388, 56.65377108291534, 82.95375608390125, 83.90300703283789, 73.88822546010229, 85.86962740382198, 89.1387061995747, 78.28638972342283, 85.55881576031564]",7.461150511161926,0.7185422073242936
74,Lasso Regression,"[67.5, 90.1, 72.3, 74.8, 87.4, 95.5, 82.7, 88.1, 84.5, 24.9, 99.5, 91.9, 88.5, 92.4, 89.5, 87.2, 91.0, 79.7, 92.9, 72.5, 83.1, 88.8, 67.9, 89.6, 86.9, 88.4, 86.1, 66.8, 95.4, 82.9, 40.5, 54.0, 78.2, 80.1, 62.8, 89.6, 92.1, 57.0, 94.8, 94.0, 65.2, 95.0, 80.0, 83.7, 72.1, 88.6, 87.8, 85.4, 87.7, 88.1, 83.3, 75.2, 88.7, 67.5, 68.6, 71.5, 73.6, 70.5, 79.5, 80.8, 38.9, 80.4, 92.6, 61.6, 96.2, 87.4, 95.5, 72.8, 83.8, 73.4, 85.6, 72.5, 61.1, 85.5, 90.3, 94.2, 90.6, 60.2, 92.3, 88.0, 98.6, 46.2, 95.3, 52.4, 76.8, 72.601, 82.4, 57.4, 91.4, 89.9, 72.8, 44.9, 72.5, 72.5, 88.5, 83.4, 90.9, 53.6, 98.2, 84.7, 74.2, 74.4, 74.5, 94.0, 53.2, 86.3, 82.3, 77.8, 91.5, 69.5, 72.0, 84.9, 44.5, 86.3, 93.9, 95.3, 73.5, 62.6, 85.4, 83.4, 84.8, 74.2, 80.6, 89.9, 58.6, 72.9, 83.0, 98.1, 73.5, 75.9, 72.9, 77.7, 56.7, 83.4, 82.4, 98.0, 81.6, 90.6, 79.1, 41.5, 82.6, 96.4, 68.0, 89.4, 78.0, 85.6, 93.0]","[73.58093055594135, 83.71051689308842, 82.42362668169177, 86.60311625041548, 88.88874184219951, 97.20430372903846, 71.9672220093305, 96.97222331593946, 85.45897544274077, 34.64770374517876, 96.06070487954237, 95.39333685241387, 79.66359331982088, 80.61847774608626, 88.62076405442298, 82.83650406307574, 97.26658461445862, 79.991473546472, 87.35626803380639, 62.89995873714719, 86.73929844085949, 84.46824622870844, 68.37099811827726, 87.1291540174387, 83.90711101867274, 84.94647232008563, 81.08664116423328, 62.98617302783249, 88.5272509868401, 79.90223793019432, 49.38689107792925, 61.777094605817226, 76.33761121988772, 79.761142354338, 64.96080764319235, 79.52323662133088, 88.48705833170654, 68.03872559137385, 97.425192027081, 91.81128961192448, 70.34878572341972, 92.9344738416532, 75.78208333839576, 85.27935333593288, 72.85676325851958, 91.22115148482358, 87.78589811379098, 76.07916640896478, 83.98760025372661, 96.97222331593946, 84.65463217557374, 64.3821439734325, 82.80807670171146, 83.0043418411162, 64.34397360027694, 73.90264932989406, 71.68737713651018, 70.88724414828906, 91.01638539070015, 75.04284132162527, 72.49693805851743, 75.64735058457714, 93.89095880167122, 55.429090347943145, 88.04209076834046, 83.36387514643424, 97.54056866533833, 71.79643114842085, 71.22290865424061, 80.913340017617, 90.43157733389764, 67.04622429637648, 62.0502482285435, 82.90367028886162, 93.41501781092526, 96.13050222940187, 82.47341981051699, 61.68449173349291, 95.80098306404584, 93.15157921080934, 97.50523229128105, 49.73236020899266, 96.08366307699747, 52.6374503132775, 73.4817287761485, 82.37620106281706, 82.16134702037394, 66.37773764326413, 92.42271422661756, 91.00482715750555, 87.0579369016206, 41.107275648115355, 58.24880958486955, 70.44329777739215, 73.38030659242193, 85.25908443657633, 89.69825630441608, 59.69374438340281, 96.04052036094744, 88.38627427936338, 69.25978085862825, 72.84459276277612, 79.81335626237451, 82.8133339818249, 68.27284975358214, 79.66581143121732, 73.522298969011, 83.06665521125748, 90.4043296459853, 71.74662661541208, 80.24297837466644, 77.94816739330989, 57.8417052187081, 75.97240813803916, 89.07407960875045, 88.99065853868575, 76.547416218354, 60.090984242458575, 76.07916640896478, 77.2222111087348, 78.12105525312246, 70.46083381800935, 72.26825553965807, 89.04932006732004, 74.50494534376188, 70.43980043600277, 76.5287593251827, 98.02815267887148, 75.40460338045021, 75.80549173554387, 74.66129319860224, 68.42877351794493, 85.71343890220062, 87.56869323338908, 87.30684065734604, 96.36902587749636, 80.73289689514345, 92.1772613939444, 75.85039461032315, 57.06163507395138, 83.3883769055291, 83.98651695263365, 74.55532968400648, 85.68893894270197, 88.89574505472122, 78.77766729235229, 85.25381598934081]",7.5026031090821315,0.7154060778922777
74,Random Forest,"[67.5, 90.1, 72.3, 74.8, 87.4, 95.5, 82.7, 88.1, 84.5, 24.9, 99.5, 91.9, 88.5, 92.4, 89.5, 87.2, 91.0, 79.7, 92.9, 72.5, 83.1, 88.8, 67.9, 89.6, 86.9, 88.4, 86.1, 66.8, 95.4, 82.9, 40.5, 54.0, 78.2, 80.1, 62.8, 89.6, 92.1, 57.0, 94.8, 94.0, 65.2, 95.0, 80.0, 83.7, 72.1, 88.6, 87.8, 85.4, 87.7, 88.1, 83.3, 75.2, 88.7, 67.5, 68.6, 71.5, 73.6, 70.5, 79.5, 80.8, 38.9, 80.4, 92.6, 61.6, 96.2, 87.4, 95.5, 72.8, 83.8, 73.4, 85.6, 72.5, 61.1, 85.5, 90.3, 94.2, 90.6, 60.2, 92.3, 88.0, 98.6, 46.2, 95.3, 52.4, 76.8, 72.601, 82.4, 57.4, 91.4, 89.9, 72.8, 44.9, 72.5, 72.5, 88.5, 83.4, 90.9, 53.6, 98.2, 84.7, 74.2, 74.4, 74.5, 94.0, 53.2, 86.3, 82.3, 77.8, 91.5, 69.5, 72.0, 84.9, 44.5, 86.3, 93.9, 95.3, 73.5, 62.6, 85.4, 83.4, 84.8, 74.2, 80.6, 89.9, 58.6, 72.9, 83.0, 98.1, 73.5, 75.9, 72.9, 77.7, 56.7, 83.4, 82.4, 98.0, 81.6, 90.6, 79.1, 41.5, 82.6, 96.4, 68.0, 89.4, 78.0, 85.6, 93.0]","[74.53845999999994, 85.98794000000004, 87.34769000000004, 79.45053000000007, 89.28200000000001, 95.78262000000001, 77.06900000000002, 95.99250000000004, 89.289, 31.073999999999987, 96.33155000000001, 92.89474999999986, 75.20099999999998, 83.80900000000001, 90.89487, 86.05800000000004, 92.49382000000001, 71.623, 89.89775999999998, 58.42300000000002, 85.50248999999998, 86.03500000000003, 69.39191999999998, 89.41499999999998, 83.57500000000002, 81.90099999999995, 83.95699999999997, 65.74176000000003, 92.55797000000001, 81.10399999999998, 48.53079999999997, 60.66946, 78.33, 78.15592999999997, 67.71200999999996, 81.66099999999999, 88.28599999999997, 63.930890000000026, 96.03875999999995, 90.70900000000005, 69.96563000000003, 93.08205999999998, 74.61299, 88.641, 70.13800000000003, 86.04400000000005, 90.36302999999998, 76.72799000000003, 87.88400000000001, 95.99250000000004, 86.99800000000005, 67.85464999999999, 84.74400000000001, 83.00300000000003, 66.05946000000006, 73.24045999999997, 68.78893000000004, 70.71300000000002, 88.69387000000002, 78.29299999999994, 74.75497, 75.53099999999996, 91.15700000000004, 52.23900000000001, 90.30100000000004, 84.20999999999998, 90.08959999999999, 70.85899999999997, 71.90799, 73.69078000000005, 89.07300000000006, 70.449, 56.317, 86.89500000000002, 91.324, 89.62850999999996, 80.85393999999995, 63.666090000000025, 89.84447999999999, 89.45674, 98.16883000000016, 45.12599999999997, 95.01898, 55.632000000000005, 73.07898999999996, 87.47070000000004, 80.13199999999998, 63.044630000000026, 91.91300000000001, 90.36386999999996, 85.93299, 43.77220000000001, 62.39199999999998, 69.77346000000001, 78.08700000000003, 88.09200000000001, 90.95629000000001, 55.55831000000003, 95.65737000000001, 88.77300000000002, 79.12400000000001, 71.70192999999992, 79.46499999999995, 82.052, 65.02946000000006, 80.33199999999994, 72.95199999999997, 80.477, 89.49797999999998, 71.54434, 80.44999999999999, 74.184, 53.29200000000001, 76.46, 93.7078, 90.10862999999998, 74.96397999999999, 54.575930000000014, 76.72799000000003, 80.31399999999994, 73.83100000000005, 71.33100000000002, 72.76845999999998, 89.63487, 72.85499999999999, 68.64992999999998, 80.45599999999993, 95.79542000000001, 71.15997000000002, 76.91399999999997, 72.59799999999997, 72.48, 85.32295, 87.11500000000002, 81.73300000000008, 95.17790999999995, 79.921, 89.27200000000002, 74.09000000000003, 49.74700000000001, 82.10199, 89.36599999999999, 67.00498999999999, 86.78699999999999, 89.15900000000002, 82.25399999999995, 84.10200000000003]",7.028145148497071,0.7502628680576338
74,Support Vector Regressor (SVR),"[67.5, 90.1, 72.3, 74.8, 87.4, 95.5, 82.7, 88.1, 84.5, 24.9, 99.5, 91.9, 88.5, 92.4, 89.5, 87.2, 91.0, 79.7, 92.9, 72.5, 83.1, 88.8, 67.9, 89.6, 86.9, 88.4, 86.1, 66.8, 95.4, 82.9, 40.5, 54.0, 78.2, 80.1, 62.8, 89.6, 92.1, 57.0, 94.8, 94.0, 65.2, 95.0, 80.0, 83.7, 72.1, 88.6, 87.8, 85.4, 87.7, 88.1, 83.3, 75.2, 88.7, 67.5, 68.6, 71.5, 73.6, 70.5, 79.5, 80.8, 38.9, 80.4, 92.6, 61.6, 96.2, 87.4, 95.5, 72.8, 83.8, 73.4, 85.6, 72.5, 61.1, 85.5, 90.3, 94.2, 90.6, 60.2, 92.3, 88.0, 98.6, 46.2, 95.3, 52.4, 76.8, 72.601, 82.4, 57.4, 91.4, 89.9, 72.8, 44.9, 72.5, 72.5, 88.5, 83.4, 90.9, 53.6, 98.2, 84.7, 74.2, 74.4, 74.5, 94.0, 53.2, 86.3, 82.3, 77.8, 91.5, 69.5, 72.0, 84.9, 44.5, 86.3, 93.9, 95.3, 73.5, 62.6, 85.4, 83.4, 84.8, 74.2, 80.6, 89.9, 58.6, 72.9, 83.0, 98.1, 73.5, 75.9, 72.9, 77.7, 56.7, 83.4, 82.4, 98.0, 81.6, 90.6, 79.1, 41.5, 82.6, 96.4, 68.0, 89.4, 78.0, 85.6, 93.0]","[72.85675904881724, 81.47881762309349, 80.26942628774046, 88.35357984346781, 90.73892299418227, 92.32923540321902, 76.34509028168627, 93.29791513039282, 84.62110567537744, 55.30838306383629, 92.54099235569912, 93.36066312938212, 81.29585144879874, 81.06378395751102, 90.15763518175069, 87.81181451572895, 92.9475341194668, 82.76351198997406, 87.51220345891718, 63.65216877363714, 87.51244176216564, 85.32352460954128, 67.093984411057, 86.32255399418723, 87.57970028346378, 86.82734625453864, 83.72885224414705, 61.240102620096025, 89.44920575465265, 86.55693853389272, 55.588246597687366, 62.41338375977545, 84.78488185327649, 87.03352199985919, 64.35887580071453, 83.83146627431012, 89.14155252595341, 68.81388683701545, 93.17239746776845, 89.65192710556349, 68.87016716653795, 92.86238556101242, 73.15821271630834, 86.3634718072107, 72.08643251828289, 88.98734587849565, 88.33415528701839, 75.61235503538913, 84.57566993202131, 93.29791513039282, 85.48837184183434, 66.47373169521138, 81.32892499722938, 86.23616077820748, 62.74677528368135, 74.60422936997847, 74.61654871677119, 69.3744404316298, 90.12018042611096, 81.75985447534053, 68.75070555290577, 73.20396486566072, 91.6208657090619, 59.22716065994126, 90.02652422779585, 85.81548025685147, 91.8683540193132, 71.15979275861896, 66.88248790278455, 78.37682932599213, 89.08650101405686, 68.2152845462861, 63.112871698749856, 82.91072457758105, 91.0429491309484, 90.44714316309795, 84.30722079159905, 62.21572066080367, 92.31863030270034, 92.30214273325329, 92.15917325600475, 61.097191817005715, 92.55754921977378, 56.6441041027296, 70.26285402721088, 80.22709152250165, 86.0849833591118, 65.15807417046925, 91.13737054925662, 89.0810844511824, 88.66090517206992, 53.8164082503413, 60.77785622140889, 66.65080783555587, 74.46759597308838, 86.24661274922315, 87.92829371948812, 60.25836184148634, 93.53084877396438, 87.62756095325445, 72.57077978103776, 81.48585998710273, 81.81527469612082, 85.30074089534165, 69.39256458994295, 82.21158827218058, 71.05229052409365, 84.40889779560442, 89.53600814313798, 68.36740744177072, 85.36516056564291, 77.33906785034493, 61.61964632822689, 75.15187311644213, 89.4199502207188, 90.57380653029526, 77.51560929292285, 63.944324829677925, 75.61235503538913, 81.39800970985397, 81.56946800417208, 67.40516474495051, 73.32051182181307, 90.07881846106665, 72.82455309090712, 79.44333308475117, 80.3685757948904, 92.60996648915203, 76.91329865353131, 73.09441142252551, 72.49686540117239, 69.77962754821269, 87.45025742598759, 89.14576607428674, 85.47087514687212, 92.42157518676939, 83.18032590681604, 90.58914122038911, 74.0444010987867, 58.23313635390291, 87.45631257562314, 82.97899144457371, 73.75662219223724, 83.30844082214152, 89.59609751691167, 83.80496989365906, 87.17030658894663]",8.115192274773491,0.6670344486207721
101,Linear Regression,"[38.9, 15.8, 47.8, 33.9, 40.3, 53.9, 39.4, 45.7, 27.3, 40.2, 70.9, 53.7, 31.3, 38.0, 47.4, 22.6, 84.3, 35.6, 73.2, 30.7, 45.7, 34.6, 45.4, 45.0, 31.1, 40.1, 17.6, 37.3, 43.2, 61.6, 38.4, 35.1, 22.5, 20.7, 34.7, 38.3, 39.2, 28.6, 55.7, 32.6, 47.2, 45.6, 53.1, 27.2, 21.7, 42.5, 40.7, 49.9, 59.6, 45.7, 25.6, 22.1, 48.2, 25.8, 31.5, 32.9, 25.6, 46.6, 42.4, 51.0, 43.6, 43.3, 51.3, 13.6, 55.9, 45.2, 52.5, 43.6, 40.9, 60.7, 44.0, 26.9, 21.0, 42.5, 36.0, 41.7, 28.1, 38.8, 40.0, 70.1, 52.5, 32.2, 50.1, 14.4, 53.0, 47.698, 62.6, 34.0, 67.6, 56.5, 55.4, 49.7, 33.3, 34.8, 41.8, 38.4, 60.5, 31.8, 47.7, 45.1, 40.3, 32.2, 40.8, 26.5, 27.5, 27.8, 52.7, 17.6, 42.3, 46.5, 53.6, 24.2, 18.7, 25.1, 38.1, 60.3, 41.7, 20.9, 49.9, 37.7, 33.7, 31.9, 15.9, 46.4, 51.9, 50.9, 30.7, 50.2, 27.9, 30.3, 35.1, 23.1, 37.0, 41.0, 33.2, 54.4, 34.6, 59.3, 42.8, 29.5, 59.8, 36.6, 21.6, 47.9, 17.7, 28.6, 32.6]","[37.173053828915585, 37.62898628885155, 43.83107893712272, 38.48455588780513, 41.8985644514594, 53.24308947991555, 43.52097561363179, 52.13117997531583, 28.942690487080377, 44.66597958068522, 60.64157017310839, 55.48526139763686, 34.06419956948146, 40.37739628504285, 48.57618842511474, 24.531721897492716, 60.070316495328754, 42.5077765422285, 63.1686039903838, 22.737851028321487, 51.58339306147845, 35.939462127493606, 38.814440469434075, 42.109291679654525, 33.68482220434319, 42.20445855360997, 22.883551365227547, 35.24728055248532, 50.05335759627036, 58.81129951106445, 36.20098162193012, 27.190147075982026, 34.39804911534808, 24.65417770183702, 38.05501959749152, 37.873902677606246, 38.49405604174485, 27.2442998072304, 59.13856401264997, 48.29093650459218, 39.83010627678486, 43.678730492216644, 42.95147567901546, 38.700113744487226, 25.164511650426782, 49.947244353782196, 39.40343887460335, 45.680173057511375, 47.59932775570426, 52.13117997531583, 33.507679205803605, 41.56359062412, 48.81120725044185, 24.55149948994001, 30.037082006277277, 31.858759817961072, 35.816497267352105, 41.05580120596074, 47.817088604016625, 45.7860519009457, 50.15947474748258, 35.21221487542121, 53.302215436437876, 19.218897934439042, 53.76748747679254, 54.30597794133993, 55.73599191448382, 28.141608049775307, 36.46972475370406, 50.299722490647326, 49.163362080361075, 42.05866791372678, 20.80014364828228, 43.131370758809275, 43.670664983413026, 52.083178783812606, 34.572243295467004, 33.5518679681725, 50.137874351185516, 58.36704472533839, 59.360340569180266, 31.576954479106895, 52.8827536899539, 17.814167836286284, 40.65741357249951, 43.847077253290415, 57.91765636686647, 23.827461624835294, 47.69283370203999, 47.262384662581084, 51.51224509641675, 36.55547661596348, 31.685936800400107, 33.333413106872534, 47.77550651667168, 42.90497101027708, 54.0889755122805, 37.74907416191536, 43.89170199702212, 38.24806088180051, 48.92851635996048, 35.40078673826892, 37.50446691974775, 35.402403800617314, 23.835395883354273, 33.651342049881094, 41.57624902597227, 24.72437339482221, 37.06766160167753, 39.26148564013571, 48.59512562764902, 28.420235579015284, 22.372415335130835, 28.305901971031034, 50.24467591566698, 58.782725439714085, 31.997872810655856, 19.64017772165107, 45.680173057511375, 32.6891547604588, 36.73475877747677, 31.844065298470472, 21.739737349378515, 52.66381421979466, 45.44275441237358, 48.04942287246799, 25.69629652787433, 57.38944239447592, 33.68876911351746, 29.137065926280158, 34.10433074196125, 23.05757600200721, 37.208819182411226, 40.35451667751274, 32.92010984409533, 53.47156181537025, 36.25824089228113, 59.44036695409132, 40.7821609870643, 30.440052450837623, 61.217939008322304, 42.931895976329784, 21.307383532260175, 42.448250192641424, 25.830161242229547, 30.342090814077253, 34.568660921886845]",7.004718728263363,0.7127907857473015
101,Ridge Regression,"[38.9, 15.8, 47.8, 33.9, 40.3, 53.9, 39.4, 45.7, 27.3, 40.2, 70.9, 53.7, 31.3, 38.0, 47.4, 22.6, 84.3, 35.6, 73.2, 30.7, 45.7, 34.6, 45.4, 45.0, 31.1, 40.1, 17.6, 37.3, 43.2, 61.6, 38.4, 35.1, 22.5, 20.7, 34.7, 38.3, 39.2, 28.6, 55.7, 32.6, 47.2, 45.6, 53.1, 27.2, 21.7, 42.5, 40.7, 49.9, 59.6, 45.7, 25.6, 22.1, 48.2, 25.8, 31.5, 32.9, 25.6, 46.6, 42.4, 51.0, 43.6, 43.3, 51.3, 13.6, 55.9, 45.2, 52.5, 43.6, 40.9, 60.7, 44.0, 26.9, 21.0, 42.5, 36.0, 41.7, 28.1, 38.8, 40.0, 70.1, 52.5, 32.2, 50.1, 14.4, 53.0, 47.698, 62.6, 34.0, 67.6, 56.5, 55.4, 49.7, 33.3, 34.8, 41.8, 38.4, 60.5, 31.8, 47.7, 45.1, 40.3, 32.2, 40.8, 26.5, 27.5, 27.8, 52.7, 17.6, 42.3, 46.5, 53.6, 24.2, 18.7, 25.1, 38.1, 60.3, 41.7, 20.9, 49.9, 37.7, 33.7, 31.9, 15.9, 46.4, 51.9, 50.9, 30.7, 50.2, 27.9, 30.3, 35.1, 23.1, 37.0, 41.0, 33.2, 54.4, 34.6, 59.3, 42.8, 29.5, 59.8, 36.6, 21.6, 47.9, 17.7, 28.6, 32.6]","[37.173005772107985, 37.62890002016337, 43.831133790108694, 38.48451675642711, 41.89850920132353, 53.243130563659065, 43.52095919562913, 52.131101945160076, 28.94269470500329, 44.66596907748792, 60.64155314811754, 55.48512835973025, 34.06409891923631, 40.37725981216236, 48.57615839654814, 24.53170084123406, 60.07029886768069, 42.5076651771304, 63.168539344384925, 22.737999482452537, 51.58336265720203, 35.93934672244692, 38.81436578450294, 42.10933886198996, 33.684904834133064, 42.204477775019704, 22.88360065675435, 35.24722505919507, 50.053218668381135, 58.81127197780381, 36.20100341127213, 27.190262009661684, 34.398029977332705, 24.654199202008275, 38.05504457386199, 37.87382269948943, 38.49400299558049, 27.244400680856966, 59.13846929930669, 48.29093475116498, 39.83007543261478, 43.67879255020375, 42.951496789711456, 38.7001771027131, 25.16449825859958, 49.94728029981388, 39.40342318189097, 45.68011696245543, 47.599407980295794, 52.131101945160076, 33.50772364580642, 41.56357967164732, 48.811178242290495, 24.551536293560538, 30.03718653327187, 31.858706970300844, 35.81646147211481, 41.05573135658134, 47.817196612823324, 45.78604237369528, 50.159544076637985, 35.212252400340056, 53.30220086261229, 19.218988244844077, 53.767389296840946, 54.305975710149596, 55.735946098691755, 28.141614329077314, 36.469802858125405, 50.29977335135561, 49.16343243420062, 42.058684500735474, 20.80029147325112, 43.131208718725844, 43.6708076815349, 52.08320670439416, 34.57222229631579, 33.55188193580593, 50.13794867577778, 58.367058129110355, 59.36027126486576, 31.577055048562986, 52.882731457259695, 17.814362782609436, 40.65728928465391, 43.847131838318084, 57.917600982150134, 23.82757961531669, 47.69295769510528, 47.26238793647211, 51.512247359482494, 36.55546901471861, 31.68598586761905, 33.333551650574144, 47.775520679836916, 42.90493165412227, 54.08900778745176, 37.74918705420553, 43.89171032143973, 38.24800490129354, 48.92854292872444, 35.40077209048443, 37.504518078082874, 35.402358536128226, 23.83546765255973, 33.65129138725649, 41.57629421694703, 24.7243129669298, 37.06769482866633, 39.261468246111704, 48.59501985416628, 28.420252430685984, 22.372397297949973, 28.30583415498695, 50.24438939004023, 58.78265122747924, 31.997818053092598, 19.640377900376922, 45.68011696245543, 32.68911554870462, 36.734618746134345, 31.84405131151904, 21.7396810410018, 52.66393267816726, 45.44283345145752, 48.04929021679646, 25.696293968213112, 57.3893232748464, 33.68869398036742, 29.137115122364783, 34.10435491401353, 23.057519496235834, 37.208729331762754, 40.35464237373603, 32.920157148213036, 53.471587362586355, 36.25835865750586, 59.440353561189525, 40.7822225688698, 30.44009820565599, 61.217946204210676, 42.93197039166011, 21.307347986044306, 42.44829363352212, 25.830204145970562, 30.341981017861965, 34.56865136138957]",7.004708149173107,0.7127916532796104
101,Lasso Regression,"[38.9, 15.8, 47.8, 33.9, 40.3, 53.9, 39.4, 45.7, 27.3, 40.2, 70.9, 53.7, 31.3, 38.0, 47.4, 22.6, 84.3, 35.6, 73.2, 30.7, 45.7, 34.6, 45.4, 45.0, 31.1, 40.1, 17.6, 37.3, 43.2, 61.6, 38.4, 35.1, 22.5, 20.7, 34.7, 38.3, 39.2, 28.6, 55.7, 32.6, 47.2, 45.6, 53.1, 27.2, 21.7, 42.5, 40.7, 49.9, 59.6, 45.7, 25.6, 22.1, 48.2, 25.8, 31.5, 32.9, 25.6, 46.6, 42.4, 51.0, 43.6, 43.3, 51.3, 13.6, 55.9, 45.2, 52.5, 43.6, 40.9, 60.7, 44.0, 26.9, 21.0, 42.5, 36.0, 41.7, 28.1, 38.8, 40.0, 70.1, 52.5, 32.2, 50.1, 14.4, 53.0, 47.698, 62.6, 34.0, 67.6, 56.5, 55.4, 49.7, 33.3, 34.8, 41.8, 38.4, 60.5, 31.8, 47.7, 45.1, 40.3, 32.2, 40.8, 26.5, 27.5, 27.8, 52.7, 17.6, 42.3, 46.5, 53.6, 24.2, 18.7, 25.1, 38.1, 60.3, 41.7, 20.9, 49.9, 37.7, 33.7, 31.9, 15.9, 46.4, 51.9, 50.9, 30.7, 50.2, 27.9, 30.3, 35.1, 23.1, 37.0, 41.0, 33.2, 54.4, 34.6, 59.3, 42.8, 29.5, 59.8, 36.6, 21.6, 47.9, 17.7, 28.6, 32.6]","[37.30840950440154, 37.75790542685708, 44.1101639387407, 38.27294260149782, 41.62320326185941, 53.28046111280996, 43.65967581059734, 52.376263258761696, 28.951588918000645, 43.82977800022064, 60.493817661779886, 55.44408001673678, 34.00835481250227, 40.423144953536976, 48.60579809496703, 24.48079087299125, 59.652046506575715, 42.4595563227052, 62.7101170507149, 23.231899041267148, 50.738074668852875, 35.883726301261916, 39.0367024604567, 42.38478188637782, 33.71792905646544, 42.12267178947476, 23.24985253019294, 35.558815830003546, 49.983714111191595, 58.94116518646709, 35.9551951301325, 27.74493713993023, 34.438263067017374, 24.677245998445027, 38.289119786142834, 37.692340121803355, 38.523828147055085, 27.230199159524542, 58.850410504851865, 48.08041903023748, 40.140594565584024, 43.84532988633794, 42.91108330315218, 38.630739032451544, 24.713734855837462, 49.7975167267963, 39.04359798081636, 45.673269391373026, 47.71320191539098, 52.376263258761696, 33.966125569876525, 41.90660092492012, 48.528241955783656, 24.412308803412344, 30.27632109772604, 31.646239484191153, 35.785106147632014, 41.30339891824667, 47.87918438569476, 45.876089104064846, 49.94469311523946, 35.286470440537016, 53.03535950584307, 19.719772605517726, 53.92412116093757, 54.01239848627557, 55.37772955967989, 28.097696468154133, 36.80384914309115, 50.37109280796146, 49.03752642292197, 42.20618067523887, 21.04529069452035, 43.14476507690535, 43.76058355486148, 51.90744896204362, 34.50914615990426, 33.807830250023144, 50.2433753275877, 58.141369074272994, 59.306052784202244, 31.8348438977025, 52.89152785841804, 18.25821005800283, 41.06471119984747, 44.13074420527883, 58.01362384039665, 24.211156990385618, 47.770804761796214, 47.4523364341165, 51.14022270522797, 36.47182372402611, 31.9722848807425, 33.61039325115665, 47.871490042909244, 42.920066111033975, 53.8962937365351, 37.7083207740937, 43.693339002428836, 38.075156543518965, 49.11436567300131, 35.207787646010985, 37.610088148053364, 35.21468572378549, 23.674925240030724, 33.32862022716158, 41.898761186462416, 24.68558064645276, 37.26184698753501, 39.596904386170955, 48.51597381126567, 28.45055939534823, 22.258867649590602, 28.2253569293831, 50.10155705823574, 58.84676231614162, 31.812915714037214, 19.667915151330604, 45.673269391373026, 32.49853527812971, 36.71443360875699, 32.5019972532826, 21.979233043624408, 52.56871333502564, 45.131153585112074, 48.061497723823535, 25.61949221415227, 57.3843478587237, 33.625229224170766, 29.317171351012778, 34.302662631426585, 22.716439110803023, 36.833570844761454, 40.54420942264191, 32.98992433628562, 53.462424337696106, 36.65214572667112, 59.56714098575061, 41.175752690096154, 30.762688373895102, 61.37008295826262, 43.25291753837687, 20.730604929681462, 42.649384829309035, 25.62750158908782, 30.042053545379023, 34.32156804043311]",6.991230443491418,0.713895820788159
101,Random Forest,"[38.9, 15.8, 47.8, 33.9, 40.3, 53.9, 39.4, 45.7, 27.3, 40.2, 70.9, 53.7, 31.3, 38.0, 47.4, 22.6, 84.3, 35.6, 73.2, 30.7, 45.7, 34.6, 45.4, 45.0, 31.1, 40.1, 17.6, 37.3, 43.2, 61.6, 38.4, 35.1, 22.5, 20.7, 34.7, 38.3, 39.2, 28.6, 55.7, 32.6, 47.2, 45.6, 53.1, 27.2, 21.7, 42.5, 40.7, 49.9, 59.6, 45.7, 25.6, 22.1, 48.2, 25.8, 31.5, 32.9, 25.6, 46.6, 42.4, 51.0, 43.6, 43.3, 51.3, 13.6, 55.9, 45.2, 52.5, 43.6, 40.9, 60.7, 44.0, 26.9, 21.0, 42.5, 36.0, 41.7, 28.1, 38.8, 40.0, 70.1, 52.5, 32.2, 50.1, 14.4, 53.0, 47.698, 62.6, 34.0, 67.6, 56.5, 55.4, 49.7, 33.3, 34.8, 41.8, 38.4, 60.5, 31.8, 47.7, 45.1, 40.3, 32.2, 40.8, 26.5, 27.5, 27.8, 52.7, 17.6, 42.3, 46.5, 53.6, 24.2, 18.7, 25.1, 38.1, 60.3, 41.7, 20.9, 49.9, 37.7, 33.7, 31.9, 15.9, 46.4, 51.9, 50.9, 30.7, 50.2, 27.9, 30.3, 35.1, 23.1, 37.0, 41.0, 33.2, 54.4, 34.6, 59.3, 42.8, 29.5, 59.8, 36.6, 21.6, 47.9, 17.7, 28.6, 32.6]","[37.24100000000001, 34.200510000000016, 45.18744999999997, 34.880000000000045, 38.40900000000002, 50.99295, 34.04014000000002, 50.46075999999998, 29.165, 49.50600000000002, 72.75418000000006, 56.92692999999995, 31.25400000000003, 38.39951000000002, 42.28214, 24.283000000000005, 71.91957000000006, 43.048579999999994, 71.71979999999999, 27.376000000000005, 54.132939999999984, 34.520999999999994, 37.701, 39.467999999999996, 31.43700000000001, 40.32700000000001, 27.30200000000001, 35.396, 48.95697000000001, 62.81172000000001, 37.605999999999995, 33.955999999999996, 31.384000000000018, 22.52499999999999, 39.982, 35.676000000000016, 36.58500000000003, 30.019000000000005, 57.08543000000003, 42.55499999999999, 40.597999999999985, 45.018870000000035, 40.28300000000001, 33.91700000000002, 32.650000000000006, 44.81799, 38.03745999999998, 41.64, 46.92500000000002, 50.46075999999998, 31.808999999999987, 43.283999999999985, 48.974000000000025, 28.99000000000002, 29.692000000000025, 29.87699999999999, 32.569, 39.785999999999994, 43.61801000000002, 43.45416000000001, 49.52608999999997, 34.650549999999996, 50.53038000000002, 23.296999999999997, 51.76379999999997, 50.61599999999998, 51.56199999999998, 27.087999999999997, 35.015, 56.10879000000004, 47.110000000000035, 41.434000000000005, 22.639, 40.19600000000002, 38.57600000000002, 52.206680000000006, 32.758000000000024, 30.489, 44.277, 58.47699000000002, 52.76, 36.048, 51.10763000000003, 17.647000000000006, 37.29499999999998, 45.403719999999964, 59.31052000000003, 31.08200000000001, 52.28406, 51.82365999999999, 53.05778000000003, 45.84999999999993, 28.977000000000004, 32.45400000000001, 41.321999999999996, 42.056160000000006, 56.71993999999998, 33.525530000000025, 40.64200000000001, 37.276999999999994, 45.09151, 31.58800000000001, 40.69900000000002, 35.598000000000006, 23.954999999999977, 28.592000000000006, 44.26037999999997, 23.998999999999995, 40.84299999999999, 39.56200000000001, 51.525700000000036, 29.13799999999999, 22.375999999999994, 28.828000000000017, 49.99096000000002, 58.97655, 29.739000000000015, 23.866999999999983, 41.64, 31.31599999999999, 34.83507000000002, 33.053000000000004, 25.69, 48.80300000000004, 49.19242000000001, 50.58113000000001, 22.54899999999999, 54.14409000000003, 31.166000000000004, 29.603000000000016, 33.35951000000001, 24.921000000000006, 38.63516, 38.371, 33.40399999999999, 52.799150000000026, 33.7, 56.60616999999998, 42.5573, 30.017, 62.60312000000003, 42.01015999999998, 32.47399999999999, 40.39514, 25.25100000000001, 29.742999999999988, 31.275999999999986]",6.252814357261333,0.7711409786119066
101,Support Vector Regressor (SVR),"[38.9, 15.8, 47.8, 33.9, 40.3, 53.9, 39.4, 45.7, 27.3, 40.2, 70.9, 53.7, 31.3, 38.0, 47.4, 22.6, 84.3, 35.6, 73.2, 30.7, 45.7, 34.6, 45.4, 45.0, 31.1, 40.1, 17.6, 37.3, 43.2, 61.6, 38.4, 35.1, 22.5, 20.7, 34.7, 38.3, 39.2, 28.6, 55.7, 32.6, 47.2, 45.6, 53.1, 27.2, 21.7, 42.5, 40.7, 49.9, 59.6, 45.7, 25.6, 22.1, 48.2, 25.8, 31.5, 32.9, 25.6, 46.6, 42.4, 51.0, 43.6, 43.3, 51.3, 13.6, 55.9, 45.2, 52.5, 43.6, 40.9, 60.7, 44.0, 26.9, 21.0, 42.5, 36.0, 41.7, 28.1, 38.8, 40.0, 70.1, 52.5, 32.2, 50.1, 14.4, 53.0, 47.698, 62.6, 34.0, 67.6, 56.5, 55.4, 49.7, 33.3, 34.8, 41.8, 38.4, 60.5, 31.8, 47.7, 45.1, 40.3, 32.2, 40.8, 26.5, 27.5, 27.8, 52.7, 17.6, 42.3, 46.5, 53.6, 24.2, 18.7, 25.1, 38.1, 60.3, 41.7, 20.9, 49.9, 37.7, 33.7, 31.9, 15.9, 46.4, 51.9, 50.9, 30.7, 50.2, 27.9, 30.3, 35.1, 23.1, 37.0, 41.0, 33.2, 54.4, 34.6, 59.3, 42.8, 29.5, 59.8, 36.6, 21.6, 47.9, 17.7, 28.6, 32.6]","[35.30923016638274, 36.90932041339073, 44.15748875273595, 36.73728053907716, 38.854515027535946, 52.350168290340136, 40.652149879678475, 50.87035989973179, 28.72486091155233, 39.89010204408327, 56.19406727001592, 53.06515132685213, 31.6404369437775, 36.76317232198792, 48.31582725983892, 25.298159780425294, 56.56955880980221, 40.08188142550337, 57.382246214475984, 24.951021410187877, 49.09012521355693, 33.17195374559493, 36.76480919126031, 42.305575722209355, 33.7390571582115, 42.28563547943685, 26.27696297177694, 33.76611204955471, 48.446427624522556, 55.678947814892894, 33.714916792246996, 28.46424841704907, 32.136677814177254, 25.68243770775095, 36.38611832810218, 34.834271112093774, 36.84932694026187, 28.289198639764745, 55.536008187545775, 46.76498809773701, 37.83772933347208, 44.28684196980469, 42.18042233831958, 38.97721123682067, 25.99098198956232, 48.557175972893596, 38.89119541163488, 44.92267811423727, 48.909457283782714, 50.87035989973179, 33.34345479030151, 40.607609134533185, 48.410257985829446, 26.176686303288918, 30.445773644720767, 29.322765441220945, 34.009674602135924, 37.84465045988279, 47.52312342030024, 43.89553197993237, 51.00115284100982, 35.316879598246146, 52.52318000761765, 23.821212149491032, 52.58383670680686, 52.73237553690008, 53.18774911166396, 27.36627456540822, 36.63284224458356, 48.099536212870504, 49.101480532603745, 40.68994505385964, 23.331551123322935, 38.917402581935264, 44.66798461383448, 50.97403639349481, 31.73580736730571, 31.737855697595787, 49.192112138318386, 54.83233866011905, 55.41106834964512, 34.00235876790006, 51.889083175474674, 22.89374006076696, 37.60833875089387, 44.17071372256014, 55.68182402730515, 25.37479356394602, 48.439764928436816, 47.8771687637867, 51.06147390787358, 34.066232277014414, 31.203273539957358, 33.87364056828108, 47.186263554405514, 40.69022191639204, 52.61556879580667, 37.36640693692672, 43.90119507157071, 36.55552681564224, 48.449956825643795, 32.26686624547361, 38.45540667241402, 32.57704696372325, 24.75901798558503, 31.40350983951346, 41.81504813125311, 25.13856193266881, 38.54677497516683, 37.064345792547044, 44.91423799721592, 28.567672789954116, 23.455716494773867, 27.879392611944716, 44.34744868020827, 56.17929580205845, 29.643736171182663, 23.1785629593701, 44.92267811423727, 30.153970658747802, 33.450327658353956, 30.924413025097664, 26.06559136480437, 51.153026858332275, 45.2617452634479, 44.54482389185634, 25.345455730925277, 54.84405447634257, 31.33096406781185, 28.287613809694808, 32.614462424572366, 24.899774865770716, 35.5265757865875, 41.63971651101039, 33.01694961411486, 52.92752457053747, 37.372947824087426, 55.04051476992639, 41.63882767885112, 30.076569780920508, 56.490356330883415, 43.54857362585336, 23.529720720120906, 42.97289320254362, 26.419495306867873, 28.420500808958316, 32.039070084393146]",7.323709135271957,0.6860365141791689
